case_id,affected_entity_id,entity_type,affected_field,value_pair_present,value_exact_match,value_normalized_id_match,value_str_similarity,value_token_overlap,value_numeric_diff,value_numeric_abs_diff,value_numeric_rel_diff,value_is_numeric_pair,value_date_diff_days,value_is_date_pair,entity_amount,fee_amount_context,tax_amount_context,refund_amount_context,adjustment_amount_context,diff_to_adjustment_ratio,primary_label,fine_label
EXC_000001,ORD_000002,ORD,order_id,1,0,1,0.9,1.0,,,,0,,0,6018.89,,,,,,FORMAT_MISMATCH,FORMAT_MISMATCH
EXC_000002,ORD_000008,ORD,order_id,1,0,1,0.7,1.0,,,,0,,0,22803.38,,,,,,FORMAT_MISMATCH,FORMAT_MISMATCH
EXC_000003,ORD_000010,ORD,order_id,1,0,1,0.631578947368421,0.0,,,,0,,0,3704.62,,,,,,FORMAT_MISMATCH,FORMAT_MISMATCH
EXC_000005,ORD_000020,ORD,order_id,1,0,1,0.6,1.0,,,,0,,0,24830.74,,,,,,FORMAT_MISMATCH,FORMAT_MISMATCH
EXC_000006,ORD_000027,ORD,order_id,1,0,1,0.9,1.0,,,,0,,0,77087.04,,,,,,FORMAT_MISMATCH,FORMAT_MISMATCH
EXC_000007,ORD_000028,ORD,order_id,1,0,1,0.9,1.0,,,,0,,0,122140.62,,,,,,FORMAT_MISMATCH,FORMAT_MISMATCH
EXC_000008,ORD_000042,ORD,order_id,1,0,1,0.631578947368421,0.0,,,,0,,0,13643.63,,,,,,FORMAT_MISMATCH,FORMAT_MISMATCH
EXC_000009,ORD_000045,ORD,order_id,1,0,1,0.6,1.0,,,,0,,0,1987.12,,,,,,FORMAT_MISMATCH,FORMAT_MISMATCH
EXC_000010,ORD_000047,ORD,order_id,1,0,1,0.9473684210526315,0.0,,,,0,,0,2147.36,,,,,,FORMAT_MISMATCH,FORMAT_MISMATCH
EXC_000011,ORD_000068,ORD,order_id,1,0,1,0.7,1.0,,,,0,,0,43402.76,,,,,,FORMAT_MISMATCH,FORMAT_MISMATCH
EXC_000012,ORD_000089,ORD,order_id,1,0,0,0.7777777777777778,0.3333333333333333,,,,0,,0,36760.54,,,,,,FORMAT_MISMATCH,FORMAT_MISMATCH
EXC_000014,ORD_000091,ORD,order_id,1,0,1,0.9,1.0,,,,0,,0,13034.28,,,,,,FORMAT_MISMATCH,FORMAT_MISMATCH
EXC_000016,ORD_000101,ORD,order_id,1,0,1,0.9,1.0,,,,0,,0,215452.66,,,,,,FORMAT_MISMATCH,FORMAT_MISMATCH
EXC_000017,ORD_000107,ORD,order_id,1,0,0,0.7777777777777778,0.3333333333333333,,,,0,,0,20393.94,,,,,,FORMAT_MISMATCH,FORMAT_MISMATCH
EXC_000018,ORD_000125,ORD,order_id,1,0,1,0.9473684210526315,0.0,,,,0,,0,40963.58,,,,,,FORMAT_MISMATCH,FORMAT_MISMATCH
EXC_000019,ORD_000127,ORD,order_id,1,0,1,0.9,1.0,,,,0,,0,12828.37,,,,,,FORMAT_MISMATCH,FORMAT_MISMATCH
EXC_000020,ORD_000132,ORD,order_id,1,0,0,0.7777777777777778,0.3333333333333333,,,,0,,0,49272.43,,,,,,FORMAT_MISMATCH,FORMAT_MISMATCH
EXC_000021,ORD_000135,ORD,order_id,1,0,1,0.9,1.0,,,,0,,0,2849.7,,,,,,FORMAT_MISMATCH,FORMAT_MISMATCH
EXC_000023,ORD_000140,ORD,order_id,1,0,1,0.7,1.0,,,,0,,0,137597.44,,,,,,FORMAT_MISMATCH,FORMAT_MISMATCH
EXC_000024,ORD_000155,ORD,order_id,1,0,1,0.9,1.0,,,,0,,0,15033.2,,,,,,FORMAT_MISMATCH,FORMAT_MISMATCH
EXC_000025,ORD_000161,ORD,order_id,1,0,1,0.9,1.0,,,,0,,0,4037.84,,,,,,FORMAT_MISMATCH,FORMAT_MISMATCH
EXC_000026,ORD_000166,ORD,order_id,1,0,1,0.9,1.0,,,,0,,0,2416.64,,,,,,FORMAT_MISMATCH,FORMAT_MISMATCH
EXC_000028,ORD_000177,ORD,order_id,1,0,1,0.9,1.0,,,,0,,0,3869.57,,,,,,FORMAT_MISMATCH,FORMAT_MISMATCH
EXC_000029,ORD_000184,ORD,order_id,1,0,1,0.631578947368421,0.0,,,,0,,0,52384.21,,,,,,FORMAT_MISMATCH,FORMAT_MISMATCH
EXC_000030,ORD_000198,ORD,order_id,1,0,1,0.7,1.0,,,,0,,0,32204.56,,,,,,FORMAT_MISMATCH,FORMAT_MISMATCH
EXC_000031,ORD_000208,ORD,order_id,1,0,1,0.9473684210526315,0.0,,,,0,,0,47086.72,,,,,,FORMAT_MISMATCH,FORMAT_MISMATCH
EXC_000032,ORD_000225,ORD,order_id,1,0,1,0.7,1.0,,,,0,,0,17248.53,,,,,,FORMAT_MISMATCH,FORMAT_MISMATCH
EXC_000033,ORD_000231,ORD,order_id,1,0,1,0.9473684210526315,0.0,,,,0,,0,11969.8,,,,,,FORMAT_MISMATCH,FORMAT_MISMATCH
EXC_000035,ORD_000253,ORD,order_id,1,0,1,0.9,1.0,,,,0,,0,7500.91,,,,,,FORMAT_MISMATCH,FORMAT_MISMATCH
EXC_000036,ORD_000257,ORD,order_id,1,0,0,0.8235294117647058,0.0,,,,0,,0,5288.76,,,,,,FORMAT_MISMATCH,FORMAT_MISMATCH
EXC_000037,ORD_000270,ORD,order_id,1,0,0,0.8571428571428571,0.0,,,,0,,0,3815.65,,,,,,FORMAT_MISMATCH,FORMAT_MISMATCH
EXC_000040,ORD_000277,ORD,order_id,1,0,1,0.9,1.0,,,,0,,0,1557.6,,,,,,FORMAT_MISMATCH,FORMAT_MISMATCH
EXC_000041,ORD_000288,ORD,order_id,1,0,1,0.9,1.0,,,,0,,0,64677.22,,,,,,FORMAT_MISMATCH,FORMAT_MISMATCH
EXC_000042,ORD_000291,ORD,order_id,1,0,1,0.9473684210526315,0.0,,,,0,,0,22638.6,,,,,,FORMAT_MISMATCH,FORMAT_MISMATCH
EXC_000043,ORD_000298,ORD,order_id,1,0,1,0.631578947368421,0.0,,,,0,,0,14158.23,,,,,,FORMAT_MISMATCH,FORMAT_MISMATCH
EXC_000045,ORD_000305,ORD,order_id,1,0,1,0.9473684210526315,0.0,,,,0,,0,5099.96,,,,,,FORMAT_MISMATCH,FORMAT_MISMATCH
EXC_000048,ORD_000325,ORD,order_id,1,0,1,0.9,1.0,,,,0,,0,26280.25,,,,,,FORMAT_MISMATCH,FORMAT_MISMATCH
EXC_000049,ORD_000334,ORD,order_id,1,0,1,0.9,1.0,,,,0,,0,2007.71,,,,,,FORMAT_MISMATCH,FORMAT_MISMATCH
EXC_000050,ORD_000343,ORD,order_id,1,0,1,0.9,1.0,,,,0,,0,93357.23,,,93357.23,,,FORMAT_MISMATCH,FORMAT_MISMATCH
EXC_000052,ORD_000359,ORD,order_id,1,0,1,0.7,1.0,,,,0,,0,45467.76,,,,,,FORMAT_MISMATCH,FORMAT_MISMATCH
EXC_000053,ORD_000369,ORD,order_id,1,0,1,0.9,1.0,,,,0,,0,791.78,,,,,,FORMAT_MISMATCH,FORMAT_MISMATCH
EXC_000054,ORD_000376,ORD,order_id,1,0,0,0.8235294117647058,0.0,,,,0,,0,23311.14,,,,,,FORMAT_MISMATCH,FORMAT_MISMATCH
EXC_000055,ORD_000387,ORD,order_id,1,0,1,0.9473684210526315,0.0,,,,0,,0,6766.36,,,,,,FORMAT_MISMATCH,FORMAT_MISMATCH
EXC_000056,ORD_000395,ORD,order_id,1,0,1,0.631578947368421,0.0,,,,0,,0,2158.22,,,,,,FORMAT_MISMATCH,FORMAT_MISMATCH
EXC_000057,ORD_000407,ORD,order_id,1,0,1,0.9,1.0,,,,0,,0,5719.93,,,,,,FORMAT_MISMATCH,FORMAT_MISMATCH
EXC_000059,ORD_000420,ORD,order_id,1,0,1,0.9,1.0,,,,0,,0,2411.92,,,,,,FORMAT_MISMATCH,FORMAT_MISMATCH
EXC_000060,ORD_000428,ORD,order_id,1,0,1,0.7,1.0,,,,0,,0,567.58,,,,,,FORMAT_MISMATCH,FORMAT_MISMATCH
EXC_000061,ORD_000431,ORD,order_id,1,0,1,0.9,1.0,,,,0,,0,82648.38,,,,,,FORMAT_MISMATCH,FORMAT_MISMATCH
EXC_000062,ORD_000436,ORD,order_id,1,0,1,0.9,1.0,,,,0,,0,108096.91,,,,,,FORMAT_MISMATCH,FORMAT_MISMATCH
EXC_000064,ORD_000466,ORD,order_id,1,0,1,0.9473684210526315,0.0,,,,0,,0,16387.9,,,,,,FORMAT_MISMATCH,FORMAT_MISMATCH
EXC_000066,ORD_000482,ORD,order_id,1,0,1,0.9473684210526315,0.0,,,,0,,0,17260.69,,,,,,FORMAT_MISMATCH,FORMAT_MISMATCH
EXC_000067,ORD_000494,ORD,order_id,1,0,1,0.9,1.0,,,,0,,0,32308.4,,,,,,FORMAT_MISMATCH,FORMAT_MISMATCH
EXC_000068,ORD_000500,ORD,order_id,1,0,1,0.631578947368421,0.0,,,,0,,0,5657.69,,,,,,FORMAT_MISMATCH,FORMAT_MISMATCH
EXC_000070,ORD_000505,ORD,order_id,1,0,1,0.9473684210526315,0.0,,,,0,,0,4763.25,,,,,,FORMAT_MISMATCH,FORMAT_MISMATCH
EXC_000072,ORD_000509,ORD,order_id,1,0,1,0.9,1.0,,,,0,,0,38293.36,,,,,,FORMAT_MISMATCH,FORMAT_MISMATCH
EXC_000073,ORD_000518,ORD,order_id,1,0,1,0.9473684210526315,0.0,,,,0,,0,2986.58,,,,,,FORMAT_MISMATCH,FORMAT_MISMATCH
EXC_000074,ORD_000519,ORD,order_id,1,0,0,0.8571428571428571,0.0,,,,0,,0,5955.87,,,,,,FORMAT_MISMATCH,FORMAT_MISMATCH
EXC_000075,ORD_000529,ORD,order_id,1,0,1,0.9473684210526315,0.0,,,,0,,0,45586.94,,,,,,FORMAT_MISMATCH,FORMAT_MISMATCH
EXC_000076,ORD_000531,ORD,order_id,1,0,1,0.9,1.0,,,,0,,0,17190.59,,,,,,FORMAT_MISMATCH,FORMAT_MISMATCH
EXC_000077,ORD_000540,ORD,order_id,1,0,1,0.9,1.0,,,,0,,0,5074.18,,,,,,FORMAT_MISMATCH,FORMAT_MISMATCH
EXC_000078,ORD_000543,ORD,order_id,1,0,0,0.8571428571428571,0.0,,,,0,,0,16049.36,,,,,,FORMAT_MISMATCH,FORMAT_MISMATCH
EXC_000079,ORD_000544,ORD,order_id,1,0,1,0.6,1.0,,,,0,,0,4340.04,,,,,,FORMAT_MISMATCH,FORMAT_MISMATCH
EXC_000080,ORD_000550,ORD,order_id,1,0,1,0.9473684210526315,0.0,,,,0,,0,527.82,,,,,,FORMAT_MISMATCH,FORMAT_MISMATCH
EXC_000081,ORD_000553,ORD,order_id,1,0,1,0.9473684210526315,0.0,,,,0,,0,7464.09,,,,,,FORMAT_MISMATCH,FORMAT_MISMATCH
EXC_000082,ORD_000557,ORD,order_id,1,0,1,0.9473684210526315,0.0,,,,0,,0,34835.19,,,,,,FORMAT_MISMATCH,FORMAT_MISMATCH
EXC_000083,ORD_000567,ORD,order_id,1,0,1,0.6,1.0,,,,0,,0,16915.01,,,,,,FORMAT_MISMATCH,FORMAT_MISMATCH
EXC_000084,ORD_000584,ORD,order_id,1,0,1,0.9,1.0,,,,0,,0,11140.38,,,11140.38,,,FORMAT_MISMATCH,FORMAT_MISMATCH
EXC_000085,ORD_000590,ORD,order_id,1,0,1,0.9,1.0,,,,0,,0,7449.34,,,,,,FORMAT_MISMATCH,FORMAT_MISMATCH
EXC_000086,ORD_000599,ORD,order_id,1,0,1,0.9473684210526315,0.0,,,,0,,0,26900.22,,,,,,FORMAT_MISMATCH,FORMAT_MISMATCH
EXC_000087,ORD_000601,ORD,order_id,1,1,1,1.0,1.0,,,,0,,0,7368.16,,,,,,FORMAT_MISMATCH,FORMAT_MISMATCH
EXC_000088,ORD_000609,ORD,order_id,1,0,1,0.9,1.0,,,,0,,0,46209.74,,,,,,FORMAT_MISMATCH,FORMAT_MISMATCH
EXC_000089,ORD_000622,ORD,order_id,1,0,0,0.8181818181818182,0.3333333333333333,,,,0,,0,16942.44,,,,,,FORMAT_MISMATCH,FORMAT_MISMATCH
EXC_000090,ORD_000624,ORD,order_id,1,0,1,0.9,1.0,,,,0,,0,3870.64,,,,,,FORMAT_MISMATCH,FORMAT_MISMATCH
EXC_000091,ORD_000634,ORD,order_id,1,0,1,0.9,1.0,,,,0,,0,6692.38,,,,,,FORMAT_MISMATCH,FORMAT_MISMATCH
EXC_000092,ORD_000638,ORD,order_id,1,0,1,0.9,1.0,,,,0,,0,2683.67,,,,,,FORMAT_MISMATCH,FORMAT_MISMATCH
EXC_000093,ORD_000644,ORD,order_id,1,0,1,0.9473684210526315,0.0,,,,0,,0,55666.62,,,55666.62,,,FORMAT_MISMATCH,FORMAT_MISMATCH
EXC_000094,ORD_000652,ORD,order_id,1,0,1,0.9,1.0,,,,0,,0,57765.25,,,,,,FORMAT_MISMATCH,FORMAT_MISMATCH
EXC_000095,ORD_000657,ORD,order_id,1,0,1,0.9,1.0,,,,0,,0,1320.95,,,,,,FORMAT_MISMATCH,FORMAT_MISMATCH
EXC_000096,ORD_000659,ORD,order_id,1,0,1,0.9,1.0,,,,0,,0,12788.37,,,,,,FORMAT_MISMATCH,FORMAT_MISMATCH
EXC_000097,ORD_000660,ORD,order_id,1,0,1,0.9473684210526315,0.0,,,,0,,0,19790.14,,,,,,FORMAT_MISMATCH,FORMAT_MISMATCH
EXC_000098,ORD_000664,ORD,order_id,1,0,1,0.9,1.0,,,,0,,0,1876.2,,,,,,FORMAT_MISMATCH,FORMAT_MISMATCH
EXC_000099,ORD_000684,ORD,order_id,1,0,0,0.7777777777777778,0.3333333333333333,,,,0,,0,4512.32,,,,,,FORMAT_MISMATCH,FORMAT_MISMATCH
EXC_000100,ORD_000685,ORD,order_id,1,0,1,0.9473684210526315,0.0,,,,0,,0,492.95,,,,,,FORMAT_MISMATCH,FORMAT_MISMATCH
EXC_000101,ORD_000704,ORD,order_id,1,0,0,0.8181818181818182,0.3333333333333333,,,,0,,0,10549.73,,,,,,FORMAT_MISMATCH,FORMAT_MISMATCH
EXC_000102,ORD_000710,ORD,order_id,1,0,1,0.6,1.0,,,,0,,0,1790.06,,,,,,FORMAT_MISMATCH,FORMAT_MISMATCH
EXC_000103,ORD_000716,ORD,order_id,1,0,0,0.8181818181818182,0.3333333333333333,,,,0,,0,39226.03,,,,,,FORMAT_MISMATCH,FORMAT_MISMATCH
EXC_000105,ORD_000721,ORD,order_id,1,0,1,0.7,1.0,,,,0,,0,9691.46,,,,,,FORMAT_MISMATCH,FORMAT_MISMATCH
EXC_000106,ORD_000729,ORD,order_id,1,0,1,0.9473684210526315,0.0,,,,0,,0,788.36,,,,,,FORMAT_MISMATCH,FORMAT_MISMATCH
EXC_000109,ORD_000776,ORD,order_id,1,0,1,0.7,1.0,,,,0,,0,19606.3,,,,,,FORMAT_MISMATCH,FORMAT_MISMATCH
EXC_000111,ORD_000806,ORD,order_id,1,0,1,0.9,1.0,,,,0,,0,3216.15,,,,,,FORMAT_MISMATCH,FORMAT_MISMATCH
EXC_000112,ORD_000818,ORD,order_id,1,0,1,0.9,1.0,,,,0,,0,833.55,,,,,,FORMAT_MISMATCH,FORMAT_MISMATCH
EXC_000114,ORD_000852,ORD,order_id,1,0,1,0.9473684210526315,0.0,,,,0,,0,2985.93,,,,,,FORMAT_MISMATCH,FORMAT_MISMATCH
EXC_000117,ORD_000865,ORD,order_id,1,0,1,0.9,1.0,,,,0,,0,16965.57,,,,,,FORMAT_MISMATCH,FORMAT_MISMATCH
EXC_000118,ORD_000869,ORD,order_id,1,0,1,0.631578947368421,0.0,,,,0,,0,19798.04,,,,,,FORMAT_MISMATCH,FORMAT_MISMATCH
EXC_000119,ORD_000874,ORD,order_id,1,0,1,0.9,1.0,,,,0,,0,67364.49,,,,,,FORMAT_MISMATCH,FORMAT_MISMATCH
EXC_000120,ORD_000879,ORD,order_id,1,0,0,0.8181818181818182,0.3333333333333333,,,,0,,0,1699.2,,,,,,FORMAT_MISMATCH,FORMAT_MISMATCH
EXC_000121,ORD_000883,ORD,order_id,1,0,1,0.9,1.0,,,,0,,0,5751.85,,,,,,FORMAT_MISMATCH,FORMAT_MISMATCH
EXC_000123,ORD_000930,ORD,order_id,1,0,0,0.8888888888888888,0.3333333333333333,,,,0,,0,1902.16,,,,,,FORMAT_MISMATCH,FORMAT_MISMATCH
EXC_000124,ORD_000934,ORD,order_id,1,0,1,0.9,1.0,,,,0,,0,156181.26,,,,,,FORMAT_MISMATCH,FORMAT_MISMATCH
EXC_000127,ORD_000957,ORD,order_id,1,0,1,0.9,1.0,,,,0,,0,64938.23,,,,,,FORMAT_MISMATCH,FORMAT_MISMATCH
EXC_000128,ORD_000965,ORD,order_id,1,0,1,0.9,1.0,,,,0,,0,69418.22,,,,,,FORMAT_MISMATCH,FORMAT_MISMATCH
EXC_000129,ORD_000967,ORD,order_id,1,0,1,0.9,1.0,,,,0,,0,9086.0,,,,,,FORMAT_MISMATCH,FORMAT_MISMATCH
EXC_000131,ORD_000977,ORD,order_id,1,0,1,0.9473684210526315,0.0,,,,0,,0,1471.46,,,,,,FORMAT_MISMATCH,FORMAT_MISMATCH
EXC_000133,ORD_000983,ORD,order_id,1,0,1,0.9,1.0,,,,0,,0,1568.22,,,,,,FORMAT_MISMATCH,FORMAT_MISMATCH
EXC_000135,ORD_000996,ORD,order_id,1,0,1,0.6,1.0,,,,0,,0,17078.14,,,,,,FORMAT_MISMATCH,FORMAT_MISMATCH
EXC_000136,ORD_001001,ORD,order_id,1,0,1,0.9,1.0,,,,0,,0,1920.1,,,,,,FORMAT_MISMATCH,FORMAT_MISMATCH
EXC_000137,ORD_001008,ORD,order_id,1,0,1,0.9,1.0,,,,0,,0,6947.96,,,,,,FORMAT_MISMATCH,FORMAT_MISMATCH
EXC_000140,ORD_001019,ORD,order_id,1,0,1,0.6,1.0,,,,0,,0,3097.32,,,,,,FORMAT_MISMATCH,FORMAT_MISMATCH
EXC_000141,ORD_001025,ORD,order_id,1,0,0,0.8888888888888888,0.3333333333333333,,,,0,,0,2573.82,,,,,,FORMAT_MISMATCH,FORMAT_MISMATCH
EXC_000144,ORD_001030,ORD,order_id,1,0,1,0.9,1.0,,,,0,,0,105724.87,,,,,,FORMAT_MISMATCH,FORMAT_MISMATCH
EXC_000145,ORD_001034,ORD,order_id,1,0,1,0.9,1.0,,,,0,,0,20807.24,,,,,,FORMAT_MISMATCH,FORMAT_MISMATCH
EXC_000146,ORD_001035,ORD,order_id,1,0,1,0.9473684210526315,0.0,,,,0,,0,23607.56,,,,,,FORMAT_MISMATCH,FORMAT_MISMATCH
EXC_000147,ORD_001040,ORD,order_id,1,0,1,0.9,1.0,,,,0,,0,4158.91,,,,,,FORMAT_MISMATCH,FORMAT_MISMATCH
EXC_000148,ORD_001047,ORD,order_id,1,0,1,0.9,1.0,,,,0,,0,1924.58,,,,,,FORMAT_MISMATCH,FORMAT_MISMATCH
EXC_000149,ORD_001050,ORD,order_id,1,0,1,0.9,1.0,,,,0,,0,5318.86,,,,,,FORMAT_MISMATCH,FORMAT_MISMATCH
EXC_000151,ORD_001062,ORD,order_id,1,0,1,0.6,1.0,,,,0,,0,2652.29,,,,,,FORMAT_MISMATCH,FORMAT_MISMATCH
EXC_000152,ORD_001063,ORD,order_id,1,0,1,0.9473684210526315,0.0,,,,0,,0,38594.14,,,,,,FORMAT_MISMATCH,FORMAT_MISMATCH
EXC_000154,ORD_001074,ORD,order_id,1,0,1,0.7,1.0,,,,0,,0,5869.79,,,,,,FORMAT_MISMATCH,FORMAT_MISMATCH
EXC_000155,ORD_001086,ORD,order_id,1,0,1,0.9,1.0,,,,0,,0,1252.16,,,,,,FORMAT_MISMATCH,FORMAT_MISMATCH
EXC_000156,ORD_001092,ORD,order_id,1,0,1,0.9473684210526315,0.0,,,,0,,0,13376.24,,,,,,FORMAT_MISMATCH,FORMAT_MISMATCH
EXC_000157,ORD_001094,ORD,order_id,1,0,1,0.9,1.0,,,,0,,0,27514.06,,,,,,FORMAT_MISMATCH,FORMAT_MISMATCH
EXC_000158,ORD_001095,ORD,order_id,1,0,1,0.9,1.0,,,,0,,0,56258.86,,,,,,FORMAT_MISMATCH,FORMAT_MISMATCH
EXC_000159,ORD_001102,ORD,order_id,1,0,1,0.9,1.0,,,,0,,0,10149.53,,,,,,FORMAT_MISMATCH,FORMAT_MISMATCH
EXC_000160,ORD_001115,ORD,order_id,1,0,1,0.9,1.0,,,,0,,0,4376.38,,,,,,FORMAT_MISMATCH,FORMAT_MISMATCH
EXC_000163,ORD_001138,ORD,order_id,1,0,1,0.9,1.0,,,,0,,0,1279.71,,,,,,FORMAT_MISMATCH,FORMAT_MISMATCH
EXC_000164,ORD_001140,ORD,order_id,1,0,1,0.631578947368421,0.0,,,,0,,0,95521.0,,,,,,FORMAT_MISMATCH,FORMAT_MISMATCH
EXC_000166,ORD_001150,ORD,order_id,1,0,1,0.9,1.0,,,,0,,0,14096.28,,,,,,FORMAT_MISMATCH,FORMAT_MISMATCH
EXC_000168,ORD_001166,ORD,order_id,1,0,1,0.9,1.0,,,,0,,0,3505.37,,,,,,FORMAT_MISMATCH,FORMAT_MISMATCH
EXC_000172,ORD_001183,ORD,order_id,1,0,1,0.9473684210526315,0.0,,,,0,,0,2301.89,,,,,,FORMAT_MISMATCH,FORMAT_MISMATCH
EXC_000173,ORD_001185,ORD,order_id,1,0,1,0.9,1.0,,,,0,,0,1051.38,,,,,,FORMAT_MISMATCH,FORMAT_MISMATCH
EXC_000176,ORD_001194,ORD,order_id,1,0,1,0.9473684210526315,0.0,,,,0,,0,19682.52,,,,,,FORMAT_MISMATCH,FORMAT_MISMATCH
EXC_000177,ORD_001200,ORD,order_id,1,0,1,0.9473684210526315,0.0,,,,0,,0,5283.27,,,,,,FORMAT_MISMATCH,FORMAT_MISMATCH
EXC_000178,ORD_001211,ORD,order_id,1,0,1,0.9,1.0,,,,0,,0,29190.84,,,,,,FORMAT_MISMATCH,FORMAT_MISMATCH
EXC_000179,ORD_001219,ORD,order_id,1,0,1,0.9473684210526315,0.0,,,,0,,0,117842.94,,,,,,FORMAT_MISMATCH,FORMAT_MISMATCH
EXC_000181,ORD_001241,ORD,order_id,1,0,1,0.9473684210526315,0.0,,,,0,,0,8026.36,,,,,,FORMAT_MISMATCH,FORMAT_MISMATCH
EXC_000182,ORD_001245,ORD,order_id,1,0,1,0.631578947368421,0.0,,,,0,,0,17375.98,,,,,,FORMAT_MISMATCH,FORMAT_MISMATCH
EXC_000183,ORD_001247,ORD,order_id,1,0,1,0.9473684210526315,0.0,,,,0,,0,25361.74,,,,,,FORMAT_MISMATCH,FORMAT_MISMATCH
EXC_000184,ORD_001262,ORD,order_id,1,0,1,0.7,1.0,,,,0,,0,10076.14,,,,,,FORMAT_MISMATCH,FORMAT_MISMATCH
EXC_000185,ORD_001263,ORD,order_id,1,0,1,0.9,1.0,,,,0,,0,4759.88,,,,,,FORMAT_MISMATCH,FORMAT_MISMATCH
EXC_000189,ORD_001316,ORD,order_id,1,0,1,0.9473684210526315,0.0,,,,0,,0,15138.22,,,,,,FORMAT_MISMATCH,FORMAT_MISMATCH
EXC_000190,ORD_001317,ORD,order_id,1,0,1,0.9473684210526315,0.0,,,,0,,0,72439.02,,,,,,FORMAT_MISMATCH,FORMAT_MISMATCH
EXC_000191,ORD_001319,ORD,order_id,1,0,1,0.9473684210526315,0.0,,,,0,,0,9090.72,,,5818.06,,,FORMAT_MISMATCH,FORMAT_MISMATCH
EXC_000192,ORD_001323,ORD,order_id,1,0,1,0.9473684210526315,0.0,,,,0,,0,15992.3,,,,,,FORMAT_MISMATCH,FORMAT_MISMATCH
EXC_000194,ORD_001356,ORD,order_id,1,0,1,0.9473684210526315,0.0,,,,0,,0,19271.76,,,,,,FORMAT_MISMATCH,FORMAT_MISMATCH
EXC_000195,ORD_001361,ORD,order_id,1,0,1,0.9473684210526315,0.0,,,,0,,0,8879.26,,,,,,FORMAT_MISMATCH,FORMAT_MISMATCH
EXC_000197,ORD_001374,ORD,order_id,1,0,1,0.9,1.0,,,,0,,0,24968.68,,,,,,FORMAT_MISMATCH,FORMAT_MISMATCH
EXC_000198,ORD_001375,ORD,order_id,1,0,1,0.9,1.0,,,,0,,0,5641.99,,,,,,FORMAT_MISMATCH,FORMAT_MISMATCH
EXC_000199,ORD_001380,ORD,order_id,1,0,1,0.631578947368421,0.0,,,,0,,0,7339.31,,,,,,FORMAT_MISMATCH,FORMAT_MISMATCH
EXC_000200,ORD_001385,ORD,order_id,1,0,1,0.9473684210526315,0.0,,,,0,,0,18078.37,,,,,,FORMAT_MISMATCH,FORMAT_MISMATCH
EXC_000202,ORD_001392,ORD,order_id,1,0,0,0.8181818181818182,0.3333333333333333,,,,0,,0,892.32,,,892.32,,,FORMAT_MISMATCH,FORMAT_MISMATCH
EXC_000203,ORD_001393,ORD,order_id,1,0,1,0.9,1.0,,,,0,,0,3609.8,,,,,,FORMAT_MISMATCH,FORMAT_MISMATCH
EXC_000204,ORD_001399,ORD,order_id,1,0,1,0.7,1.0,,,,0,,0,3084.52,,,,,,FORMAT_MISMATCH,FORMAT_MISMATCH
EXC_000205,ORD_001402,ORD,order_id,1,0,0,0.8181818181818182,0.3333333333333333,,,,0,,0,28697.36,,,,,,FORMAT_MISMATCH,FORMAT_MISMATCH
EXC_000206,ORD_001406,ORD,order_id,1,0,1,0.7,1.0,,,,0,,0,5140.08,,,,,,FORMAT_MISMATCH,FORMAT_MISMATCH
EXC_000207,ORD_001409,ORD,order_id,1,0,1,0.9,1.0,,,,0,,0,4596.1,,,,,,FORMAT_MISMATCH,FORMAT_MISMATCH
EXC_000209,ORD_001418,ORD,order_id,1,0,1,0.9,1.0,,,,0,,0,7402.14,,,,,,FORMAT_MISMATCH,FORMAT_MISMATCH
EXC_000211,ORD_001430,ORD,order_id,1,0,1,0.9,1.0,,,,0,,0,11158.08,,,,,,FORMAT_MISMATCH,FORMAT_MISMATCH
EXC_000213,ORD_001447,ORD,order_id,1,0,1,0.9473684210526315,0.0,,,,0,,0,53718.32,,,,,,FORMAT_MISMATCH,FORMAT_MISMATCH
EXC_000214,ORD_001451,ORD,order_id,1,0,1,0.9,1.0,,,,0,,0,4048.58,,,,,,FORMAT_MISMATCH,FORMAT_MISMATCH
EXC_000215,ORD_001453,ORD,order_id,1,0,1,0.9473684210526315,0.0,,,,0,,0,4094.01,,,,,,FORMAT_MISMATCH,FORMAT_MISMATCH
EXC_000217,ORD_001478,ORD,order_id,1,0,1,0.9,1.0,,,,0,,0,83051.23,,,,,,FORMAT_MISMATCH,FORMAT_MISMATCH
EXC_000218,ORD_001483,ORD,order_id,1,0,1,0.9,1.0,,,,0,,0,54729.11,,,,,,FORMAT_MISMATCH,FORMAT_MISMATCH
EXC_000219,ORD_001490,ORD,order_id,1,0,1,0.7,1.0,,,,0,,0,40843.34,,,,,,FORMAT_MISMATCH,FORMAT_MISMATCH
EXC_000220,ORD_001497,ORD,order_id,1,0,1,0.9,1.0,,,,0,,0,311.52,,,90.34,,,FORMAT_MISMATCH,FORMAT_MISMATCH
EXC_000222,ORD_001506,ORD,order_id,1,0,1,0.9,1.0,,,,0,,0,2493.58,,,,,,FORMAT_MISMATCH,FORMAT_MISMATCH
EXC_000223,ORD_001507,ORD,order_id,1,0,1,0.9,1.0,,,,0,,0,171.1,,,,,,FORMAT_MISMATCH,FORMAT_MISMATCH
EXC_000224,ORD_001522,ORD,order_id,1,0,1,0.9,1.0,,,,0,,0,72049.62,,,,,,FORMAT_MISMATCH,FORMAT_MISMATCH
EXC_000225,ORD_001534,ORD,order_id,1,0,1,0.6,1.0,,,,0,,0,40228.56,,,,,,FORMAT_MISMATCH,FORMAT_MISMATCH
EXC_000226,ORD_001539,ORD,order_id,1,0,1,0.631578947368421,0.0,,,,0,,0,3825.56,,,,,,FORMAT_MISMATCH,FORMAT_MISMATCH
EXC_000229,ORD_001555,ORD,order_id,1,0,0,0.8571428571428571,0.0,,,,0,,0,43504.24,,,,,,FORMAT_MISMATCH,FORMAT_MISMATCH
EXC_000230,ORD_001557,ORD,order_id,1,0,1,0.9,1.0,,,,0,,0,2689.22,,,,,,FORMAT_MISMATCH,FORMAT_MISMATCH
EXC_000233,ORD_001583,ORD,order_id,1,0,1,0.9,1.0,,,,0,,0,21406.73,,,,,,FORMAT_MISMATCH,FORMAT_MISMATCH
EXC_000234,ORD_001584,ORD,order_id,1,0,1,0.7,1.0,,,,0,,0,10414.68,,,,,,FORMAT_MISMATCH,FORMAT_MISMATCH
EXC_000235,ORD_001596,ORD,order_id,1,0,1,0.9,1.0,,,,0,,0,2880.14,,,,,,FORMAT_MISMATCH,FORMAT_MISMATCH
EXC_000237,ORD_001610,ORD,order_id,1,0,1,0.9473684210526315,0.0,,,,0,,0,35239.76,,,,,,FORMAT_MISMATCH,FORMAT_MISMATCH
EXC_000239,ORD_001626,ORD,order_id,1,0,1,0.9473684210526315,0.0,,,,0,,0,6614.49,,,,,,FORMAT_MISMATCH,FORMAT_MISMATCH
EXC_000240,ORD_001636,ORD,order_id,1,0,1,0.7,1.0,,,,0,,0,19027.5,,,2283.3,,,FORMAT_MISMATCH,FORMAT_MISMATCH
EXC_000242,ORD_001658,ORD,order_id,1,0,1,0.9,1.0,,,,0,,0,13894.8,,,,,,FORMAT_MISMATCH,FORMAT_MISMATCH
EXC_000244,ORD_001680,ORD,order_id,1,0,1,0.9,1.0,,,,0,,0,86353.34,,,,,,FORMAT_MISMATCH,FORMAT_MISMATCH
EXC_000245,ORD_001686,ORD,order_id,1,0,1,0.6,1.0,,,,0,,0,6497.08,,,,,,FORMAT_MISMATCH,FORMAT_MISMATCH
EXC_000246,ORD_001696,ORD,order_id,1,0,1,0.9,1.0,,,,0,,0,2112.32,,,,,,FORMAT_MISMATCH,FORMAT_MISMATCH
EXC_000247,ORD_001697,ORD,order_id,1,0,1,0.9,1.0,,,,0,,0,58955.16,,,,,,FORMAT_MISMATCH,FORMAT_MISMATCH
EXC_000249,ORD_001734,ORD,order_id,1,0,1,0.631578947368421,0.0,,,,0,,0,54577.07,,,,,,FORMAT_MISMATCH,FORMAT_MISMATCH
EXC_000251,ORD_001738,ORD,order_id,1,0,1,0.9473684210526315,0.0,,,,0,,0,1367.86,,,,,,FORMAT_MISMATCH,FORMAT_MISMATCH
EXC_000254,ORD_001749,ORD,order_id,1,0,0,0.8888888888888888,0.3333333333333333,,,,0,,0,1829.0,,,,,,FORMAT_MISMATCH,FORMAT_MISMATCH
EXC_000256,ORD_001796,ORD,order_id,1,0,1,0.6,1.0,,,,0,,0,600.62,,,600.62,,,FORMAT_MISMATCH,FORMAT_MISMATCH
EXC_000257,ORD_001803,ORD,order_id,1,0,1,0.9,1.0,,,,0,,0,14360.13,,,,,,FORMAT_MISMATCH,FORMAT_MISMATCH
EXC_000258,ORD_001806,ORD,order_id,1,0,1,0.9,1.0,,,,0,,0,26733.73,,,,,,FORMAT_MISMATCH,FORMAT_MISMATCH
EXC_000260,ORD_001820,ORD,order_id,1,0,1,0.6,1.0,,,,0,,0,14280.42,,,,,,FORMAT_MISMATCH,FORMAT_MISMATCH
EXC_000261,ORD_001837,ORD,order_id,1,0,1,0.9,1.0,,,,0,,0,26620.62,,,,,,FORMAT_MISMATCH,FORMAT_MISMATCH
EXC_000263,ORD_001849,ORD,order_id,1,0,1,0.9,1.0,,,,0,,0,7184.78,,,,,,FORMAT_MISMATCH,FORMAT_MISMATCH
EXC_000264,ORD_001863,ORD,order_id,1,0,1,0.6,1.0,,,,0,,0,16686.38,,,8676.92,,,FORMAT_MISMATCH,FORMAT_MISMATCH
EXC_000265,ORD_001866,ORD,order_id,1,0,0,0.8181818181818182,0.3333333333333333,,,,0,,0,81363.36,,,,,,FORMAT_MISMATCH,FORMAT_MISMATCH
EXC_000266,ORD_001875,ORD,order_id,1,0,1,0.6,1.0,,,,0,,0,104586.94,,,,,,FORMAT_MISMATCH,FORMAT_MISMATCH
EXC_000267,ORD_001878,ORD,order_id,1,0,1,0.9,1.0,,,,0,,0,6274.3,,,,,,FORMAT_MISMATCH,FORMAT_MISMATCH
EXC_000269,ORD_001886,ORD,order_id,1,0,1,0.9,1.0,,,,0,,0,87820.26,,,,,,FORMAT_MISMATCH,FORMAT_MISMATCH
EXC_000271,ORD_001904,ORD,order_id,1,0,1,0.9,1.0,,,,0,,0,10257.15,,,,,,FORMAT_MISMATCH,FORMAT_MISMATCH
EXC_000272,ORD_001907,ORD,order_id,1,0,1,0.9,1.0,,,,0,,0,10079.56,,,,,,FORMAT_MISMATCH,FORMAT_MISMATCH
EXC_000273,ORD_001909,ORD,order_id,1,0,1,0.9,1.0,,,,0,,0,29241.58,,,,,,FORMAT_MISMATCH,FORMAT_MISMATCH
EXC_000275,ORD_001916,ORD,order_id,1,0,1,0.9,1.0,,,,0,,0,10561.0,,,,,,FORMAT_MISMATCH,FORMAT_MISMATCH
EXC_000277,ORD_001925,ORD,order_id,1,0,1,0.6,1.0,,,,0,,0,8097.75,,,8097.75,,,FORMAT_MISMATCH,FORMAT_MISMATCH
EXC_000278,ORD_001933,ORD,order_id,1,0,1,0.9473684210526315,0.0,,,,0,,0,2284.83,,,,,,FORMAT_MISMATCH,FORMAT_MISMATCH
EXC_000280,ORD_001938,ORD,order_id,1,0,0,0.7777777777777778,0.3333333333333333,,,,0,,0,4089.76,,,,,,FORMAT_MISMATCH,FORMAT_MISMATCH
EXC_000281,ORD_001940,ORD,order_id,1,0,1,0.9,1.0,,,,0,,0,73184.78,,,,,,FORMAT_MISMATCH,FORMAT_MISMATCH
EXC_000282,ORD_001962,ORD,order_id,1,0,1,0.9,1.0,,,,0,,0,1272.04,,,,,,FORMAT_MISMATCH,FORMAT_MISMATCH
EXC_000284,ORD_001974,ORD,order_id,1,1,1,1.0,1.0,,,,0,,0,377.78,,,,,,FORMAT_MISMATCH,FORMAT_MISMATCH
EXC_000285,ORD_001979,ORD,order_id,1,0,1,0.9,1.0,,,,0,,0,3679.0,,,,,,FORMAT_MISMATCH,FORMAT_MISMATCH
EXC_000286,ORD_001981,ORD,order_id,1,0,1,0.9473684210526315,0.0,,,,0,,0,3602.54,,,,,,FORMAT_MISMATCH,FORMAT_MISMATCH
EXC_000287,ORD_001982,ORD,order_id,1,0,0,0.8235294117647058,0.0,,,,0,,0,16665.14,,,,,,FORMAT_MISMATCH,FORMAT_MISMATCH
EXC_000288,ORD_001985,ORD,order_id,1,0,1,0.9,1.0,,,,0,,0,6290.58,,,,,,FORMAT_MISMATCH,FORMAT_MISMATCH
EXC_000289,ORD_001991,ORD,order_id,1,0,0,0.8571428571428571,0.0,,,,0,,0,286.98,,,286.98,,,FORMAT_MISMATCH,FORMAT_MISMATCH
EXC_000290,INV_000001,INV,invoice_id,1,0,1,0.9,1.0,,,,0,,0,4593.74,,,,,,FORMAT_MISMATCH,FORMAT_MISMATCH
EXC_000291,INV_000005,INV,invoice_id,1,0,1,0.7,1.0,,,,0,,0,31280.38,,,,,,FORMAT_MISMATCH,FORMAT_MISMATCH
EXC_000292,INV_000018,INV,invoice_id,1,0,1,0.9,1.0,,,,0,,0,133276.28,,,,,,FORMAT_MISMATCH,FORMAT_MISMATCH
EXC_000293,INV_000030,INV,invoice_id,1,0,1,0.9473684210526315,0.0,,,,0,,0,4791.74,,,,,,FORMAT_MISMATCH,FORMAT_MISMATCH
EXC_000294,INV_000036,INV,invoice_id,1,0,1,0.6,1.0,,,,0,,0,62147.06,,,,,,FORMAT_MISMATCH,FORMAT_MISMATCH
EXC_000296,INV_000054,INV,invoice_id,1,0,1,0.7,1.0,,,,0,,0,29267.54,,,,,,FORMAT_MISMATCH,FORMAT_MISMATCH
EXC_000297,INV_000069,INV,invoice_id,1,0,1,0.9,1.0,,,,0,,0,22843.74,,,,,,FORMAT_MISMATCH,FORMAT_MISMATCH
EXC_000298,INV_000078,INV,invoice_id,1,0,1,0.9,1.0,,,,0,,0,19491.95,,,,,,FORMAT_MISMATCH,FORMAT_MISMATCH
EXC_000303,INV_000123,INV,invoice_id,1,0,1,0.9,1.0,,,,0,,0,10703.31,,,,,,FORMAT_MISMATCH,FORMAT_MISMATCH
EXC_000305,INV_000132,INV,invoice_id,1,0,1,0.6,1.0,,,,0,,0,2339.53,,,,,,FORMAT_MISMATCH,FORMAT_MISMATCH
EXC_000306,INV_000133,INV,invoice_id,1,0,1,0.9,1.0,,,,0,,0,16392.56,,,,,,FORMAT_MISMATCH,FORMAT_MISMATCH
EXC_000307,INV_000134,INV,invoice_id,1,0,1,0.9,1.0,,,,0,,0,22870.17,,,,,,FORMAT_MISMATCH,FORMAT_MISMATCH
EXC_000311,INV_000161,INV,invoice_id,1,0,1,0.9,1.0,,,,0,,0,33720.62,,,,,,FORMAT_MISMATCH,FORMAT_MISMATCH
EXC_000313,INV_000168,INV,invoice_id,1,0,1,0.9,1.0,,,,0,,0,4821.42,,,,,,FORMAT_MISMATCH,FORMAT_MISMATCH
EXC_000314,INV_000169,INV,invoice_id,1,0,1,0.9473684210526315,0.0,,,,0,,0,3174.5,,,,,,FORMAT_MISMATCH,FORMAT_MISMATCH
EXC_000317,INV_000189,INV,invoice_id,1,0,1,0.9,1.0,,,,0,,0,7723.69,,,,,,FORMAT_MISMATCH,FORMAT_MISMATCH
EXC_000318,INV_000194,INV,invoice_id,1,0,1,0.9,1.0,,,,0,,0,132098.64,,,,,,FORMAT_MISMATCH,FORMAT_MISMATCH
EXC_000319,INV_000202,INV,invoice_id,1,0,1,0.9473684210526315,0.0,,,,0,,0,2705.5,,,,,,FORMAT_MISMATCH,FORMAT_MISMATCH
EXC_000323,INV_000222,INV,invoice_id,1,0,1,0.7,1.0,,,,0,,0,82069.47,,,,,,FORMAT_MISMATCH,FORMAT_MISMATCH
EXC_000325,INV_000231,INV,invoice_id,1,0,1,0.7,1.0,,,,0,,0,30977.48,,,,,,FORMAT_MISMATCH,FORMAT_MISMATCH
EXC_000326,INV_000233,INV,invoice_id,1,0,1,0.9,1.0,,,,0,,0,17947.32,,,,,,FORMAT_MISMATCH,FORMAT_MISMATCH
EXC_000328,INV_000246,INV,invoice_id,1,0,1,0.9,1.0,,,,0,,0,7282.96,,,,,,FORMAT_MISMATCH,FORMAT_MISMATCH
EXC_000329,INV_000249,INV,invoice_id,1,0,1,0.9473684210526315,0.0,,,,0,,0,1557.6,,,,,,FORMAT_MISMATCH,FORMAT_MISMATCH
EXC_000330,INV_000253,INV,invoice_id,1,0,1,0.9,1.0,,,,0,,0,17784.19,,,,,,FORMAT_MISMATCH,FORMAT_MISMATCH
EXC_000332,INV_000270,INV,invoice_id,1,0,1,0.9473684210526315,0.0,,,,0,,0,42635.76,,,,,,FORMAT_MISMATCH,FORMAT_MISMATCH
EXC_000334,INV_000306,INV,invoice_id,1,0,1,0.7,1.0,,,,0,,0,60226.85,,,,,,FORMAT_MISMATCH,FORMAT_MISMATCH
EXC_000335,INV_000319,INV,invoice_id,1,0,1,0.9,1.0,,,,0,,0,37532.26,,,,,,FORMAT_MISMATCH,FORMAT_MISMATCH
EXC_000336,INV_000324,INV,invoice_id,1,0,0,0.75,0.3333333333333333,,,,0,,0,7000.94,,,,,,FORMAT_MISMATCH,FORMAT_MISMATCH
EXC_000337,INV_000331,INV,invoice_id,1,0,1,0.9,1.0,,,,0,,0,4242.1,,,,,,FORMAT_MISMATCH,FORMAT_MISMATCH
EXC_000338,INV_000343,INV,invoice_id,1,0,1,0.9,1.0,,,,0,,0,27418.72,,,,,,FORMAT_MISMATCH,FORMAT_MISMATCH
EXC_000340,INV_000347,INV,invoice_id,1,0,0,0.782608695652174,0.0,,,,0,,0,12838.4,,,,,,FORMAT_MISMATCH,FORMAT_MISMATCH
EXC_000341,INV_000349,INV,invoice_id,1,0,1,0.9473684210526315,0.0,,,,0,,0,8459.89,,,,,,FORMAT_MISMATCH,FORMAT_MISMATCH
EXC_000342,INV_000360,INV,invoice_id,1,0,1,0.9473684210526315,0.0,,,,0,,0,125453.18,,,,,,FORMAT_MISMATCH,FORMAT_MISMATCH
EXC_000343,INV_000376,INV,invoice_id,1,0,1,0.9473684210526315,0.0,,,,0,,0,2673.59,,,,,,FORMAT_MISMATCH,FORMAT_MISMATCH
EXC_000344,INV_000385,INV,invoice_id,1,0,1,0.9,1.0,,,,0,,0,6659.92,,,,,,FORMAT_MISMATCH,FORMAT_MISMATCH
EXC_000345,INV_000386,INV,invoice_id,1,0,0,0.75,0.3333333333333333,,,,0,,0,19058.18,,,,,,FORMAT_MISMATCH,FORMAT_MISMATCH
EXC_000346,INV_000405,INV,invoice_id,1,0,1,0.9,1.0,,,,0,,0,6852.26,,,,,,FORMAT_MISMATCH,FORMAT_MISMATCH
EXC_000348,INV_000407,INV,invoice_id,1,0,1,0.9473684210526315,0.0,,,,0,,0,2206.6,,,,,,FORMAT_MISMATCH,FORMAT_MISMATCH
EXC_000349,INV_000413,INV,invoice_id,1,0,0,0.782608695652174,0.0,,,,0,,0,4220.86,,,,,,FORMAT_MISMATCH,FORMAT_MISMATCH
EXC_000350,INV_000422,INV,invoice_id,1,0,1,0.7,1.0,,,,0,,0,1161.12,,,,,,FORMAT_MISMATCH,FORMAT_MISMATCH
EXC_000351,INV_000425,INV,invoice_id,1,0,1,0.9473684210526315,0.0,,,,0,,0,13072.04,,,,,,FORMAT_MISMATCH,FORMAT_MISMATCH
EXC_000353,INV_000428,INV,invoice_id,1,0,1,0.9,1.0,,,,0,,0,53663.39,,,,,,FORMAT_MISMATCH,FORMAT_MISMATCH
EXC_000355,INV_000438,INV,invoice_id,1,0,1,0.9473684210526315,0.0,,,,0,,0,28850.29,,,,,,FORMAT_MISMATCH,FORMAT_MISMATCH
EXC_000357,INV_000449,INV,invoice_id,1,0,1,0.9473684210526315,0.0,,,,0,,0,2663.5,,,,,,FORMAT_MISMATCH,FORMAT_MISMATCH
EXC_000359,INV_000458,INV,invoice_id,1,0,1,0.631578947368421,0.0,,,,0,,0,8255.28,,,,,,FORMAT_MISMATCH,FORMAT_MISMATCH
EXC_000361,INV_000479,INV,invoice_id,1,0,0,0.8888888888888888,0.3333333333333333,,,,0,,0,16381.94,,,,,,FORMAT_MISMATCH,FORMAT_MISMATCH
EXC_000362,INV_000490,INV,invoice_id,1,0,0,0.75,0.3333333333333333,,,,0,,0,4206.58,,,,,,FORMAT_MISMATCH,FORMAT_MISMATCH
EXC_000363,INV_000496,INV,invoice_id,1,0,1,0.9,1.0,,,,0,,0,3383.3,,,,,,FORMAT_MISMATCH,FORMAT_MISMATCH
EXC_000365,INV_000517,INV,invoice_id,1,0,0,0.75,0.3333333333333333,,,,0,,0,11140.38,,,,,,FORMAT_MISMATCH,FORMAT_MISMATCH
EXC_000366,INV_000524,INV,invoice_id,1,0,0,0.75,0.3333333333333333,,,,0,,0,8222.24,,,,,,FORMAT_MISMATCH,FORMAT_MISMATCH
EXC_000367,INV_000537,INV,invoice_id,1,0,1,0.9,1.0,,,,0,,0,6023.66,,,,,,FORMAT_MISMATCH,FORMAT_MISMATCH
EXC_000368,INV_000538,INV,invoice_id,1,0,1,0.9473684210526315,0.0,,,,0,,0,7928.83,,,,,,FORMAT_MISMATCH,FORMAT_MISMATCH
EXC_000370,INV_000544,INV,invoice_id,1,0,0,0.8333333333333334,0.3333333333333333,,,,0,,0,9147.36,,,,,,FORMAT_MISMATCH,FORMAT_MISMATCH
EXC_000371,INV_000548,INV,invoice_id,1,0,1,0.9,1.0,,,,0,,0,2435.28,,,,,,FORMAT_MISMATCH,FORMAT_MISMATCH
EXC_000373,INV_000566,INV,invoice_id,1,0,1,0.631578947368421,0.0,,,,0,,0,3313.44,,,,,,FORMAT_MISMATCH,FORMAT_MISMATCH
EXC_000374,INV_000569,INV,invoice_id,1,0,1,0.9,1.0,,,,0,,0,3541.59,,,,,,FORMAT_MISMATCH,FORMAT_MISMATCH
EXC_000376,INV_000575,INV,invoice_id,1,0,1,0.631578947368421,0.0,,,,0,,0,311.64,,,,,,FORMAT_MISMATCH,FORMAT_MISMATCH
EXC_000377,INV_000578,INV,invoice_id,1,0,1,0.9,1.0,,,,0,,0,1326.44,,,,,,FORMAT_MISMATCH,FORMAT_MISMATCH
EXC_000378,INV_000581,INV,invoice_id,1,0,1,0.9473684210526315,0.0,,,,0,,0,2708.34,,,,,,FORMAT_MISMATCH,FORMAT_MISMATCH
EXC_000380,INV_000586,INV,invoice_id,1,0,1,0.9473684210526315,0.0,,,,0,,0,2818.2,,,,,,FORMAT_MISMATCH,FORMAT_MISMATCH
EXC_000381,INV_000588,INV,invoice_id,1,0,1,0.9,1.0,,,,0,,0,3447.96,,,,,,FORMAT_MISMATCH,FORMAT_MISMATCH
EXC_000382,INV_000597,INV,invoice_id,1,0,1,0.9,1.0,,,,0,,0,3725.5,,,,,,FORMAT_MISMATCH,FORMAT_MISMATCH
EXC_000383,INV_000598,INV,invoice_id,1,0,1,0.9,1.0,,,,0,,0,1430.4,,,,,,FORMAT_MISMATCH,FORMAT_MISMATCH
EXC_000384,INV_000604,INV,invoice_id,1,0,1,0.9473684210526315,0.0,,,,0,,0,492.95,,,,,,FORMAT_MISMATCH,FORMAT_MISMATCH
EXC_000385,INV_000606,INV,invoice_id,1,1,1,1.0,1.0,,,,0,,0,4455.09,,,,,,FORMAT_MISMATCH,FORMAT_MISMATCH
EXC_000386,INV_000619,INV,invoice_id,1,0,1,0.9,1.0,,,,0,,0,30506.54,,,,,,FORMAT_MISMATCH,FORMAT_MISMATCH
EXC_000387,INV_000623,INV,invoice_id,1,0,1,0.9,1.0,,,,0,,0,117077.0,,,,,,FORMAT_MISMATCH,FORMAT_MISMATCH
EXC_000388,INV_000630,INV,invoice_id,1,0,1,0.7,1.0,,,,0,,0,3234.38,,,,,,FORMAT_MISMATCH,FORMAT_MISMATCH
EXC_000389,INV_000638,INV,invoice_id,1,0,1,0.9,1.0,,,,0,,0,4250.36,,,,,,FORMAT_MISMATCH,FORMAT_MISMATCH
EXC_000390,INV_000639,INV,invoice_id,1,0,1,0.9,1.0,,,,0,,0,3628.68,,,,,,FORMAT_MISMATCH,FORMAT_MISMATCH
EXC_000391,INV_000641,INV,invoice_id,1,0,1,0.9,1.0,,,,0,,0,788.36,,,,,,FORMAT_MISMATCH,FORMAT_MISMATCH
EXC_000393,INV_000649,INV,invoice_id,1,0,1,0.7,1.0,,,,0,,0,43949.1,,,,,,FORMAT_MISMATCH,FORMAT_MISMATCH
EXC_000394,INV_000662,INV,invoice_id,1,0,1,0.6,1.0,,,,0,,0,29226.24,,,,,,FORMAT_MISMATCH,FORMAT_MISMATCH
EXC_000396,INV_000667,INV,invoice_id,1,0,1,0.9473684210526315,0.0,,,,0,,0,6260.49,,,,,,FORMAT_MISMATCH,FORMAT_MISMATCH
EXC_000398,INV_000683,INV,invoice_id,1,0,1,0.631578947368421,0.0,,,,0,,0,7869.42,,,,,,FORMAT_MISMATCH,FORMAT_MISMATCH
EXC_000399,INV_000688,INV,invoice_id,1,0,1,0.9,1.0,,,,0,,0,3863.32,,,,,,FORMAT_MISMATCH,FORMAT_MISMATCH
EXC_000400,INV_000691,INV,invoice_id,1,0,1,0.9473684210526315,0.0,,,,0,,0,41549.69,,,,,,FORMAT_MISMATCH,FORMAT_MISMATCH
EXC_000403,INV_000706,INV,invoice_id,1,0,0,0.8333333333333334,0.3333333333333333,,,,0,,0,28361.3,,,,,,FORMAT_MISMATCH,FORMAT_MISMATCH
EXC_000404,INV_000722,INV,invoice_id,1,0,1,0.9,1.0,,,,0,,0,833.55,,,,,,FORMAT_MISMATCH,FORMAT_MISMATCH
EXC_000405,INV_000730,INV,invoice_id,1,0,1,0.631578947368421,0.0,,,,0,,0,19390.35,,,,,,FORMAT_MISMATCH,FORMAT_MISMATCH
EXC_000406,INV_000736,INV,invoice_id,1,0,1,0.9473684210526315,0.0,,,,0,,0,2947.05,,,,,,FORMAT_MISMATCH,FORMAT_MISMATCH
EXC_000407,INV_000749,INV,invoice_id,1,0,1,0.9,1.0,,,,0,,0,168369.48,,,,,,FORMAT_MISMATCH,FORMAT_MISMATCH
EXC_000409,INV_000760,INV,invoice_id,1,0,0,0.8333333333333334,0.3333333333333333,,,,0,,0,4081.21,,,,,,FORMAT_MISMATCH,FORMAT_MISMATCH
EXC_000410,INV_000764,INV,invoice_id,1,0,1,0.9,1.0,,,,0,,0,13582.98,,,,,,FORMAT_MISMATCH,FORMAT_MISMATCH
EXC_000412,INV_000774,INV,invoice_id,1,0,1,0.9,1.0,,,,0,,0,5841.53,,,,,,FORMAT_MISMATCH,FORMAT_MISMATCH
EXC_000413,INV_000775,INV,invoice_id,1,0,0,0.75,0.3333333333333333,,,,0,,0,1699.2,,,,,,FORMAT_MISMATCH,FORMAT_MISMATCH
EXC_000416,INV_000790,INV,invoice_id,1,0,1,0.9,1.0,,,,0,,0,30773.04,,,,,,FORMAT_MISMATCH,FORMAT_MISMATCH
EXC_000417,INV_000803,INV,invoice_id,1,0,1,0.6,1.0,,,,0,,0,1937.56,,,,,,FORMAT_MISMATCH,FORMAT_MISMATCH
EXC_000418,INV_000808,INV,invoice_id,1,0,1,0.9,1.0,,,,0,,0,11928.38,,,,,,FORMAT_MISMATCH,FORMAT_MISMATCH
EXC_000419,INV_000811,INV,invoice_id,1,0,1,0.6,1.0,,,,0,,0,47576.42,,,,,,FORMAT_MISMATCH,FORMAT_MISMATCH
EXC_000420,INV_000818,INV,invoice_id,1,0,0,0.782608695652174,0.0,,,,0,,0,3172.78,,,,,,FORMAT_MISMATCH,FORMAT_MISMATCH
EXC_000424,INV_000837,INV,invoice_id,1,0,1,0.9,1.0,,,,0,,0,64938.23,,,,,,FORMAT_MISMATCH,FORMAT_MISMATCH
EXC_000425,INV_000838,INV,invoice_id,1,0,1,0.9,1.0,,,,0,,0,49380.76,,,,,,FORMAT_MISMATCH,FORMAT_MISMATCH
EXC_000426,INV_000841,INV,invoice_id,1,0,1,0.9,1.0,,,,0,,0,5115.3,,,,,,FORMAT_MISMATCH,FORMAT_MISMATCH
EXC_000429,INV_000858,INV,invoice_id,1,0,1,0.9,1.0,,,,0,,0,45399.38,,,,,,FORMAT_MISMATCH,FORMAT_MISMATCH
EXC_000430,INV_000864,INV,invoice_id,1,0,1,0.9,1.0,,,,0,,0,16692.28,,,,,,FORMAT_MISMATCH,FORMAT_MISMATCH
EXC_000432,INV_000886,INV,invoice_id,1,0,0,0.782608695652174,0.0,,,,0,,0,6814.56,,,,,,FORMAT_MISMATCH,FORMAT_MISMATCH
EXC_000433,INV_000892,INV,invoice_id,1,0,1,0.9,1.0,,,,0,,0,51182.5,,,,,,FORMAT_MISMATCH,FORMAT_MISMATCH
EXC_000434,INV_000897,INV,invoice_id,1,0,1,0.9,1.0,,,,0,,0,3796.66,,,,,,FORMAT_MISMATCH,FORMAT_MISMATCH
EXC_000436,INV_000921,INV,invoice_id,1,0,1,0.6,1.0,,,,0,,0,66646.81,,,,,,FORMAT_MISMATCH,FORMAT_MISMATCH
EXC_000438,INV_000928,INV,invoice_id,1,0,1,0.6,1.0,,,,0,,0,2652.29,,,,,,FORMAT_MISMATCH,FORMAT_MISMATCH
EXC_000442,INV_000961,INV,invoice_id,1,0,1,0.9,1.0,,,,0,,0,6884.42,,,,,,FORMAT_MISMATCH,FORMAT_MISMATCH
EXC_000443,INV_000968,INV,invoice_id,1,0,1,0.9,1.0,,,,0,,0,33283.55,,,,,,FORMAT_MISMATCH,FORMAT_MISMATCH
EXC_000444,INV_000975,INV,invoice_id,1,0,1,0.9473684210526315,0.0,,,,0,,0,11174.13,,,,,,FORMAT_MISMATCH,FORMAT_MISMATCH
EXC_000446,INV_000988,INV,invoice_id,1,0,1,0.9,1.0,,,,0,,0,10441.58,,,,,,FORMAT_MISMATCH,FORMAT_MISMATCH
EXC_000448,INV_000991,INV,invoice_id,1,0,1,0.631578947368421,0.0,,,,0,,0,7307.45,,,,,,FORMAT_MISMATCH,FORMAT_MISMATCH
EXC_000450,INV_001005,INV,invoice_id,1,0,1,0.9473684210526315,0.0,,,,0,,0,15142.94,,,,,,FORMAT_MISMATCH,FORMAT_MISMATCH
EXC_000452,INV_001016,INV,invoice_id,1,0,1,0.9,1.0,,,,0,,0,3505.37,,,,,,FORMAT_MISMATCH,FORMAT_MISMATCH
EXC_000453,INV_001020,INV,invoice_id,1,0,1,0.9473684210526315,0.0,,,,0,,0,6561.98,,,,,,FORMAT_MISMATCH,FORMAT_MISMATCH
EXC_000454,INV_001025,INV,invoice_id,1,0,1,0.631578947368421,0.0,,,,0,,0,3124.4,,,,,,FORMAT_MISMATCH,FORMAT_MISMATCH
EXC_000455,INV_001034,INV,invoice_id,1,0,1,0.9,1.0,,,,0,,0,17088.76,,,,,,FORMAT_MISMATCH,FORMAT_MISMATCH
EXC_000456,INV_001044,INV,invoice_id,1,0,0,0.782608695652174,0.0,,,,0,,0,6630.42,,,,,,FORMAT_MISMATCH,FORMAT_MISMATCH
EXC_000457,INV_001047,INV,invoice_id,1,0,1,0.9,1.0,,,,0,,0,2339.53,,,,,,FORMAT_MISMATCH,FORMAT_MISMATCH
EXC_000458,INV_001053,INV,invoice_id,1,0,1,0.7,1.0,,,,0,,0,28473.16,,,,,,FORMAT_MISMATCH,FORMAT_MISMATCH
EXC_000459,INV_001063,INV,invoice_id,1,0,1,0.9,1.0,,,,0,,0,117842.94,,,,,,FORMAT_MISMATCH,FORMAT_MISMATCH
EXC_000461,INV_001080,INV,invoice_id,1,0,0,0.8235294117647058,0.0,,,,0,,0,100554.82,,,,,,FORMAT_MISMATCH,FORMAT_MISMATCH
EXC_000462,INV_001088,INV,invoice_id,1,0,1,0.631578947368421,0.0,,,,0,,0,97345.16,,,,,,FORMAT_MISMATCH,FORMAT_MISMATCH
EXC_000463,INV_001094,INV,invoice_id,1,0,0,0.75,0.3333333333333333,,,,0,,0,16620.3,,,,,,FORMAT_MISMATCH,FORMAT_MISMATCH
EXC_000464,INV_001104,INV,invoice_id,1,0,1,0.9,1.0,,,,0,,0,1746.4,,,,,,FORMAT_MISMATCH,FORMAT_MISMATCH
EXC_000465,INV_001116,INV,invoice_id,1,0,1,0.9,1.0,,,,0,,0,30775.93,,,,,,FORMAT_MISMATCH,FORMAT_MISMATCH
EXC_000466,INV_001122,INV,invoice_id,1,0,1,0.9,1.0,,,,0,,0,104752.14,,,,,,FORMAT_MISMATCH,FORMAT_MISMATCH
EXC_000467,INV_001130,INV,invoice_id,1,0,1,0.9,1.0,,,,0,,0,508.58,,,,,,FORMAT_MISMATCH,FORMAT_MISMATCH
EXC_000468,INV_001132,INV,invoice_id,1,0,1,0.631578947368421,0.0,,,,0,,0,23886.74,,,,,,FORMAT_MISMATCH,FORMAT_MISMATCH
EXC_000469,INV_001135,INV,invoice_id,1,0,1,0.9,1.0,,,,0,,0,12010.04,,,,,,FORMAT_MISMATCH,FORMAT_MISMATCH
EXC_000470,INV_001142,INV,invoice_id,1,0,1,0.9473684210526315,0.0,,,,0,,0,15138.22,,,,,,FORMAT_MISMATCH,FORMAT_MISMATCH
EXC_000471,INV_001148,INV,invoice_id,1,0,1,0.9,1.0,,,,0,,0,15992.3,,,,,,FORMAT_MISMATCH,FORMAT_MISMATCH
EXC_000472,INV_001150,INV,invoice_id,1,0,1,0.9473684210526315,0.0,,,,0,,0,100664.62,,,,,,FORMAT_MISMATCH,FORMAT_MISMATCH
EXC_000473,INV_001168,INV,invoice_id,1,0,1,0.9,1.0,,,,0,,0,51251.06,,,,,,FORMAT_MISMATCH,FORMAT_MISMATCH
EXC_000474,INV_001171,INV,invoice_id,1,0,1,0.9473684210526315,0.0,,,,0,,0,13206.5,,,,,,FORMAT_MISMATCH,FORMAT_MISMATCH
EXC_000475,INV_001183,INV,invoice_id,1,0,1,0.9473684210526315,0.0,,,,0,,0,41688.22,,,,,,FORMAT_MISMATCH,FORMAT_MISMATCH
EXC_000476,INV_001184,INV,invoice_id,1,0,1,0.9,1.0,,,,0,,0,3325.71,,,,,,FORMAT_MISMATCH,FORMAT_MISMATCH
EXC_000478,INV_001208,INV,invoice_id,1,0,1,0.9,1.0,,,,0,,0,892.32,,,,,,FORMAT_MISMATCH,FORMAT_MISMATCH
EXC_000479,INV_001212,INV,invoice_id,1,0,1,0.9,1.0,,,,0,,0,10338.22,,,,,,FORMAT_MISMATCH,FORMAT_MISMATCH
EXC_000480,INV_001226,INV,invoice_id,1,0,1,0.9,1.0,,,,0,,0,35615.94,,,,,,FORMAT_MISMATCH,FORMAT_MISMATCH
EXC_000481,INV_001234,INV,invoice_id,1,0,1,0.9473684210526315,0.0,,,,0,,0,9395.16,,,,,,FORMAT_MISMATCH,FORMAT_MISMATCH
EXC_000482,INV_001235,INV,invoice_id,1,0,1,0.9,1.0,,,,0,,0,1353.46,,,,,,FORMAT_MISMATCH,FORMAT_MISMATCH
EXC_000484,INV_001257,INV,invoice_id,1,0,1,0.9473684210526315,0.0,,,,0,,0,22076.62,,,,,,FORMAT_MISMATCH,FORMAT_MISMATCH
EXC_000488,INV_001293,INV,invoice_id,1,0,0,0.8333333333333334,0.3333333333333333,,,,0,,0,2310.91,,,,,,FORMAT_MISMATCH,FORMAT_MISMATCH
EXC_000489,INV_001299,INV,invoice_id,1,1,1,1.0,1.0,,,,0,,0,32498.2,,,,,,FORMAT_MISMATCH,FORMAT_MISMATCH
EXC_000490,INV_001301,INV,invoice_id,1,0,1,0.9,1.0,,,,0,,0,17185.4,,,,,,FORMAT_MISMATCH,FORMAT_MISMATCH
EXC_000491,INV_001314,INV,invoice_id,1,0,1,0.9,1.0,,,,0,,0,2041.16,,,,,,FORMAT_MISMATCH,FORMAT_MISMATCH
EXC_000493,INV_001327,INV,invoice_id,1,0,0,0.75,0.3333333333333333,,,,0,,0,40228.56,,,,,,FORMAT_MISMATCH,FORMAT_MISMATCH
EXC_000494,INV_001330,INV,invoice_id,1,0,1,0.9,1.0,,,,0,,0,15292.8,,,,,,FORMAT_MISMATCH,FORMAT_MISMATCH
EXC_000495,INV_001339,INV,invoice_id,1,0,1,0.9473684210526315,0.0,,,,0,,0,35677.3,,,,,,FORMAT_MISMATCH,FORMAT_MISMATCH
EXC_000496,INV_001360,INV,invoice_id,1,0,1,0.7,1.0,,,,0,,0,136779.7,,,,,,FORMAT_MISMATCH,FORMAT_MISMATCH
EXC_000498,INV_001370,INV,invoice_id,1,0,1,0.9,1.0,,,,0,,0,142381.16,,,,,,FORMAT_MISMATCH,FORMAT_MISMATCH
EXC_000501,INV_001390,INV,invoice_id,1,0,1,0.9,1.0,,,,0,,0,3715.82,,,,,,FORMAT_MISMATCH,FORMAT_MISMATCH
EXC_000504,INV_001394,INV,invoice_id,1,0,1,0.631578947368421,0.0,,,,0,,0,7218.59,,,,,,FORMAT_MISMATCH,FORMAT_MISMATCH
EXC_000505,INV_001402,INV,invoice_id,1,0,1,0.9473684210526315,0.0,,,,0,,0,9806.51,,,,,,FORMAT_MISMATCH,FORMAT_MISMATCH
EXC_000506,INV_001407,INV,invoice_id,1,0,1,0.9473684210526315,0.0,,,,0,,0,125770.3,,,,,,FORMAT_MISMATCH,FORMAT_MISMATCH
EXC_000508,INV_001413,INV,invoice_id,1,0,1,0.9,1.0,,,,0,,0,11864.9,,,,,,FORMAT_MISMATCH,FORMAT_MISMATCH
EXC_000509,INV_001416,INV,invoice_id,1,0,1,0.9,1.0,,,,0,,0,16346.54,,,,,,FORMAT_MISMATCH,FORMAT_MISMATCH
EXC_000510,INV_001422,INV,invoice_id,1,0,1,0.7,1.0,,,,0,,0,17584.71,,,,,,FORMAT_MISMATCH,FORMAT_MISMATCH
EXC_000512,INV_001429,INV,invoice_id,1,0,1,0.9,1.0,,,,0,,0,66724.4,,,,,,FORMAT_MISMATCH,FORMAT_MISMATCH
EXC_000516,INV_001452,INV,invoice_id,1,0,1,0.9,1.0,,,,0,,0,26382.44,,,,,,FORMAT_MISMATCH,FORMAT_MISMATCH
EXC_000517,INV_001462,INV,invoice_id,1,0,1,0.9,1.0,,,,0,,0,2112.32,,,,,,FORMAT_MISMATCH,FORMAT_MISMATCH
EXC_000519,INV_001468,INV,invoice_id,1,0,1,0.9473684210526315,0.0,,,,0,,0,7434.47,,,,,,FORMAT_MISMATCH,FORMAT_MISMATCH
EXC_000520,INV_001470,INV,invoice_id,1,0,1,0.9,1.0,,,,0,,0,4773.1,,,,,,FORMAT_MISMATCH,FORMAT_MISMATCH
EXC_000523,INV_001498,INV,invoice_id,1,0,1,0.9,1.0,,,,0,,0,25315.72,,,,,,FORMAT_MISMATCH,FORMAT_MISMATCH
EXC_000524,INV_001502,INV,invoice_id,1,0,0,0.8235294117647058,0.0,,,,0,,0,7249.04,,,,,,FORMAT_MISMATCH,FORMAT_MISMATCH
EXC_000525,INV_001512,INV,invoice_id,1,0,1,0.9,1.0,,,,0,,0,54155.98,,,,,,FORMAT_MISMATCH,FORMAT_MISMATCH
EXC_000527,INV_001518,INV,invoice_id,1,0,1,0.9473684210526315,0.0,,,,0,,0,53661.68,,,,,,FORMAT_MISMATCH,FORMAT_MISMATCH
EXC_000528,INV_001519,INV,invoice_id,1,0,1,0.7,1.0,,,,0,,0,3502.24,,,,,,FORMAT_MISMATCH,FORMAT_MISMATCH
EXC_000530,INV_001536,INV,invoice_id,1,0,1,0.9,1.0,,,,0,,0,39447.4,,,,,,FORMAT_MISMATCH,FORMAT_MISMATCH
EXC_000531,INV_001545,INV,invoice_id,1,0,0,0.8888888888888888,0.3333333333333333,,,,0,,0,600.62,,,,,,FORMAT_MISMATCH,FORMAT_MISMATCH
EXC_000532,INV_001547,INV,invoice_id,1,0,1,0.9,1.0,,,,0,,0,15449.5,,,,,,FORMAT_MISMATCH,FORMAT_MISMATCH
EXC_000533,INV_001550,INV,invoice_id,1,0,1,0.9,1.0,,,,0,,0,10984.62,,,,,,FORMAT_MISMATCH,FORMAT_MISMATCH
EXC_000534,INV_001558,INV,invoice_id,1,0,1,0.9,1.0,,,,0,,0,1641.38,,,,,,FORMAT_MISMATCH,FORMAT_MISMATCH
EXC_000535,INV_001567,INV,invoice_id,1,0,1,0.7,1.0,,,,0,,0,14280.42,,,,,,FORMAT_MISMATCH,FORMAT_MISMATCH
EXC_000537,INV_001579,INV,invoice_id,1,0,0,0.8333333333333334,0.3333333333333333,,,,0,,0,74264.6,,,,,,FORMAT_MISMATCH,FORMAT_MISMATCH
EXC_000538,INV_001592,INV,invoice_id,1,0,1,0.9,1.0,,,,0,,0,25882.12,,,,,,FORMAT_MISMATCH,FORMAT_MISMATCH
EXC_000542,INV_001637,INV,invoice_id,1,0,1,0.9,1.0,,,,0,,0,62106.7,,,,,,FORMAT_MISMATCH,FORMAT_MISMATCH
EXC_000543,INV_001639,INV,invoice_id,1,0,1,0.9,1.0,,,,0,,0,11201.74,,,,,,FORMAT_MISMATCH,FORMAT_MISMATCH
EXC_000544,INV_001656,INV,invoice_id,1,0,1,0.9473684210526315,0.0,,,,0,,0,12828.08,,,,,,FORMAT_MISMATCH,FORMAT_MISMATCH
EXC_000546,INV_001687,INV,invoice_id,1,0,1,0.9473684210526315,0.0,,,,0,,0,13279.37,,,,,,FORMAT_MISMATCH,FORMAT_MISMATCH
EXC_000547,INV_001698,INV,invoice_id,1,0,1,0.9,1.0,,,,0,,0,4555.63,,,,,,FORMAT_MISMATCH,FORMAT_MISMATCH
EXC_000549,INV_001713,INV,invoice_id,1,0,1,0.9,1.0,,,,0,,0,6112.28,,,,,,FORMAT_MISMATCH,FORMAT_MISMATCH
EXC_000551,PAY_000014,PAY,payment_id,1,0,1,0.9473684210526315,0.0,,,,0,,0,98223.79,1473.36,265.2,,,,FORMAT_MISMATCH,FORMAT_MISMATCH
EXC_000552,PAY_000015,PAY,payment_id,1,0,1,0.9473684210526315,0.0,,,,0,,0,26992.5,404.89,72.88,,,,FORMAT_MISMATCH,FORMAT_MISMATCH
EXC_000556,PAY_000041,PAY,payment_id,1,0,0,0.8235294117647058,0.0,,,,0,,0,10757.17,193.63,34.85,,,,FORMAT_MISMATCH,FORMAT_MISMATCH
EXC_000557,PAY_000049,PAY,payment_id,1,0,1,0.9473684210526315,0.0,,,,0,,0,7021.0,105.32,18.96,1333.99,,,FORMAT_MISMATCH,FORMAT_MISMATCH
EXC_000558,PAY_000051,PAY,payment_id,1,0,0,0.782608695652174,0.0,,,,0,,0,85398.61,1280.98,230.58,,,,FORMAT_MISMATCH,FORMAT_MISMATCH
EXC_000559,PAY_000054,PAY,payment_id,1,0,1,0.9,1.0,,,,0,,0,104032.17,1872.58,337.06,,,,FORMAT_MISMATCH,FORMAT_MISMATCH
EXC_000561,PAY_000066,PAY,payment_id,1,0,1,0.6,1.0,,,,0,,0,51243.86,1024.88,184.48,,,,FORMAT_MISMATCH,FORMAT_MISMATCH
EXC_000567,PAY_000107,PAY,payment_id,1,0,1,0.9,1.0,,,,0,,0,20393.94,0.0,0.0,,,,FORMAT_MISMATCH,FORMAT_MISMATCH
EXC_000568,PAY_000119,PAY,payment_id,1,0,1,0.9,1.0,,,,0,,0,38124.62,0.0,0.0,38124.62,,,FORMAT_MISMATCH,FORMAT_MISMATCH
EXC_000570,PAY_000136,PAY,payment_id,1,0,1,0.9,1.0,,,,0,,0,54711.53,984.81,177.27,,,,FORMAT_MISMATCH,FORMAT_MISMATCH
EXC_000571,PAY_000140,PAY,payment_id,1,0,1,0.9,1.0,,,,0,,0,137597.44,0.0,0.0,,,,FORMAT_MISMATCH,FORMAT_MISMATCH
EXC_000572,PAY_000141,PAY,payment_id,1,0,1,0.6,1.0,,,,0,,0,48534.58,970.69,174.72,,,,FORMAT_MISMATCH,FORMAT_MISMATCH
EXC_000573,PAY_000142,PAY,payment_id,1,0,1,0.9,1.0,,,,0,,0,14538.78,0.0,0.0,,,,FORMAT_MISMATCH,FORMAT_MISMATCH
EXC_000575,PAY_000179,PAY,payment_id,1,0,1,0.7,1.0,,,,0,,0,90103.27,0.0,0.0,,,,FORMAT_MISMATCH,FORMAT_MISMATCH
EXC_000577,PAY_000187,PAY,payment_id,1,0,0,0.8235294117647058,0.0,,,,0,,0,62437.34,0.0,0.0,,,,FORMAT_MISMATCH,FORMAT_MISMATCH
EXC_000578,PAY_000211,PAY,payment_id,1,0,1,0.631578947368421,0.0,,,,0,,0,38721.7,696.99,125.46,,,,FORMAT_MISMATCH,FORMAT_MISMATCH
EXC_000579,PAY_000213,PAY,payment_id,1,0,1,0.9,1.0,,,,0,,0,1579.31,28.43,5.12,1579.31,,,FORMAT_MISMATCH,FORMAT_MISMATCH
EXC_000580,PAY_000219,PAY,payment_id,1,0,1,0.9473684210526315,0.0,,,,0,,0,132098.64,0.0,0.0,,,,FORMAT_MISMATCH,FORMAT_MISMATCH
EXC_000581,PAY_000228,PAY,payment_id,1,0,1,0.9,1.0,,,,0,,0,2705.5,0.0,0.0,,,,FORMAT_MISMATCH,FORMAT_MISMATCH
EXC_000582,PAY_000229,PAY,payment_id,1,0,1,0.9,1.0,,,,0,,0,13190.04,0.0,0.0,,,,FORMAT_MISMATCH,FORMAT_MISMATCH
EXC_000583,PAY_000233,PAY,payment_id,1,0,1,0.9473684210526315,0.0,,,,0,,0,33991.43,0.0,0.0,,,,FORMAT_MISMATCH,FORMAT_MISMATCH
EXC_000586,PAY_000245,PAY,payment_id,1,0,1,0.9473684210526315,0.0,,,,0,,0,224385.26,0.0,0.0,,,,FORMAT_MISMATCH,FORMAT_MISMATCH
EXC_000587,PAY_000263,PAY,payment_id,1,0,1,0.9,1.0,,,,0,,0,1672.53,0.0,0.0,,,,FORMAT_MISMATCH,FORMAT_MISMATCH
EXC_000588,PAY_000268,PAY,payment_id,1,0,1,0.9,1.0,,,,0,,0,1791.24,32.24,5.8,,,,FORMAT_MISMATCH,FORMAT_MISMATCH
EXC_000589,PAY_000269,PAY,payment_id,1,0,1,0.9,1.0,,,,0,,0,8807.52,0.0,0.0,,,,FORMAT_MISMATCH,FORMAT_MISMATCH
EXC_000590,PAY_000272,PAY,payment_id,1,0,1,0.9,1.0,,,,0,,0,3819.66,0.0,0.0,,,,FORMAT_MISMATCH,FORMAT_MISMATCH
EXC_000593,PAY_000285,PAY,payment_id,1,0,1,0.9473684210526315,0.0,,,,0,,0,3535.63,0.0,0.0,,,,FORMAT_MISMATCH,FORMAT_MISMATCH
EXC_000594,PAY_000295,PAY,payment_id,1,0,1,0.9,1.0,,,,0,,0,4611.79,0.0,0.0,,,,FORMAT_MISMATCH,FORMAT_MISMATCH
EXC_000595,PAY_000296,PAY,payment_id,1,0,1,0.9,1.0,,,,0,,0,8294.22,165.88,29.86,,,,FORMAT_MISMATCH,FORMAT_MISMATCH
EXC_000596,PAY_000307,PAY,payment_id,1,0,1,0.9473684210526315,0.0,,,,0,,0,1836.2,27.54,4.96,1836.2,,,FORMAT_MISMATCH,FORMAT_MISMATCH
EXC_000597,PAY_000308,PAY,payment_id,1,0,1,0.9,1.0,,,,0,,0,35285.54,0.0,0.0,,,,FORMAT_MISMATCH,FORMAT_MISMATCH
EXC_000599,PAY_000347,PAY,payment_id,1,0,0,0.75,0.3333333333333333,,,,0,,0,21678.96,390.22,70.24,,,,FORMAT_MISMATCH,FORMAT_MISMATCH
EXC_000601,PAY_000351,PAY,payment_id,1,0,1,0.9473684210526315,0.0,,,,0,,0,96032.41,0.0,0.0,,,,FORMAT_MISMATCH,FORMAT_MISMATCH
EXC_000602,PAY_000353,PAY,payment_id,1,0,1,0.9473684210526315,0.0,,,,0,,0,93584.62,0.0,0.0,,,,FORMAT_MISMATCH,FORMAT_MISMATCH
EXC_000603,PAY_000354,PAY,payment_id,1,0,1,0.9,1.0,,,,0,,0,37532.26,0.0,0.0,,,,FORMAT_MISMATCH,FORMAT_MISMATCH
EXC_000604,PAY_000369,PAY,payment_id,1,0,0,0.8235294117647058,0.0,,,,0,,0,791.78,0.0,0.0,,,,FORMAT_MISMATCH,FORMAT_MISMATCH
EXC_000605,PAY_000374,PAY,payment_id,1,0,1,0.9473684210526315,0.0,,,,0,,0,23233.85,348.51,62.73,23233.85,,,FORMAT_MISMATCH,FORMAT_MISMATCH
EXC_000607,PAY_000385,PAY,payment_id,1,1,1,1.0,1.0,,,,0,,0,3973.06,0.0,0.0,,,,FORMAT_MISMATCH,FORMAT_MISMATCH
EXC_000609,PAY_000399,PAY,payment_id,1,0,1,0.9,1.0,,,,0,,0,113399.18,0.0,0.0,,,,FORMAT_MISMATCH,FORMAT_MISMATCH
EXC_000610,PAY_000400,PAY,payment_id,1,0,1,0.631578947368421,0.0,,,,0,,0,4463.82,80.35,14.46,,,,FORMAT_MISMATCH,FORMAT_MISMATCH
EXC_000612,PAY_000418,PAY,payment_id,1,0,1,0.9,1.0,,,,0,,0,4312.9,0.0,0.0,,,,FORMAT_MISMATCH,FORMAT_MISMATCH
EXC_000613,PAY_000419,PAY,payment_id,1,0,1,0.9473684210526315,0.0,,,,0,,0,105692.01,0.0,0.0,,,,FORMAT_MISMATCH,FORMAT_MISMATCH
EXC_000614,PAY_000427,PAY,payment_id,1,0,1,0.9473684210526315,0.0,,,,0,,0,21374.87,427.5,76.95,,,,FORMAT_MISMATCH,FORMAT_MISMATCH
EXC_000615,PAY_000430,PAY,payment_id,1,0,1,0.7,1.0,,,,0,,0,5635.27,0.0,0.0,,,,FORMAT_MISMATCH,FORMAT_MISMATCH
EXC_000616,PAY_000433,PAY,payment_id,1,0,1,0.9,1.0,,,,0,,0,19058.18,0.0,0.0,,,,FORMAT_MISMATCH,FORMAT_MISMATCH
EXC_000617,PAY_000451,PAY,payment_id,1,0,0,0.7777777777777778,0.3333333333333333,,,,0,,0,88214.44,0.0,0.0,,,,FORMAT_MISMATCH,FORMAT_MISMATCH
EXC_000619,PAY_000471,PAY,payment_id,1,0,0,0.7777777777777778,0.3333333333333333,,,,0,,0,17461.4,314.31,56.58,,,,FORMAT_MISMATCH,FORMAT_MISMATCH
EXC_000620,PAY_000483,PAY,payment_id,1,0,1,0.9,1.0,,,,0,,0,1812.48,0.0,0.0,,,,FORMAT_MISMATCH,FORMAT_MISMATCH
EXC_000622,PAY_000504,PAY,payment_id,1,0,1,0.9,1.0,,,,0,,0,3960.49,0.0,0.0,,,,FORMAT_MISMATCH,FORMAT_MISMATCH
EXC_000624,PAY_000511,PAY,payment_id,1,0,1,0.6,1.0,,,,0,,0,27003.47,486.06,87.49,,,,FORMAT_MISMATCH,FORMAT_MISMATCH
EXC_000625,PAY_000525,PAY,payment_id,1,0,1,0.7,1.0,,,,0,,0,51947.14,0.0,0.0,,,,FORMAT_MISMATCH,FORMAT_MISMATCH
EXC_000630,PAY_000574,PAY,payment_id,1,0,1,0.9473684210526315,0.0,,,,0,,0,9250.49,0.0,0.0,,,,FORMAT_MISMATCH,FORMAT_MISMATCH
EXC_000631,PAY_000579,PAY,payment_id,1,0,1,0.9,1.0,,,,0,,0,87185.48,1569.34,282.48,,,,FORMAT_MISMATCH,FORMAT_MISMATCH
EXC_000634,PAY_000585,PAY,payment_id,1,0,1,0.9,1.0,,,,0,,0,142508.6,2000.0,360.0,,,,FORMAT_MISMATCH,FORMAT_MISMATCH
EXC_000637,PAY_000599,PAY,payment_id,1,0,0,0.8333333333333334,0.3333333333333333,,,,0,,0,26900.22,484.2,87.16,,,,FORMAT_MISMATCH,FORMAT_MISMATCH
EXC_000639,PAY_000630,PAY,payment_id,1,0,1,0.6,1.0,,,,0,,0,12390.94,0.0,0.0,,,,FORMAT_MISMATCH,FORMAT_MISMATCH
EXC_000640,PAY_000634,PAY,payment_id,1,0,1,0.9,1.0,,,,0,,0,6692.38,0.0,0.0,,,,FORMAT_MISMATCH,FORMAT_MISMATCH
EXC_000641,PAY_000638,PAY,payment_id,1,0,0,0.7777777777777778,0.3333333333333333,,,,0,,0,2683.67,53.67,9.66,,,,FORMAT_MISMATCH,FORMAT_MISMATCH
EXC_000642,PAY_000666,PAY,payment_id,1,0,1,0.9,1.0,,,,0,,0,18212.12,364.24,65.56,,,,FORMAT_MISMATCH,FORMAT_MISMATCH
EXC_000643,PAY_000667,PAY,payment_id,1,0,1,0.7,1.0,,,,0,,0,13963.18,0.0,0.0,,,,FORMAT_MISMATCH,FORMAT_MISMATCH
EXC_000644,PAY_000670,PAY,payment_id,1,0,1,0.9,1.0,,,,0,,0,7203.02,144.06,25.93,,,,FORMAT_MISMATCH,FORMAT_MISMATCH
EXC_000649,PAY_000710,PAY,payment_id,1,0,1,0.631578947368421,0.0,,,,0,,0,1790.06,0.0,0.0,,,,FORMAT_MISMATCH,FORMAT_MISMATCH
EXC_000651,PAY_000724,PAY,payment_id,1,0,1,0.9,1.0,,,,0,,0,10225.29,0.0,0.0,,,,FORMAT_MISMATCH,FORMAT_MISMATCH
EXC_000652,PAY_000726,PAY,payment_id,1,0,1,0.6,1.0,,,,0,,0,105469.29,0.0,0.0,,,,FORMAT_MISMATCH,FORMAT_MISMATCH
EXC_000654,PAY_000732,PAY,payment_id,1,0,1,0.9,1.0,,,,0,,0,77685.3,1553.71,279.67,,,,FORMAT_MISMATCH,FORMAT_MISMATCH
EXC_000655,PAY_000734,PAY,payment_id,1,0,1,0.9,1.0,,,,0,,0,2246.72,40.44,7.28,,,,FORMAT_MISMATCH,FORMAT_MISMATCH
EXC_000657,PAY_000743,PAY,payment_id,1,0,1,0.9,1.0,,,,0,,0,1133.39,22.67,4.08,,,,FORMAT_MISMATCH,FORMAT_MISMATCH
EXC_000659,PAY_000767,PAY,payment_id,1,0,1,0.9,1.0,,,,0,,0,1532.82,27.59,4.97,,,,FORMAT_MISMATCH,FORMAT_MISMATCH
EXC_000660,PAY_000772,PAY,payment_id,1,0,1,0.9,1.0,,,,0,,0,3004.4,54.08,9.73,2103.08,,,FORMAT_MISMATCH,FORMAT_MISMATCH
EXC_000663,PAY_000792,PAY,payment_id,1,0,1,0.631578947368421,0.0,,,,0,,0,102796.29,0.0,0.0,,,,FORMAT_MISMATCH,FORMAT_MISMATCH
EXC_000664,PAY_000794,PAY,payment_id,1,0,1,0.9,1.0,,,,0,,0,160.48,0.0,0.0,,,,FORMAT_MISMATCH,FORMAT_MISMATCH
EXC_000665,PAY_000798,PAY,payment_id,1,0,1,0.9,1.0,,,,0,,0,27820.86,0.0,0.0,,,,FORMAT_MISMATCH,FORMAT_MISMATCH
EXC_000667,PAY_000812,PAY,payment_id,1,0,1,0.9473684210526315,0.0,,,,0,,0,22563.84,406.15,73.11,,,,FORMAT_MISMATCH,FORMAT_MISMATCH
EXC_000668,PAY_000814,PAY,payment_id,1,0,1,0.9,1.0,,,,0,,0,4987.86,89.78,16.16,,,,FORMAT_MISMATCH,FORMAT_MISMATCH
EXC_000669,PAY_000822,PAY,payment_id,1,0,0,0.75,0.3333333333333333,,,,0,,0,12344.45,246.89,44.44,,,,FORMAT_MISMATCH,FORMAT_MISMATCH
EXC_000670,PAY_000823,PAY,payment_id,1,0,1,0.9,1.0,,,,0,,0,11953.75,0.0,0.0,,,,FORMAT_MISMATCH,FORMAT_MISMATCH
EXC_000672,PAY_000837,PAY,payment_id,1,0,1,0.9473684210526315,0.0,,,,0,,0,41314.57,743.66,133.86,,,,FORMAT_MISMATCH,FORMAT_MISMATCH
EXC_000673,PAY_000876,PAY,payment_id,1,0,1,0.9,1.0,,,,0,,0,790.31,11.85,2.13,,,,FORMAT_MISMATCH,FORMAT_MISMATCH
EXC_000676,PAY_000891,PAY,payment_id,1,0,0,0.75,0.3333333333333333,,,,0,,0,37331.66,671.97,120.95,,,,FORMAT_MISMATCH,FORMAT_MISMATCH
EXC_000677,PAY_000906,PAY,payment_id,1,0,1,0.9473684210526315,0.0,,,,0,,0,53823.34,0.0,0.0,,,,FORMAT_MISMATCH,FORMAT_MISMATCH
EXC_000678,PAY_000907,PAY,payment_id,1,0,1,0.6,1.0,,,,0,,0,4801.36,0.0,0.0,,,,FORMAT_MISMATCH,FORMAT_MISMATCH
EXC_000679,PAY_000917,PAY,payment_id,1,0,1,0.9473684210526315,0.0,,,,0,,0,6238.66,0.0,0.0,,,,FORMAT_MISMATCH,FORMAT_MISMATCH
EXC_000680,PAY_000921,PAY,payment_id,1,0,1,0.9473684210526315,0.0,,,,0,,0,8870.53,0.0,0.0,,,,FORMAT_MISMATCH,FORMAT_MISMATCH
EXC_000681,PAY_000923,PAY,payment_id,1,0,1,0.9473684210526315,0.0,,,,0,,0,11928.38,0.0,0.0,,,,FORMAT_MISMATCH,FORMAT_MISMATCH
EXC_000682,PAY_000926,PAY,payment_id,1,0,1,0.9,1.0,,,,0,,0,8778.02,0.0,0.0,,,,FORMAT_MISMATCH,FORMAT_MISMATCH
EXC_000684,PAY_000936,PAY,payment_id,1,0,1,0.9473684210526315,0.0,,,,0,,0,8831.12,158.96,28.61,,,,FORMAT_MISMATCH,FORMAT_MISMATCH
EXC_000685,PAY_000938,PAY,payment_id,1,0,0,0.7777777777777778,0.3333333333333333,,,,0,,0,150393.36,0.0,0.0,,,,FORMAT_MISMATCH,FORMAT_MISMATCH
EXC_000686,PAY_000940,PAY,payment_id,1,0,1,0.9,1.0,,,,0,,0,5846.9,105.24,18.94,,,,FORMAT_MISMATCH,FORMAT_MISMATCH
EXC_000687,PAY_000943,PAY,payment_id,1,0,1,0.9473684210526315,0.0,,,,0,,0,162234.66,0.0,0.0,,,,FORMAT_MISMATCH,FORMAT_MISMATCH
EXC_000689,PAY_000952,PAY,payment_id,1,0,1,0.9473684210526315,0.0,,,,0,,0,15685.74,282.34,50.82,,,,FORMAT_MISMATCH,FORMAT_MISMATCH
EXC_000692,PAY_000968,PAY,payment_id,1,0,1,0.631578947368421,0.0,,,,0,,0,5900.0,0.0,0.0,,,,FORMAT_MISMATCH,FORMAT_MISMATCH
EXC_000693,PAY_000969,PAY,payment_id,1,0,1,0.631578947368421,0.0,,,,0,,0,31397.44,0.0,0.0,,,,FORMAT_MISMATCH,FORMAT_MISMATCH
EXC_000694,PAY_000975,PAY,payment_id,1,0,1,0.9,1.0,,,,0,,0,5954.63,0.0,0.0,,,,FORMAT_MISMATCH,FORMAT_MISMATCH
EXC_000696,PAY_000981,PAY,payment_id,1,0,1,0.9473684210526315,0.0,,,,0,,0,45399.38,817.19,147.09,,,,FORMAT_MISMATCH,FORMAT_MISMATCH
EXC_000697,PAY_000983,PAY,payment_id,1,0,1,0.9,1.0,,,,0,,0,1568.22,28.23,5.08,,,,FORMAT_MISMATCH,FORMAT_MISMATCH
EXC_000699,PAY_000993,PAY,payment_id,1,0,0,0.75,0.3333333333333333,,,,0,,0,3414.92,0.0,0.0,,,,FORMAT_MISMATCH,FORMAT_MISMATCH
EXC_000701,PAY_000998,PAY,payment_id,1,0,1,0.9473684210526315,0.0,,,,0,,0,40174.4,0.0,0.0,,,,FORMAT_MISMATCH,FORMAT_MISMATCH
EXC_000703,PAY_001005,PAY,payment_id,1,0,1,0.6,1.0,,,,0,,0,123874.51,0.0,0.0,,,,FORMAT_MISMATCH,FORMAT_MISMATCH
EXC_000704,PAY_001011,PAY,payment_id,1,0,1,0.7,1.0,,,,0,,0,5322.51,0.0,0.0,,,,FORMAT_MISMATCH,FORMAT_MISMATCH
EXC_000705,PAY_001017,PAY,payment_id,1,0,1,0.7,1.0,,,,0,,0,47520.02,0.0,0.0,,,,FORMAT_MISMATCH,FORMAT_MISMATCH
EXC_000706,PAY_001025,PAY,payment_id,1,0,0,0.8235294117647058,0.0,,,,0,,0,2573.82,0.0,0.0,,,,FORMAT_MISMATCH,FORMAT_MISMATCH
EXC_000707,PAY_001042,PAY,payment_id,1,1,1,1.0,1.0,,,,0,,0,41931.3,0.0,0.0,,,,FORMAT_MISMATCH,FORMAT_MISMATCH
EXC_000709,PAY_001061,PAY,payment_id,1,0,1,0.9473684210526315,0.0,,,,0,,0,38568.3,771.37,138.85,,,,FORMAT_MISMATCH,FORMAT_MISMATCH
EXC_000711,PAY_001071,PAY,payment_id,1,0,1,0.9,1.0,,,,0,,0,994.98,14.92,2.69,,,,FORMAT_MISMATCH,FORMAT_MISMATCH
EXC_000712,PAY_001077,PAY,payment_id,1,0,1,0.9473684210526315,0.0,,,,0,,0,18580.28,334.45,60.2,,,,FORMAT_MISMATCH,FORMAT_MISMATCH
EXC_000713,PAY_001091,PAY,payment_id,1,0,1,0.9,1.0,,,,0,,0,3829.4,0.0,0.0,,,,FORMAT_MISMATCH,FORMAT_MISMATCH
EXC_000715,PAY_001111,PAY,payment_id,1,0,1,0.9473684210526315,0.0,,,,0,,0,2899.67,0.0,0.0,,,,FORMAT_MISMATCH,FORMAT_MISMATCH
EXC_000716,PAY_001113,PAY,payment_id,1,0,1,0.9473684210526315,0.0,,,,0,,0,11030.64,198.55,35.74,,,,FORMAT_MISMATCH,FORMAT_MISMATCH
EXC_000717,PAY_001119,PAY,payment_id,1,0,1,0.9473684210526315,0.0,,,,0,,0,11174.13,0.0,0.0,,,,FORMAT_MISMATCH,FORMAT_MISMATCH
EXC_000720,PAY_001149,PAY,payment_id,1,0,1,0.9,1.0,,,,0,,0,3823.2,0.0,0.0,,,,FORMAT_MISMATCH,FORMAT_MISMATCH
EXC_000723,PAY_001163,PAY,payment_id,1,0,1,0.9473684210526315,0.0,,,,0,,0,31021.91,465.33,83.76,,,,FORMAT_MISMATCH,FORMAT_MISMATCH
EXC_000724,PAY_001167,PAY,payment_id,1,0,1,0.9,1.0,,,,0,,0,14632.0,0.0,0.0,,,,FORMAT_MISMATCH,FORMAT_MISMATCH
EXC_000725,PAY_001180,PAY,payment_id,1,0,1,0.9,1.0,,,,0,,0,53980.4,971.65,174.9,,,,FORMAT_MISMATCH,FORMAT_MISMATCH
EXC_000726,PAY_001181,PAY,payment_id,1,0,1,0.9473684210526315,0.0,,,,0,,0,10342.7,155.14,27.93,,,,FORMAT_MISMATCH,FORMAT_MISMATCH
EXC_000727,PAY_001204,PAY,payment_id,1,0,1,0.9,1.0,,,,0,,0,4980.78,0.0,0.0,,,,FORMAT_MISMATCH,FORMAT_MISMATCH
EXC_000728,PAY_001205,PAY,payment_id,1,0,1,0.7,1.0,,,,0,,0,36900.25,664.2,119.56,,,,FORMAT_MISMATCH,FORMAT_MISMATCH
EXC_000729,PAY_001212,PAY,payment_id,1,0,0,0.7777777777777778,0.3333333333333333,,,,0,,0,9088.36,136.33,24.54,,,,FORMAT_MISMATCH,FORMAT_MISMATCH
EXC_000730,PAY_001218,PAY,payment_id,1,0,0,0.7777777777777778,0.3333333333333333,,,,0,,0,68445.9,1232.03,221.77,,,,FORMAT_MISMATCH,FORMAT_MISMATCH
EXC_000731,PAY_001225,PAY,payment_id,1,0,1,0.9,1.0,,,,0,,0,31975.64,0.0,0.0,,,,FORMAT_MISMATCH,FORMAT_MISMATCH
EXC_000732,PAY_001226,PAY,payment_id,1,0,1,0.9,1.0,,,,0,,0,86634.42,0.0,0.0,,,,FORMAT_MISMATCH,FORMAT_MISMATCH
EXC_000733,PAY_001228,PAY,payment_id,1,0,1,0.631578947368421,0.0,,,,0,,0,5573.14,100.32,18.06,5573.14,,,FORMAT_MISMATCH,FORMAT_MISMATCH
EXC_000734,PAY_001234,PAY,payment_id,1,0,0,0.8235294117647058,0.0,,,,0,,0,16029.18,288.53,51.94,,,,FORMAT_MISMATCH,FORMAT_MISMATCH
EXC_000735,PAY_001246,PAY,payment_id,1,0,1,0.9473684210526315,0.0,,,,0,,0,9592.22,0.0,0.0,4508.34,,,FORMAT_MISMATCH,FORMAT_MISMATCH
EXC_000736,PAY_001250,PAY,payment_id,1,0,1,0.9,1.0,,,,0,,0,825.47,0.0,0.0,,,,FORMAT_MISMATCH,FORMAT_MISMATCH
EXC_000737,PAY_001254,PAY,payment_id,1,0,1,0.7,1.0,,,,0,,0,16620.3,249.3,44.87,,,,FORMAT_MISMATCH,FORMAT_MISMATCH
EXC_000742,PAY_001287,PAY,payment_id,1,0,1,0.6,1.0,,,,0,,0,4859.53,0.0,0.0,,,,FORMAT_MISMATCH,FORMAT_MISMATCH
EXC_000743,PAY_001295,PAY,payment_id,1,0,1,0.9,1.0,,,,0,,0,87544.2,0.0,0.0,,,,FORMAT_MISMATCH,FORMAT_MISMATCH
EXC_000744,PAY_001302,PAY,payment_id,1,0,1,0.9,1.0,,,,0,,0,4421.46,0.0,0.0,,,,FORMAT_MISMATCH,FORMAT_MISMATCH
EXC_000745,PAY_001307,PAY,payment_id,1,0,1,0.9473684210526315,0.0,,,,0,,0,4058.02,0.0,0.0,,,,FORMAT_MISMATCH,FORMAT_MISMATCH
EXC_000746,PAY_001335,PAY,payment_id,1,0,1,0.9,1.0,,,,0,,0,19714.26,0.0,0.0,,,,FORMAT_MISMATCH,FORMAT_MISMATCH
EXC_000747,PAY_001346,PAY,payment_id,1,0,0,0.782608695652174,0.0,,,,0,,0,6574.84,0.0,0.0,,,,FORMAT_MISMATCH,FORMAT_MISMATCH
EXC_000749,PAY_001359,PAY,payment_id,1,0,1,0.631578947368421,0.0,,,,0,,0,4172.36,0.0,0.0,,,,FORMAT_MISMATCH,FORMAT_MISMATCH
EXC_000750,PAY_001367,PAY,payment_id,1,1,1,1.0,1.0,,,,0,,0,2623.14,47.22,8.5,,,,FORMAT_MISMATCH,FORMAT_MISMATCH
EXC_000751,PAY_001372,PAY,payment_id,1,0,1,0.9473684210526315,0.0,,,,0,,0,2198.34,39.57,7.12,,,,FORMAT_MISMATCH,FORMAT_MISMATCH
EXC_000753,PAY_001381,PAY,payment_id,1,0,1,0.9,1.0,,,,0,,0,311.52,5.61,1.01,311.52,,,FORMAT_MISMATCH,FORMAT_MISMATCH
EXC_000755,PAY_001395,PAY,payment_id,1,0,1,0.9473684210526315,0.0,,,,0,,0,7544.33,135.8,24.44,,,,FORMAT_MISMATCH,FORMAT_MISMATCH
EXC_000756,PAY_001396,PAY,payment_id,1,0,1,0.9,1.0,,,,0,,0,10338.22,0.0,0.0,,,,FORMAT_MISMATCH,FORMAT_MISMATCH
EXC_000758,PAY_001404,PAY,payment_id,1,0,1,0.9,1.0,,,,0,,0,15184.24,0.0,0.0,15184.24,,,FORMAT_MISMATCH,FORMAT_MISMATCH
EXC_000759,PAY_001408,PAY,payment_id,1,0,1,0.7,1.0,,,,0,,0,29076.38,0.0,0.0,,,,FORMAT_MISMATCH,FORMAT_MISMATCH
EXC_000760,PAY_001412,PAY,payment_id,1,0,1,0.9473684210526315,0.0,,,,0,,0,35615.94,641.09,115.4,,,,FORMAT_MISMATCH,FORMAT_MISMATCH
EXC_000761,PAY_001415,PAY,payment_id,1,0,1,0.9473684210526315,0.0,,,,0,,0,7736.08,0.0,0.0,,,,FORMAT_MISMATCH,FORMAT_MISMATCH
EXC_000762,PAY_001416,PAY,payment_id,1,0,0,0.8235294117647058,0.0,,,,0,,0,5431.54,108.63,19.55,,,,FORMAT_MISMATCH,FORMAT_MISMATCH
EXC_000763,PAY_001432,PAY,payment_id,1,0,1,0.9,1.0,,,,0,,0,8765.1,157.77,28.4,,,,FORMAT_MISMATCH,FORMAT_MISMATCH
EXC_000765,PAY_001458,PAY,payment_id,1,0,1,0.9,1.0,,,,0,,0,766.76,0.0,0.0,,,,FORMAT_MISMATCH,FORMAT_MISMATCH
EXC_000766,PAY_001459,PAY,payment_id,1,0,1,0.9473684210526315,0.0,,,,0,,0,19972.86,0.0,0.0,,,,FORMAT_MISMATCH,FORMAT_MISMATCH
EXC_000767,PAY_001481,PAY,payment_id,1,0,1,0.9,1.0,,,,0,,0,6102.72,0.0,0.0,,,,FORMAT_MISMATCH,FORMAT_MISMATCH
EXC_000768,PAY_001491,PAY,payment_id,1,0,1,0.6,1.0,,,,0,,0,3194.85,0.0,0.0,,,,FORMAT_MISMATCH,FORMAT_MISMATCH
EXC_000769,PAY_001492,PAY,payment_id,1,0,1,0.9,1.0,,,,0,,0,58703.58,1056.66,190.2,,,,FORMAT_MISMATCH,FORMAT_MISMATCH
EXC_000770,PAY_001498,PAY,payment_id,1,0,1,0.9,1.0,,,,0,,0,2814.42,50.66,9.12,,,,FORMAT_MISMATCH,FORMAT_MISMATCH
EXC_000771,PAY_001503,PAY,payment_id,1,0,1,0.9,1.0,,,,0,,0,17185.4,0.0,0.0,,,,FORMAT_MISMATCH,FORMAT_MISMATCH
EXC_000772,PAY_001504,PAY,payment_id,1,0,0,0.8333333333333334,0.3333333333333333,,,,0,,0,781.34,11.72,2.11,,,,FORMAT_MISMATCH,FORMAT_MISMATCH
EXC_000774,PAY_001519,PAY,payment_id,1,0,1,0.9473684210526315,0.0,,,,0,,0,2041.16,30.62,5.51,,,,FORMAT_MISMATCH,FORMAT_MISMATCH
EXC_000776,PAY_001523,PAY,payment_id,1,0,1,0.9,1.0,,,,0,,0,12322.03,221.8,39.92,,,,FORMAT_MISMATCH,FORMAT_MISMATCH
EXC_000777,PAY_001527,PAY,payment_id,1,0,1,0.9,1.0,,,,0,,0,1039.17,0.0,0.0,,,,FORMAT_MISMATCH,FORMAT_MISMATCH
EXC_000779,PAY_001550,PAY,payment_id,1,0,1,0.9,1.0,,,,0,,0,2050.84,30.76,5.54,,,,FORMAT_MISMATCH,FORMAT_MISMATCH
EXC_000780,PAY_001551,PAY,payment_id,1,0,0,0.75,0.3333333333333333,,,,0,,0,28586.5,514.56,92.62,,,,FORMAT_MISMATCH,FORMAT_MISMATCH
EXC_000784,PAY_001589,PAY,payment_id,1,0,1,0.9473684210526315,0.0,,,,0,,0,2939.26,44.09,7.94,,,,FORMAT_MISMATCH,FORMAT_MISMATCH
EXC_000785,PAY_001591,PAY,payment_id,1,0,1,0.9,1.0,,,,0,,0,30598.82,0.0,0.0,,,,FORMAT_MISMATCH,FORMAT_MISMATCH
EXC_000786,PAY_001595,PAY,payment_id,1,0,1,0.9,1.0,,,,0,,0,2220.76,44.42,8.0,,,,FORMAT_MISMATCH,FORMAT_MISMATCH
EXC_000788,PAY_001610,PAY,payment_id,1,0,1,0.9,1.0,,,,0,,0,35239.76,0.0,0.0,,,,FORMAT_MISMATCH,FORMAT_MISMATCH
EXC_000789,PAY_001615,PAY,payment_id,1,0,1,0.9473684210526315,0.0,,,,0,,0,631.3,11.36,2.04,,,,FORMAT_MISMATCH,FORMAT_MISMATCH
EXC_000791,PAY_001623,PAY,payment_id,1,0,1,0.9,1.0,,,,0,,0,9806.51,0.0,0.0,,,,FORMAT_MISMATCH,FORMAT_MISMATCH
EXC_000792,PAY_001627,PAY,payment_id,1,0,1,0.9,1.0,,,,0,,0,3269.78,0.0,0.0,1961.87,,,FORMAT_MISMATCH,FORMAT_MISMATCH
EXC_000793,PAY_001630,PAY,payment_id,1,0,1,0.7,1.0,,,,0,,0,20677.14,0.0,0.0,,,,FORMAT_MISMATCH,FORMAT_MISMATCH
EXC_000794,PAY_001631,PAY,payment_id,1,0,1,0.9473684210526315,0.0,,,,0,,0,2819.43,0.0,0.0,,,,FORMAT_MISMATCH,FORMAT_MISMATCH
EXC_000795,PAY_001643,PAY,payment_id,1,0,0,0.75,0.3333333333333333,,,,0,,0,935.8,16.84,3.03,,,,FORMAT_MISMATCH,FORMAT_MISMATCH
EXC_000798,PAY_001668,PAY,payment_id,1,0,1,0.9,1.0,,,,0,,0,5186.1,77.79,14.0,,,,FORMAT_MISMATCH,FORMAT_MISMATCH
EXC_000799,PAY_001670,PAY,payment_id,1,0,1,0.9,1.0,,,,0,,0,27224.96,0.0,0.0,,,,FORMAT_MISMATCH,FORMAT_MISMATCH
EXC_000800,PAY_001676,PAY,payment_id,1,0,1,0.9473684210526315,0.0,,,,0,,0,4472.38,80.5,14.49,,,,FORMAT_MISMATCH,FORMAT_MISMATCH
EXC_000801,PAY_001685,PAY,payment_id,1,0,1,0.9,1.0,,,,0,,0,6631.6,0.0,0.0,,,,FORMAT_MISMATCH,FORMAT_MISMATCH
EXC_000802,PAY_001699,PAY,payment_id,1,0,1,0.6,1.0,,,,0,,0,61729.1,1111.12,200.0,,,,FORMAT_MISMATCH,FORMAT_MISMATCH
EXC_000803,PAY_001700,PAY,payment_id,1,0,1,0.9,1.0,,,,0,,0,29425.66,0.0,0.0,,,,FORMAT_MISMATCH,FORMAT_MISMATCH
EXC_000806,PAY_001707,PAY,payment_id,1,0,1,0.9,1.0,,,,0,,0,31199.32,0.0,0.0,,,,FORMAT_MISMATCH,FORMAT_MISMATCH
EXC_000808,PAY_001716,PAY,payment_id,1,0,1,0.9,1.0,,,,0,,0,25799.52,386.99,69.66,,,,FORMAT_MISMATCH,FORMAT_MISMATCH
EXC_000809,PAY_001734,PAY,payment_id,1,0,1,0.9473684210526315,0.0,,,,0,,0,54577.07,0.0,0.0,,,,FORMAT_MISMATCH,FORMAT_MISMATCH
EXC_000810,PAY_001738,PAY,payment_id,1,0,1,0.9,1.0,,,,0,,0,1367.86,20.52,3.69,,,,FORMAT_MISMATCH,FORMAT_MISMATCH
EXC_000811,PAY_001747,PAY,payment_id,1,0,1,0.9473684210526315,0.0,,,,0,,0,7249.04,0.0,0.0,,,,FORMAT_MISMATCH,FORMAT_MISMATCH
EXC_000815,PAY_001775,PAY,payment_id,1,0,1,0.9473684210526315,0.0,,,,0,,0,3354.03,0.0,0.0,,,,FORMAT_MISMATCH,FORMAT_MISMATCH
EXC_000819,PAY_001801,PAY,payment_id,1,0,1,0.9473684210526315,0.0,,,,0,,0,10984.62,0.0,0.0,,,,FORMAT_MISMATCH,FORMAT_MISMATCH
EXC_000821,PAY_001809,PAY,payment_id,1,0,1,0.9473684210526315,0.0,,,,0,,0,2556.23,0.0,0.0,,,,FORMAT_MISMATCH,FORMAT_MISMATCH
EXC_000822,PAY_001816,PAY,payment_id,1,0,1,0.9,1.0,,,,0,,0,60165.84,0.0,0.0,,,,FORMAT_MISMATCH,FORMAT_MISMATCH
EXC_000823,PAY_001817,PAY,payment_id,1,0,1,0.6,1.0,,,,0,,0,99339.48,0.0,0.0,,,,FORMAT_MISMATCH,FORMAT_MISMATCH
EXC_000825,PAY_001820,PAY,payment_id,1,0,1,0.631578947368421,0.0,,,,0,,0,14280.42,0.0,0.0,,,,FORMAT_MISMATCH,FORMAT_MISMATCH
EXC_000827,PAY_001829,PAY,payment_id,1,0,1,0.7,1.0,,,,0,,0,1738.85,34.78,6.26,,,,FORMAT_MISMATCH,FORMAT_MISMATCH
EXC_000829,PAY_001834,PAY,payment_id,1,0,1,0.9,1.0,,,,0,,0,9959.44,0.0,0.0,,,,FORMAT_MISMATCH,FORMAT_MISMATCH
EXC_000830,PAY_001836,PAY,payment_id,1,0,1,0.9473684210526315,0.0,,,,0,,0,8321.36,0.0,0.0,8321.36,,,FORMAT_MISMATCH,FORMAT_MISMATCH
EXC_000831,PAY_001838,PAY,payment_id,1,0,1,0.7,1.0,,,,0,,0,20212.75,363.83,65.49,,,,FORMAT_MISMATCH,FORMAT_MISMATCH
EXC_000832,PAY_001845,PAY,payment_id,1,0,1,0.9473684210526315,0.0,,,,0,,0,54953.78,0.0,0.0,,,,FORMAT_MISMATCH,FORMAT_MISMATCH
EXC_000833,PAY_001857,PAY,payment_id,1,0,1,0.9,1.0,,,,0,,0,5915.34,106.48,19.17,,,,FORMAT_MISMATCH,FORMAT_MISMATCH
EXC_000834,PAY_001863,PAY,payment_id,1,0,0,0.75,0.3333333333333333,,,,0,,0,16686.38,0.0,0.0,8676.92,,,FORMAT_MISMATCH,FORMAT_MISMATCH
EXC_000837,PAY_001871,PAY,payment_id,1,0,1,0.9,1.0,,,,0,,0,13610.06,0.0,0.0,,,,FORMAT_MISMATCH,FORMAT_MISMATCH
EXC_000839,PAY_001877,PAY,payment_id,1,0,1,0.6,1.0,,,,0,,0,25281.91,0.0,0.0,,,,FORMAT_MISMATCH,FORMAT_MISMATCH
EXC_000840,PAY_001879,PAY,payment_id,1,0,0,0.7777777777777778,0.3333333333333333,,,,0,,0,3721.72,66.99,12.06,,,,FORMAT_MISMATCH,FORMAT_MISMATCH
EXC_000842,PAY_001899,PAY,payment_id,1,0,1,0.9473684210526315,0.0,,,,0,,0,50755.81,0.0,0.0,,,,FORMAT_MISMATCH,FORMAT_MISMATCH
EXC_000843,PAY_001901,PAY,payment_id,1,0,0,0.8235294117647058,0.0,,,,0,,0,41979.56,629.69,113.34,,,,FORMAT_MISMATCH,FORMAT_MISMATCH
EXC_000844,PAY_001903,PAY,payment_id,1,0,1,0.7,1.0,,,,0,,0,9437.64,0.0,0.0,,,,FORMAT_MISMATCH,FORMAT_MISMATCH
EXC_000845,PAY_001918,PAY,payment_id,1,0,1,0.9,1.0,,,,0,,0,33168.62,497.53,89.56,,,,FORMAT_MISMATCH,FORMAT_MISMATCH
EXC_000846,PAY_001925,PAY,payment_id,1,0,1,0.9473684210526315,0.0,,,,0,,0,8097.75,0.0,0.0,8097.75,,,FORMAT_MISMATCH,FORMAT_MISMATCH
EXC_000847,PAY_001931,PAY,payment_id,1,0,1,0.9,1.0,,,,0,,0,76992.88,1385.87,249.46,,,,FORMAT_MISMATCH,FORMAT_MISMATCH
EXC_000848,PAY_001941,PAY,payment_id,1,0,1,0.9473684210526315,0.0,,,,0,,0,9573.34,0.0,0.0,,,,FORMAT_MISMATCH,FORMAT_MISMATCH
EXC_000849,PAY_001949,PAY,payment_id,1,0,1,0.9,1.0,,,,0,,0,130641.34,0.0,0.0,,,,FORMAT_MISMATCH,FORMAT_MISMATCH
EXC_000850,PAY_001953,PAY,payment_id,1,0,1,0.9473684210526315,0.0,,,,0,,0,36309.19,0.0,0.0,,,,FORMAT_MISMATCH,FORMAT_MISMATCH
EXC_000851,PAY_001958,PAY,payment_id,1,0,1,0.9,1.0,,,,0,,0,13598.32,271.97,48.95,,,,FORMAT_MISMATCH,FORMAT_MISMATCH
EXC_000852,PAY_001960,PAY,payment_id,1,0,1,0.9,1.0,,,,0,,0,59812.08,1196.24,215.32,,,,FORMAT_MISMATCH,FORMAT_MISMATCH
EXC_000853,PAY_001961,PAY,payment_id,1,0,1,0.9,1.0,,,,0,,0,52321.2,784.82,141.27,,,,FORMAT_MISMATCH,FORMAT_MISMATCH
EXC_000854,PAY_001974,PAY,payment_id,1,1,1,1.0,1.0,,,,0,,0,377.78,7.56,1.36,,,,FORMAT_MISMATCH,FORMAT_MISMATCH
EXC_000855,PAY_001988,PAY,payment_id,1,0,1,0.9,1.0,,,,0,,0,58756.09,0.0,0.0,58756.09,,,FORMAT_MISMATCH,FORMAT_MISMATCH
EXC_000857,PAY_001992,PAY,payment_id,1,0,1,0.9,1.0,,,,0,,0,45739.16,823.3,148.19,,,,FORMAT_MISMATCH,FORMAT_MISMATCH
EXC_000858,PAY_001995,PAY,payment_id,1,0,1,0.9473684210526315,0.0,,,,0,,0,128.62,2.32,0.42,,,,FORMAT_MISMATCH,FORMAT_MISMATCH
EXC_000859,STL_000003,STL,settlement_id,1,0,0,0.7777777777777778,0.3333333333333333,,,,0,,0,307486.72,,,,,,FORMAT_MISMATCH,FORMAT_MISMATCH
EXC_000860,STL_000006,STL,settlement_id,1,0,1,0.9473684210526315,0.0,,,,0,,0,354217.63,,,,-1416.0,,FORMAT_MISMATCH,FORMAT_MISMATCH
EXC_000861,STL_000009,STL,settlement_id,1,0,1,0.9,1.0,,,,0,,0,62303.13,,,,,,FORMAT_MISMATCH,FORMAT_MISMATCH
EXC_000862,STL_000015,STL,settlement_id,1,0,1,0.9473684210526315,0.0,,,,0,,0,536351.34,,,,,,FORMAT_MISMATCH,FORMAT_MISMATCH
EXC_000863,STL_000025,STL,settlement_id,1,0,0,0.6666666666666666,0.3333333333333333,,,,0,,0,333971.01,,,,-102.0,,FORMAT_MISMATCH,FORMAT_MISMATCH
EXC_000864,STL_000028,STL,settlement_id,1,0,1,0.9,1.0,,,,0,,0,622289.62,,,,,,FORMAT_MISMATCH,FORMAT_MISMATCH
EXC_000865,STL_000035,STL,settlement_id,1,0,1,0.9,1.0,,,,0,,0,271407.77,,,,2990.0,,FORMAT_MISMATCH,FORMAT_MISMATCH
EXC_000867,STL_000042,STL,settlement_id,1,0,1,0.9473684210526315,0.0,,,,0,,0,215676.51,,,,,,FORMAT_MISMATCH,FORMAT_MISMATCH
EXC_000868,STL_000048,STL,settlement_id,1,0,1,0.9,1.0,,,,0,,0,80674.51,,,,-10034.0,,FORMAT_MISMATCH,FORMAT_MISMATCH
EXC_000869,STL_000053,STL,settlement_id,1,0,1,0.9,1.0,,,,0,,0,155616.29,,,,-17002.0,,FORMAT_MISMATCH,FORMAT_MISMATCH
EXC_000870,STL_000065,STL,settlement_id,1,0,1,0.9,1.0,,,,0,,0,181009.04,,,,,,FORMAT_MISMATCH,FORMAT_MISMATCH
EXC_000871,STL_000069,STL,settlement_id,1,0,1,0.9,1.0,,,,0,,0,107925.68,,,,-1853.0,,FORMAT_MISMATCH,FORMAT_MISMATCH
EXC_000872,STL_000079,STL,settlement_id,1,0,1,0.9,1.0,,,,0,,0,22498.53,,,,,,FORMAT_MISMATCH,FORMAT_MISMATCH
EXC_000873,STL_000082,STL,settlement_id,1,0,1,0.9,1.0,,,,0,,0,31447.67,,,,-1996.0,,FORMAT_MISMATCH,FORMAT_MISMATCH
EXC_000875,STL_000096,STL,settlement_id,1,0,1,0.9473684210526315,0.0,,,,0,,0,60011.15,,,,,,FORMAT_MISMATCH,FORMAT_MISMATCH
EXC_000876,STL_000101,STL,settlement_id,1,0,0,0.7407407407407407,0.3333333333333333,,,,0,,0,50431.69,,,,,,FORMAT_MISMATCH,FORMAT_MISMATCH
EXC_000878,STL_000122,STL,settlement_id,1,0,1,0.9473684210526315,0.0,,,,0,,0,485367.32,,,,,,FORMAT_MISMATCH,FORMAT_MISMATCH
EXC_000879,STL_000135,STL,settlement_id,1,0,1,0.9,1.0,,,,0,,0,634227.32,,,,,,FORMAT_MISMATCH,FORMAT_MISMATCH
EXC_000880,STL_000137,STL,settlement_id,1,0,1,0.9,1.0,,,,0,,0,703293.28,,,,-9511.0,,FORMAT_MISMATCH,FORMAT_MISMATCH
EXC_000881,STL_000141,STL,settlement_id,1,0,1,0.6,1.0,,,,0,,0,729943.21,,,,,,FORMAT_MISMATCH,FORMAT_MISMATCH
EXC_000883,STL_000154,STL,settlement_id,1,0,1,0.9,1.0,,,,0,,0,93797.9,,,,9822.0,,FORMAT_MISMATCH,FORMAT_MISMATCH
EXC_000884,STL_000164,STL,settlement_id,1,0,1,0.9,1.0,,,,0,,0,66926.8,,,,-3003.0,,FORMAT_MISMATCH,FORMAT_MISMATCH
EXC_000889,BNK_000478,BNK,description,1,1,1,1.0,1.0,,,,0,,0,224838.0,,,,,,DESCRIPTION_MISMATCH,DESCRIPTION_MISMATCH
EXC_000891,BNK_000403,BNK,description,1,0,0,0.6666666666666666,0.3333333333333333,,,,0,,0,55159.0,,,,,,DESCRIPTION_MISMATCH,DESCRIPTION_MISMATCH
EXC_000892,BNK_000484,BNK,description,1,0,1,0.9,1.0,,,,0,,0,2445.0,,,,,,DESCRIPTION_MISMATCH,DESCRIPTION_MISMATCH
EXC_000893,BNK_000037,BNK,description,1,0,0,0.6938775510204082,0.75,,,,0,,0,188663.29,,,,,,DESCRIPTION_MISMATCH,DESCRIPTION_MISMATCH
EXC_000896,BNK_000467,BNK,description,1,1,1,1.0,1.0,,,,0,,0,98048.0,,,,,,DESCRIPTION_MISMATCH,DESCRIPTION_MISMATCH
EXC_000897,BNK_000502,BNK,description,1,0,1,0.9259259259259259,1.0,,,,0,,0,94527.0,,,,,,DESCRIPTION_MISMATCH,DESCRIPTION_MISMATCH
EXC_000898,BNK_000182,BNK,description,1,1,1,1.0,1.0,,,,0,,0,105978.0,,,,,,DESCRIPTION_MISMATCH,DESCRIPTION_MISMATCH
EXC_000899,BNK_000205,BNK,description,1,0,1,0.9411764705882353,1.0,,,,0,,0,144139.0,,,,,,DESCRIPTION_MISMATCH,DESCRIPTION_MISMATCH
EXC_000900,BNK_000267,BNK,description,1,0,1,0.32,1.0,,,,0,,0,1463.0,,,,,,DESCRIPTION_MISMATCH,DESCRIPTION_MISMATCH
EXC_000901,BNK_000489,BNK,description,1,0,1,0.5,1.0,,,,0,,0,65202.0,,,,,,DESCRIPTION_MISMATCH,DESCRIPTION_MISMATCH
EXC_000902,BNK_000518,BNK,description,1,0,1,0.9,1.0,,,,0,,0,7568.0,,,,,,DESCRIPTION_MISMATCH,DESCRIPTION_MISMATCH
EXC_000903,BNK_000001,BNK,description,1,0,0,0.6122448979591837,0.75,,,,0,,0,194718.37,,,,,,DESCRIPTION_MISMATCH,DESCRIPTION_MISMATCH
EXC_000904,BNK_000109,BNK,description,1,0,0,0.5714285714285714,0.3333333333333333,,,,0,,0,982694.11,,,,,,DESCRIPTION_MISMATCH,DESCRIPTION_MISMATCH
EXC_000907,BNK_000213,BNK,description,1,0,0,0.6666666666666666,0.4,,,,0,,0,134248.0,,,,,,DESCRIPTION_MISMATCH,DESCRIPTION_MISMATCH
EXC_000908,BNK_000253,BNK,description,1,1,1,1.0,1.0,,,,0,,0,158740.0,,,,,,DESCRIPTION_MISMATCH,DESCRIPTION_MISMATCH
EXC_000910,BNK_000290,BNK,description,1,1,1,1.0,1.0,,,,0,,0,6205.0,,,,,,DESCRIPTION_MISMATCH,DESCRIPTION_MISMATCH
EXC_000912,BNK_000389,BNK,description,1,0,1,0.34615384615384615,1.0,,,,0,,0,73186.0,,,,,,DESCRIPTION_MISMATCH,DESCRIPTION_MISMATCH
EXC_000913,BNK_000391,BNK,description,1,0,1,0.9032258064516129,1.0,,,,0,,0,413383.0,,,,,,DESCRIPTION_MISMATCH,DESCRIPTION_MISMATCH
EXC_000914,BNK_000040,BNK,description,1,0,0,0.5660377358490566,0.3333333333333333,,,,0,,0,142506.77,,,,,,DESCRIPTION_MISMATCH,DESCRIPTION_MISMATCH
EXC_000915,BNK_000148,BNK,description,1,0,0,0.75,0.6,,,,0,,0,75396.99,,,,,,DESCRIPTION_MISMATCH,DESCRIPTION_MISMATCH
EXC_000916,BNK_000366,BNK,description,1,1,1,1.0,1.0,,,,0,,0,194412.0,,,,,,DESCRIPTION_MISMATCH,DESCRIPTION_MISMATCH
EXC_000917,BNK_000400,BNK,description,1,0,1,0.3076923076923077,1.0,,,,0,,0,547.0,,,,,,DESCRIPTION_MISMATCH,DESCRIPTION_MISMATCH
EXC_000918,BNK_000008,BNK,description,1,0,0,0.75,0.0,,,,0,,0,293086.01,,,,,,DESCRIPTION_MISMATCH,DESCRIPTION_MISMATCH
EXC_000920,BNK_000324,BNK,description,1,0,1,0.9259259259259259,1.0,,,,0,,0,9436.0,,,,,,DESCRIPTION_MISMATCH,DESCRIPTION_MISMATCH
EXC_000921,BNK_000347,BNK,description,1,0,1,0.4117647058823529,1.0,,,,0,,0,22634.0,,,,,,DESCRIPTION_MISMATCH,DESCRIPTION_MISMATCH
EXC_000923,BNK_000149,BNK,description,1,0,0,0.7272727272727273,0.6,,,,0,,0,70489.31,,,,,,DESCRIPTION_MISMATCH,DESCRIPTION_MISMATCH
EXC_000926,BNK_000244,BNK,description,1,1,1,1.0,1.0,,,,0,,0,301451.0,,,,,,DESCRIPTION_MISMATCH,DESCRIPTION_MISMATCH
EXC_000927,BNK_000288,BNK,description,1,1,1,1.0,1.0,,,,0,,0,293365.0,,,,,,DESCRIPTION_MISMATCH,DESCRIPTION_MISMATCH
EXC_000928,BNK_000338,BNK,description,1,0,0,0.6666666666666666,0.25,,,,0,,0,167568.0,,,,,,DESCRIPTION_MISMATCH,DESCRIPTION_MISMATCH
EXC_000929,BNK_000436,BNK,description,1,1,1,1.0,1.0,,,,0,,0,79482.0,,,,,,DESCRIPTION_MISMATCH,DESCRIPTION_MISMATCH
EXC_000931,BNK_000047,BNK,description,1,0,0,0.5416666666666666,0.0,,,,0,,0,74936.49,,,,,,DESCRIPTION_MISMATCH,DESCRIPTION_MISMATCH
EXC_000933,BNK_000200,BNK,description,1,1,1,1.0,1.0,,,,0,,0,4929.0,,,,,,DESCRIPTION_MISMATCH,DESCRIPTION_MISMATCH
EXC_000934,BNK_000397,BNK,description,1,1,1,1.0,1.0,,,,0,,0,167821.0,,,,,,DESCRIPTION_MISMATCH,DESCRIPTION_MISMATCH
EXC_000936,BNK_000009,BNK,description,1,0,0,0.5,0.2,,,,0,,0,62303.13,,,,,,DESCRIPTION_MISMATCH,DESCRIPTION_MISMATCH
EXC_000937,BNK_000333,BNK,description,1,0,0,0.6470588235294118,0.25,,,,0,,0,27325.0,,,,,,DESCRIPTION_MISMATCH,DESCRIPTION_MISMATCH
EXC_000940,BNK_000325,BNK,description,1,0,1,0.9130434782608695,1.0,,,,0,,0,9272.0,,,,,,DESCRIPTION_MISMATCH,DESCRIPTION_MISMATCH
EXC_000941,BNK_000121,BNK,description,1,0,0,0.5238095238095238,0.2,,,,0,,0,450484.22,,,,,,DESCRIPTION_MISMATCH,DESCRIPTION_MISMATCH
EXC_000943,BNK_000493,BNK,description,1,0,1,0.9411764705882353,1.0,,,,0,,0,99936.0,,,,,,DESCRIPTION_MISMATCH,DESCRIPTION_MISMATCH
EXC_000944,BNK_000049,BNK,description,1,0,0,0.2926829268292683,0.0,,,,0,,0,127529.09,,,,,,DESCRIPTION_MISMATCH,DESCRIPTION_MISMATCH
EXC_000945,BNK_000276,BNK,description,1,0,1,0.9,1.0,,,,0,,0,11221.0,,,,,,DESCRIPTION_MISMATCH,DESCRIPTION_MISMATCH
EXC_000946,BNK_000349,BNK,description,1,0,1,0.875,1.0,,,,0,,0,519.0,,,,,,DESCRIPTION_MISMATCH,DESCRIPTION_MISMATCH
EXC_000947,BNK_000385,BNK,description,1,0,0,0.6486486486486487,0.25,,,,0,,0,2024.0,,,,,,DESCRIPTION_MISMATCH,DESCRIPTION_MISMATCH
EXC_000948,BNK_000054,BNK,description,1,0,0,0.3333333333333333,0.0,,,,0,,0,217958.53,,,,,,DESCRIPTION_MISMATCH,DESCRIPTION_MISMATCH
EXC_000949,BNK_000083,BNK,description,1,0,0,0.4782608695652174,0.16666666666666666,,,,0,,0,39308.65,,,,,,DESCRIPTION_MISMATCH,DESCRIPTION_MISMATCH
EXC_000950,BNK_000086,BNK,description,1,0,1,0.9830508474576272,0.4,,,,0,,0,40023.76,,,,,,DESCRIPTION_MISMATCH,DESCRIPTION_MISMATCH
EXC_000951,BNK_000120,BNK,description,1,0,0,0.6363636363636364,0.4,,,,0,,0,877487.91,,,,,,DESCRIPTION_MISMATCH,DESCRIPTION_MISMATCH
EXC_000952,BNK_000123,BNK,description,1,0,0,0.5416666666666666,0.0,,,,0,,0,347752.49,,,,,,DESCRIPTION_MISMATCH,DESCRIPTION_MISMATCH
EXC_000953,BNK_000315,BNK,description,1,0,1,0.9375,1.0,,,,0,,0,69999.0,,,,,,DESCRIPTION_MISMATCH,DESCRIPTION_MISMATCH
EXC_000955,BNK_000410,BNK,description,1,1,1,1.0,1.0,,,,0,,0,50959.0,,,,,,DESCRIPTION_MISMATCH,DESCRIPTION_MISMATCH
EXC_000957,BNK_000085,BNK,description,1,0,0,0.5660377358490566,0.3333333333333333,,,,0,,0,33055.41,,,,,,DESCRIPTION_MISMATCH,DESCRIPTION_MISMATCH
EXC_000958,BNK_000250,BNK,description,1,0,0,0.6666666666666666,0.6666666666666666,,,,0,,0,23893.0,,,,,,DESCRIPTION_MISMATCH,DESCRIPTION_MISMATCH
EXC_000959,BNK_000535,BNK,description,1,1,1,1.0,1.0,,,,0,,0,13809.0,,,,,,DESCRIPTION_MISMATCH,DESCRIPTION_MISMATCH
EXC_000961,BNK_000305,BNK,description,1,0,1,0.9047619047619048,1.0,,,,0,,0,87179.0,,,,,,DESCRIPTION_MISMATCH,DESCRIPTION_MISMATCH
EXC_000962,BNK_000360,BNK,description,1,0,0,0.6451612903225806,0.25,,,,0,,0,111595.0,,,,,,DESCRIPTION_MISMATCH,DESCRIPTION_MISMATCH
EXC_000964,BNK_000520,BNK,description,1,0,1,0.32,1.0,,,,0,,0,2253.0,,,,,,DESCRIPTION_MISMATCH,DESCRIPTION_MISMATCH
EXC_000965,BNK_000543,BNK,description,1,0,0,0.6666666666666666,0.25,,,,0,,0,119126.0,,,,,,DESCRIPTION_MISMATCH,DESCRIPTION_MISMATCH
EXC_000966,BNK_000020,BNK,description,1,0,0,0.5,0.2,,,,0,,0,159821.77,,,,,,DESCRIPTION_MISMATCH,DESCRIPTION_MISMATCH
EXC_000967,BNK_000056,BNK,description,1,0,1,0.9830508474576272,0.4,,,,0,,0,98071.92,,,,,,DESCRIPTION_MISMATCH,DESCRIPTION_MISMATCH
EXC_000969,BNK_000233,BNK,description,1,0,0,0.6666666666666666,0.25,,,,0,,0,150354.0,,,,,,DESCRIPTION_MISMATCH,DESCRIPTION_MISMATCH
EXC_000970,BNK_000255,BNK,description,1,0,1,0.8947368421052632,1.0,,,,0,,0,33697.0,,,,,,DESCRIPTION_MISMATCH,DESCRIPTION_MISMATCH
EXC_000972,BNK_000363,BNK,description,1,0,1,0.8846153846153846,1.0,,,,0,,0,398021.0,,,,,,DESCRIPTION_MISMATCH,DESCRIPTION_MISMATCH
EXC_000973,BNK_000128,BNK,description,1,0,0,0.7346938775510204,0.75,,,,0,,0,740579.12,,,,,,DESCRIPTION_MISMATCH,DESCRIPTION_MISMATCH
EXC_000974,BNK_000294,BNK,description,1,0,0,0.6666666666666666,0.25,,,,0,,0,2465.0,,,,,,DESCRIPTION_MISMATCH,DESCRIPTION_MISMATCH
EXC_000975,BNK_000503,BNK,description,1,1,1,1.0,1.0,,,,0,,0,149434.0,,,,,,DESCRIPTION_MISMATCH,DESCRIPTION_MISMATCH
EXC_000976,BNK_000021,BNK,description,1,0,0,0.5,0.4,,,,0,,0,418233.15,,,,,,DESCRIPTION_MISMATCH,DESCRIPTION_MISMATCH
EXC_000977,BNK_000211,BNK,description,1,0,1,0.9375,1.0,,,,0,,0,50446.0,,,,,,DESCRIPTION_MISMATCH,DESCRIPTION_MISMATCH
EXC_000978,BNK_000271,BNK,description,1,1,1,1.0,1.0,,,,0,,0,409809.0,,,,,,DESCRIPTION_MISMATCH,DESCRIPTION_MISMATCH
EXC_000979,BNK_000444,BNK,description,1,1,1,1.0,1.0,,,,0,,0,18953.0,,,,,,DESCRIPTION_MISMATCH,DESCRIPTION_MISMATCH
EXC_000980,BNK_000521,BNK,description,1,0,1,0.92,1.0,,,,0,,0,3652.0,,,,,,DESCRIPTION_MISMATCH,DESCRIPTION_MISMATCH
EXC_000982,BNK_000537,BNK,description,1,0,0,0.6470588235294118,0.25,,,,0,,0,28643.0,,,,,,DESCRIPTION_MISMATCH,DESCRIPTION_MISMATCH
EXC_000983,BNK_000377,BNK,description,1,0,1,0.36363636363636365,1.0,,,,0,,0,101086.0,,,,,,DESCRIPTION_MISMATCH,DESCRIPTION_MISMATCH
EXC_000984,BNK_000161,BNK,description,1,0,0,0.631578947368421,0.5,,,,0,,0,56298.3,,,,,,DESCRIPTION_MISMATCH,DESCRIPTION_MISMATCH
EXC_000985,BNK_000225,BNK,description,1,0,0,0.6521739130434783,0.4,,,,0,,0,490591.0,,,,,,DESCRIPTION_MISMATCH,DESCRIPTION_MISMATCH
EXC_000989,BNK_000061,BNK,description,1,0,0,0.6938775510204082,0.75,,,,0,,0,161738.96,,,,,,DESCRIPTION_MISMATCH,DESCRIPTION_MISMATCH
EXC_000990,BNK_000094,BNK,description,1,0,1,0.9,1.0,,,,0,,0,27544.24,,,,,,DESCRIPTION_MISMATCH,DESCRIPTION_MISMATCH
EXC_000994,BNK_000476,BNK,description,1,1,1,1.0,1.0,,,,0,,0,1221.0,,,,,,DESCRIPTION_MISMATCH,DESCRIPTION_MISMATCH
EXC_000995,BNK_000229,BNK,description,1,1,1,1.0,1.0,,,,0,,0,70460.0,,,,,,DESCRIPTION_MISMATCH,DESCRIPTION_MISMATCH
EXC_000996,BNK_000261,BNK,description,1,1,1,1.0,1.0,,,,0,,0,12922.0,,,,,,DESCRIPTION_MISMATCH,DESCRIPTION_MISMATCH
EXC_000997,BNK_000380,BNK,description,1,1,1,1.0,1.0,,,,0,,0,76849.0,,,,,,DESCRIPTION_MISMATCH,DESCRIPTION_MISMATCH
EXC_000998,BNK_000426,BNK,description,1,0,1,0.875,1.0,,,,0,,0,434.0,,,,,,DESCRIPTION_MISMATCH,DESCRIPTION_MISMATCH
EXC_001000,BNK_000499,BNK,description,1,1,1,1.0,1.0,,,,0,,0,4106.0,,,,,,DESCRIPTION_MISMATCH,DESCRIPTION_MISMATCH
EXC_001002,BNK_000421,BNK,description,1,0,0,0.6666666666666666,0.25,,,,0,,0,84677.0,,,,,,DESCRIPTION_MISMATCH,DESCRIPTION_MISMATCH
EXC_001004,BNK_000185,BNK,description,1,0,1,0.4,1.0,,,,0,,0,9796.0,,,,,,DESCRIPTION_MISMATCH,DESCRIPTION_MISMATCH
EXC_001005,BNK_000356,BNK,description,1,1,1,1.0,1.0,,,,0,,0,14047.0,,,,,,DESCRIPTION_MISMATCH,DESCRIPTION_MISMATCH
EXC_001006,BNK_000452,BNK,description,1,0,1,0.38095238095238093,1.0,,,,0,,0,80544.0,,,,,,DESCRIPTION_MISMATCH,DESCRIPTION_MISMATCH
EXC_001007,BNK_000100,BNK,description,1,0,0,0.5,0.4,,,,0,,0,38679.63,,,,,,DESCRIPTION_MISMATCH,DESCRIPTION_MISMATCH
EXC_001008,BNK_000031,BNK,description,1,0,0,0.6666666666666666,0.5,,,,0,,0,290857.83,,,,,,DESCRIPTION_MISMATCH,DESCRIPTION_MISMATCH
EXC_001009,BNK_000136,BNK,description,1,0,0,0.45454545454545453,0.0,,,,0,,0,972135.71,,,,,,DESCRIPTION_MISMATCH,DESCRIPTION_MISMATCH
EXC_001010,BNK_000166,BNK,description,1,0,0,0.64,0.0,,,,0,,0,69446.59,,,,,,DESCRIPTION_MISMATCH,DESCRIPTION_MISMATCH
EXC_001011,BNK_000541,BNK,description,1,0,0,0.6666666666666666,0.25,,,,0,,0,15748.0,,,,,,DESCRIPTION_MISMATCH,DESCRIPTION_MISMATCH
EXC_001012,BNK_000029,BNK,description,1,0,0,0.5714285714285714,0.3333333333333333,,,,0,,0,133977.97,,,,,,DESCRIPTION_MISMATCH,DESCRIPTION_MISMATCH
EXC_001015,BNK_000330,BNK,description,1,1,1,1.0,1.0,,,,0,,0,22462.0,,,,,,DESCRIPTION_MISMATCH,DESCRIPTION_MISMATCH
EXC_001017,BNK_000458,BNK,description,1,1,1,1.0,1.0,,,,0,,0,4349.0,,,,,,DESCRIPTION_MISMATCH,DESCRIPTION_MISMATCH
EXC_001018,BNK_000466,BNK,description,1,0,0,0.6666666666666666,0.5,,,,0,,0,4910.0,,,,,,DESCRIPTION_MISMATCH,DESCRIPTION_MISMATCH
EXC_001020,BNK_000207,BNK,description,1,0,1,0.9285714285714286,1.0,,,,0,,0,34888.0,,,,,,DESCRIPTION_MISMATCH,DESCRIPTION_MISMATCH
EXC_001021,BNK_000226,BNK,description,1,0,1,0.9130434782608695,1.0,,,,0,,0,24102.0,,,,,,DESCRIPTION_MISMATCH,DESCRIPTION_MISMATCH
EXC_001024,BNK_000069,BNK,description,1,0,0,0.5416666666666666,0.0,,,,0,,0,107925.68,,,,,,DESCRIPTION_MISMATCH,DESCRIPTION_MISMATCH
EXC_001025,BNK_000106,BNK,description,1,0,0,0.6274509803921569,0.3333333333333333,,,,0,,0,23683.76,,,,,,DESCRIPTION_MISMATCH,DESCRIPTION_MISMATCH
EXC_001026,BNK_000220,BNK,description,1,0,1,0.34782608695652173,1.0,,,,0,,0,64525.0,,,,,,DESCRIPTION_MISMATCH,DESCRIPTION_MISMATCH
EXC_001028,BNK_000448,BNK,description,1,1,1,1.0,1.0,,,,0,,0,60744.0,,,,,,DESCRIPTION_MISMATCH,DESCRIPTION_MISMATCH
EXC_001029,BNK_000540,BNK,description,1,0,1,0.4375,1.0,,,,0,,0,146433.0,,,,,,DESCRIPTION_MISMATCH,DESCRIPTION_MISMATCH
EXC_001030,BNK_000103,BNK,description,1,0,0,0.6538461538461539,0.4,,,,0,,0,73052.68,,,,,,DESCRIPTION_MISMATCH,DESCRIPTION_MISMATCH
EXC_001031,BNK_000036,BNK,description,1,0,0,0.9285714285714286,0.75,,,,0,,0,196167.27,,,,,,DESCRIPTION_MISMATCH,DESCRIPTION_MISMATCH
EXC_001033,BNK_000173,BNK,description,1,0,0,0.8,0.6,,,,0,,0,36412.86,,,,,,DESCRIPTION_MISMATCH,DESCRIPTION_MISMATCH
EXC_001036,BNK_000474,BNK,value_date,1,0,0,0.9,0.5,,,,0,1.0,1,17639.0,,,,,,TIMING_DIFFERENCE,TIMING_DIFFERENCE
EXC_001037,BNK_000484,BNK,transaction_date,1,0,0,0.9,0.5,,,,0,1.0,1,2445.0,,,,,,TIMING_DIFFERENCE,TIMING_DIFFERENCE
EXC_001038,BNK_000505,BNK,value_date,1,0,0,0.9,0.5,,,,0,2.0,1,14887.0,,,,,,TIMING_DIFFERENCE,TIMING_DIFFERENCE
EXC_001039,BNK_000002,BNK,value_date,1,0,0,0.9,0.5,,,,0,2.0,1,369769.27,,,,,,TIMING_DIFFERENCE,TIMING_DIFFERENCE
EXC_001040,BNK_000037,BNK,value_date,1,0,0,0.9,0.5,,,,0,1.0,1,188663.29,,,,,,TIMING_DIFFERENCE,TIMING_DIFFERENCE
EXC_001042,BNK_000146,BNK,transaction_date,1,0,0,0.9,0.5,,,,0,2.0,1,55809.13,,,,,,TIMING_DIFFERENCE,TIMING_DIFFERENCE
EXC_001043,BNK_000205,BNK,value_date,1,0,0,0.9,0.5,,,,0,1.0,1,144139.0,,,,,,TIMING_DIFFERENCE,TIMING_DIFFERENCE
EXC_001044,BNK_000278,BNK,value_date,1,0,0,0.9,0.5,,,,0,3.0,1,1391.0,,,,,,TIMING_DIFFERENCE,TIMING_DIFFERENCE
EXC_001045,BNK_000417,BNK,value_date,1,0,0,0.9,0.5,,,,0,1.0,1,3884.0,,,,,,TIMING_DIFFERENCE,TIMING_DIFFERENCE
EXC_001046,BNK_000489,BNK,value_date,1,0,0,0.9,0.5,,,,0,3.0,1,65202.0,,,,,,TIMING_DIFFERENCE,TIMING_DIFFERENCE
EXC_001048,BNK_000214,BNK,transaction_date,1,0,0,0.9,0.6666666666666666,,,,0,3.0,1,72984.0,,,,,,TIMING_DIFFERENCE,TIMING_DIFFERENCE
EXC_001051,BNK_000253,BNK,value_date,1,0,0,0.9,0.6666666666666666,,,,0,2.0,1,158740.0,,,,,,TIMING_DIFFERENCE,TIMING_DIFFERENCE
EXC_001052,BNK_000391,BNK,value_date,1,0,0,0.9,0.5,,,,0,3.0,1,413383.0,,,,,,TIMING_DIFFERENCE,TIMING_DIFFERENCE
EXC_001054,BNK_000262,BNK,value_date,1,0,0,0.9,0.5,,,,0,2.0,1,3757.0,,,,,,TIMING_DIFFERENCE,TIMING_DIFFERENCE
EXC_001055,BNK_000366,BNK,value_date,1,0,0,0.9,0.5,,,,0,2.0,1,194412.0,,,,,,TIMING_DIFFERENCE,TIMING_DIFFERENCE
EXC_001056,BNK_000395,BNK,value_date,1,0,0,0.9,0.5,,,,0,2.0,1,2598.0,,,,,,TIMING_DIFFERENCE,TIMING_DIFFERENCE
EXC_001057,BNK_000400,BNK,transaction_date,1,0,0,0.9,0.5,,,,0,3.0,1,547.0,,,,,,TIMING_DIFFERENCE,TIMING_DIFFERENCE
EXC_001058,BNK_000007,BNK,transaction_date,1,0,0,0.9,0.6666666666666666,,,,0,1.0,1,288227.18,,,,,,TIMING_DIFFERENCE,TIMING_DIFFERENCE
EXC_001060,BNK_000370,BNK,value_date,1,0,0,0.8,0.6666666666666666,,,,0,3.0,1,698.0,,,,,,TIMING_DIFFERENCE,TIMING_DIFFERENCE
EXC_001062,BNK_000191,BNK,transaction_date,1,0,0,0.9,0.5,,,,0,1.0,1,19867.0,,,,,,TIMING_DIFFERENCE,TIMING_DIFFERENCE
EXC_001065,BNK_000047,BNK,transaction_date,1,0,0,0.9,0.5,,,,0,3.0,1,74936.49,,,,,,TIMING_DIFFERENCE,TIMING_DIFFERENCE
EXC_001066,BNK_000396,BNK,value_date,1,0,0,0.9,0.5,,,,0,2.0,1,39250.0,,,,,,TIMING_DIFFERENCE,TIMING_DIFFERENCE
EXC_001067,BNK_000397,BNK,value_date,1,0,0,0.9,0.5,,,,0,1.0,1,167821.0,,,,,,TIMING_DIFFERENCE,TIMING_DIFFERENCE
EXC_001069,BNK_000273,BNK,transaction_date,1,0,0,0.9,0.5,,,,0,1.0,1,23361.0,,,,,,TIMING_DIFFERENCE,TIMING_DIFFERENCE
EXC_001070,BNK_000488,BNK,value_date,1,0,0,0.9,0.5,,,,0,2.0,1,48828.0,,,,,,TIMING_DIFFERENCE,TIMING_DIFFERENCE
EXC_001071,BNK_000490,BNK,value_date,1,0,0,0.9,0.5,,,,0,2.0,1,1599.0,,,,,,TIMING_DIFFERENCE,TIMING_DIFFERENCE
EXC_001072,BNK_000121,BNK,value_date,1,0,0,0.9,0.5,,,,0,3.0,1,450484.22,,,,,,TIMING_DIFFERENCE,TIMING_DIFFERENCE
EXC_001073,BNK_000152,BNK,value_date,1,0,0,0.9,0.5,,,,0,2.0,1,82147.01,,,,,,TIMING_DIFFERENCE,TIMING_DIFFERENCE
EXC_001074,BNK_000480,BNK,value_date,1,0,0,0.9,0.5,,,,0,3.0,1,85732.0,,,,,,TIMING_DIFFERENCE,TIMING_DIFFERENCE
EXC_001075,BNK_000337,BNK,transaction_date,1,0,0,0.9,0.5,,,,0,1.0,1,14485.0,,,,,,TIMING_DIFFERENCE,TIMING_DIFFERENCE
EXC_001076,BNK_000357,BNK,value_date,1,0,0,0.9,0.5,,,,0,2.0,1,1002.0,,,,,,TIMING_DIFFERENCE,TIMING_DIFFERENCE
EXC_001080,BNK_000215,BNK,transaction_date,1,0,0,0.9,0.5,,,,0,2.0,1,11016.0,,,,,,TIMING_DIFFERENCE,TIMING_DIFFERENCE
EXC_001083,BNK_000393,BNK,value_date,1,0,0,0.9,0.5,,,,0,3.0,1,124574.0,,,,,,TIMING_DIFFERENCE,TIMING_DIFFERENCE
EXC_001085,BNK_000015,BNK,transaction_date,1,0,0,0.9,0.5,,,,0,2.0,1,536351.34,,,,,,TIMING_DIFFERENCE,TIMING_DIFFERENCE
EXC_001090,BNK_000378,BNK,transaction_date,1,0,0,0.8,0.5,,,,0,3.0,1,135581.0,,,,,,TIMING_DIFFERENCE,TIMING_DIFFERENCE
EXC_001092,BNK_000055,BNK,value_date,1,0,0,0.8,0.5,,,,0,3.0,1,220871.79,,,,,,TIMING_DIFFERENCE,TIMING_DIFFERENCE
EXC_001095,BNK_000415,BNK,value_date,1,0,0,0.9,0.5,,,,0,1.0,1,70218.0,,,,,,TIMING_DIFFERENCE,TIMING_DIFFERENCE
EXC_001096,BNK_000445,BNK,value_date,1,0,0,0.9,0.5,,,,0,3.0,1,410547.0,,,,,,TIMING_DIFFERENCE,TIMING_DIFFERENCE
EXC_001098,BNK_000294,BNK,transaction_date,1,0,0,0.9,0.5,,,,0,2.0,1,2465.0,,,,,,TIMING_DIFFERENCE,TIMING_DIFFERENCE
EXC_001099,BNK_000537,BNK,value_date,1,0,0,0.9,0.5,,,,0,2.0,1,28643.0,,,,,,TIMING_DIFFERENCE,TIMING_DIFFERENCE
EXC_001100,BNK_000129,BNK,transaction_date,1,0,0,0.9,0.5,,,,0,2.0,1,700789.28,,,,,,TIMING_DIFFERENCE,TIMING_DIFFERENCE
EXC_001101,BNK_000161,BNK,transaction_date,1,0,0,0.9,0.5,,,,0,2.0,1,56298.3,,,,,,TIMING_DIFFERENCE,TIMING_DIFFERENCE
EXC_001102,BNK_000232,BNK,transaction_date,1,0,0,0.9,0.5,,,,0,3.0,1,10200.0,,,,,,TIMING_DIFFERENCE,TIMING_DIFFERENCE
EXC_001103,BNK_000061,BNK,value_date,1,0,0,0.9,0.5,,,,0,1.0,1,161738.96,,,,,,TIMING_DIFFERENCE,TIMING_DIFFERENCE
EXC_001104,BNK_000094,BNK,value_date,1,0,0,0.9,0.5,,,,0,2.0,1,27544.24,,,,,,TIMING_DIFFERENCE,TIMING_DIFFERENCE
EXC_001106,BNK_000299,BNK,value_date,1,0,0,0.9,0.5,,,,0,1.0,1,7147.0,,,,,,TIMING_DIFFERENCE,TIMING_DIFFERENCE
EXC_001108,BNK_000411,BNK,transaction_date,1,0,0,0.9,0.5,,,,0,1.0,1,16418.0,,,,,,TIMING_DIFFERENCE,TIMING_DIFFERENCE
EXC_001110,BNK_000217,BNK,value_date,1,0,0,0.9,0.5,,,,0,2.0,1,4962.0,,,,,,TIMING_DIFFERENCE,TIMING_DIFFERENCE
EXC_001111,BNK_000356,BNK,transaction_date,1,0,0,0.9,0.5,,,,0,3.0,1,14047.0,,,,,,TIMING_DIFFERENCE,TIMING_DIFFERENCE
EXC_001112,BNK_000452,BNK,transaction_date,1,0,0,0.9,0.5,,,,0,3.0,1,80544.0,,,,,,TIMING_DIFFERENCE,TIMING_DIFFERENCE
EXC_001113,BNK_000470,BNK,transaction_date,1,0,0,0.9,0.5,,,,0,1.0,1,46447.0,,,,,,TIMING_DIFFERENCE,TIMING_DIFFERENCE
EXC_001114,BNK_000519,BNK,value_date,1,0,0,0.9,0.5,,,,0,2.0,1,246992.0,,,,,,TIMING_DIFFERENCE,TIMING_DIFFERENCE
EXC_001115,BNK_000030,BNK,value_date,1,0,0,0.9,0.5,,,,0,1.0,1,157834.69,,,,,,TIMING_DIFFERENCE,TIMING_DIFFERENCE
EXC_001116,BNK_000100,BNK,transaction_date,1,0,0,0.9,0.5,,,,0,2.0,1,38679.63,,,,,,TIMING_DIFFERENCE,TIMING_DIFFERENCE
EXC_001117,BNK_000204,BNK,transaction_date,1,0,0,0.9,0.5,,,,0,1.0,1,75198.0,,,,,,TIMING_DIFFERENCE,TIMING_DIFFERENCE
EXC_001118,BNK_000358,BNK,transaction_date,1,0,0,0.9,0.5,,,,0,2.0,1,146453.0,,,,,,TIMING_DIFFERENCE,TIMING_DIFFERENCE
EXC_001119,BNK_000258,BNK,transaction_date,1,0,0,0.9,0.5,,,,0,1.0,1,2223.0,,,,,,TIMING_DIFFERENCE,TIMING_DIFFERENCE
EXC_001121,BNK_000067,BNK,value_date,1,0,0,0.8,0.2,,,,0,2.0,1,131644.31,,,,,,TIMING_DIFFERENCE,TIMING_DIFFERENCE
EXC_001122,BNK_000254,BNK,transaction_date,1,0,0,0.8,0.5,,,,0,2.0,1,4855.0,,,,,,TIMING_DIFFERENCE,TIMING_DIFFERENCE
EXC_001123,BNK_000289,BNK,transaction_date,1,0,0,0.8,0.5,,,,0,1.0,1,1366.0,,,,,,TIMING_DIFFERENCE,TIMING_DIFFERENCE
EXC_001125,BNK_000220,BNK,transaction_date,1,0,0,0.8,0.2,,,,0,3.0,1,64525.0,,,,,,TIMING_DIFFERENCE,TIMING_DIFFERENCE
EXC_001126,BNK_000321,BNK,value_date,1,0,0,0.8,0.2,,,,0,3.0,1,48447.0,,,,,,TIMING_DIFFERENCE,TIMING_DIFFERENCE
EXC_001128,BNK_000540,BNK,value_date,1,0,0,0.8,0.2,,,,0,3.0,1,146433.0,,,,,,TIMING_DIFFERENCE,TIMING_DIFFERENCE
EXC_001129,BNK_000073,BNK,value_date,1,0,0,0.9,0.5,,,,0,3.0,1,253412.63,,,,,,TIMING_DIFFERENCE,TIMING_DIFFERENCE
EXC_001131,BNK_000107,BNK,value_date,1,0,0,0.9,0.5,,,,0,1.0,1,13123.08,,,,,,TIMING_DIFFERENCE,TIMING_DIFFERENCE
EXC_001132,LED_000002,LED,entry_date,1,0,0,0.7,0.2,,,,0,3.0,1,3893.0,,,,,,TIMING_DIFFERENCE,TIMING_DIFFERENCE
EXC_001133,LED_000003,LED,entry_date,1,0,0,0.7,0.2,,,,0,3.0,1,700.74,,,,,,TIMING_DIFFERENCE,TIMING_DIFFERENCE
EXC_001134,LED_000009,LED,entry_date,1,0,0,0.9,0.5,,,,0,3.0,1,4920.48,,,,,,TIMING_DIFFERENCE,TIMING_DIFFERENCE
EXC_001135,LED_000015,LED,entry_date,1,0,0,0.9,0.5,,,,0,2.0,1,4771.58,,,,,,TIMING_DIFFERENCE,TIMING_DIFFERENCE
EXC_001136,LED_000018,LED,entry_date,1,0,0,0.9,0.5,,,,0,2.0,1,792.99,,,,,,TIMING_DIFFERENCE,TIMING_DIFFERENCE
EXC_001137,LED_000026,LED,entry_date,1,0,0,0.9,0.5,,,,0,2.0,1,3139.5,,,,,,TIMING_DIFFERENCE,TIMING_DIFFERENCE
EXC_001138,LED_000027,LED,entry_date,1,0,0,0.9,0.5,,,,0,3.0,1,282.56,,,,,,TIMING_DIFFERENCE,TIMING_DIFFERENCE
EXC_001139,LED_000032,LED,entry_date,1,0,0,0.8,0.5,,,,0,2.0,1,5455.14,,,,,,TIMING_DIFFERENCE,TIMING_DIFFERENCE
EXC_001140,LED_000033,LED,entry_date,1,0,0,0.9,0.5,,,,0,1.0,1,4623.0,,,,,,TIMING_DIFFERENCE,TIMING_DIFFERENCE
EXC_001141,LED_000040,LED,entry_date,1,0,0,0.9,0.5,,,,0,2.0,1,22875.0,,,,,,TIMING_DIFFERENCE,TIMING_DIFFERENCE
EXC_001143,LED_000048,LED,entry_date,1,0,0,0.9,0.5,,,,0,1.0,1,44692.15,,,,,,TIMING_DIFFERENCE,TIMING_DIFFERENCE
EXC_001144,LED_000053,LED,entry_date,1,0,0,0.9,0.5,,,,0,1.0,1,3787.74,,,,,,TIMING_DIFFERENCE,TIMING_DIFFERENCE
EXC_001145,LED_000056,LED,entry_date,1,0,0,0.9,0.5,,,,0,3.0,1,10165.14,,,,,,TIMING_DIFFERENCE,TIMING_DIFFERENCE
EXC_001146,LED_000057,LED,entry_date,1,0,0,0.9,0.6666666666666666,,,,0,2.0,1,10165.14,,,,,,TIMING_DIFFERENCE,TIMING_DIFFERENCE
EXC_001147,LED_000058,LED,entry_date,1,0,0,0.9,0.5,,,,0,1.0,1,10060.98,,,,,,TIMING_DIFFERENCE,TIMING_DIFFERENCE
EXC_001152,LED_000087,LED,entry_date,1,0,0,0.9,0.5,,,,0,3.0,1,660.96,,,,,,TIMING_DIFFERENCE,TIMING_DIFFERENCE
EXC_001153,LED_000090,LED,entry_date,1,0,0,0.9,0.5,,,,0,1.0,1,415.87,,,,,,TIMING_DIFFERENCE,TIMING_DIFFERENCE
EXC_001154,LED_000094,LED,entry_date,1,0,0,0.9,0.5,,,,0,1.0,1,730.94,,,,,,TIMING_DIFFERENCE,TIMING_DIFFERENCE
EXC_001156,LED_000108,LED,entry_date,1,0,0,0.8,0.5,,,,0,2.0,1,9116.25,,,,,,TIMING_DIFFERENCE,TIMING_DIFFERENCE
EXC_001157,LED_000110,LED,entry_date,1,0,0,0.8,0.5,,,,0,3.0,1,820.46,,,,,,TIMING_DIFFERENCE,TIMING_DIFFERENCE
EXC_001159,LED_000120,LED,entry_date,1,0,0,0.9,0.6666666666666666,,,,0,1.0,1,151.56,,,,,,TIMING_DIFFERENCE,TIMING_DIFFERENCE
EXC_001161,LED_000127,LED,entry_date,1,0,0,0.8,0.5,,,,0,1.0,1,327.56,,,,,,TIMING_DIFFERENCE,TIMING_DIFFERENCE
EXC_001162,LED_000130,LED,entry_date,1,0,0,0.9,0.5,,,,0,1.0,1,40.68,,,,,,TIMING_DIFFERENCE,TIMING_DIFFERENCE
EXC_001163,LED_000131,LED,entry_date,1,0,0,0.7,0.2,,,,0,2.0,1,7021.0,,,,,,TIMING_DIFFERENCE,TIMING_DIFFERENCE
EXC_001165,LED_000141,LED,entry_date,1,0,0,0.9,0.5,,,,0,3.0,1,2950.7,,,,,,TIMING_DIFFERENCE,TIMING_DIFFERENCE
EXC_001166,LED_000142,LED,entry_date,1,0,0,0.9,0.5,,,,0,1.0,1,531.13,,,,,,TIMING_DIFFERENCE,TIMING_DIFFERENCE
EXC_001167,LED_000144,LED,entry_date,1,0,0,0.8,0.2,,,,0,3.0,1,88162.85,,,,,,TIMING_DIFFERENCE,TIMING_DIFFERENCE
EXC_001168,LED_000149,LED,entry_date,1,0,0,0.8,0.2,,,,0,3.0,1,5036.42,,,,,,TIMING_DIFFERENCE,TIMING_DIFFERENCE
EXC_001169,LED_000151,LED,entry_date,1,0,0,0.9,0.6666666666666666,,,,0,1.0,1,7554.0,,,,,,TIMING_DIFFERENCE,TIMING_DIFFERENCE
EXC_001170,LED_000154,LED,entry_date,1,0,0,0.8,0.5,,,,0,1.0,1,6634.8,,,,,,TIMING_DIFFERENCE,TIMING_DIFFERENCE
EXC_001171,LED_000159,LED,entry_date,1,0,0,0.9,0.5,,,,0,3.0,1,77127.16,,,,,,TIMING_DIFFERENCE,TIMING_DIFFERENCE
EXC_001172,LED_000163,LED,entry_date,1,0,0,0.9,0.5,,,,0,3.0,1,8409.4,,,,,,TIMING_DIFFERENCE,TIMING_DIFFERENCE
EXC_001174,LED_000177,LED,entry_date,1,0,0,0.8,0.5,,,,0,2.0,1,51243.86,,,,,,TIMING_DIFFERENCE,TIMING_DIFFERENCE
EXC_001175,LED_000179,LED,entry_date,1,0,0,0.8,0.5,,,,0,2.0,1,7816.86,,,,,,TIMING_DIFFERENCE,TIMING_DIFFERENCE
EXC_001177,LED_000194,LED,entry_date,1,0,0,0.9,0.6666666666666666,,,,0,2.0,1,1587.42,,,,,,TIMING_DIFFERENCE,TIMING_DIFFERENCE
EXC_001178,LED_000196,LED,entry_date,1,0,0,0.7,0.2,,,,0,2.0,1,23697.0,,,,,,TIMING_DIFFERENCE,TIMING_DIFFERENCE
EXC_001179,LED_000197,LED,entry_date,1,0,0,0.7,0.2,,,,0,2.0,1,4265.46,,,,,,TIMING_DIFFERENCE,TIMING_DIFFERENCE
EXC_001180,LED_000198,LED,entry_date,1,0,0,0.8,0.5,,,,0,2.0,1,63934.52,,,,,,TIMING_DIFFERENCE,TIMING_DIFFERENCE
EXC_001181,LED_000209,LED,entry_date,1,0,0,0.9,0.5,,,,0,2.0,1,328.68,,,,,,TIMING_DIFFERENCE,TIMING_DIFFERENCE
EXC_001182,LED_000219,LED,entry_date,1,0,0,0.8,0.5,,,,0,1.0,1,3467.25,,,,,,TIMING_DIFFERENCE,TIMING_DIFFERENCE
EXC_001184,LED_000233,LED,entry_date,1,0,0,0.9,0.5,,,,0,3.0,1,13030.74,,,,,,TIMING_DIFFERENCE,TIMING_DIFFERENCE
EXC_001185,LED_000248,LED,entry_date,1,0,0,0.9,0.5,,,,0,1.0,1,41.99,,,,,,TIMING_DIFFERENCE,TIMING_DIFFERENCE
EXC_001186,LED_000258,LED,entry_date,1,0,0,0.8,0.2,,,,0,1.0,1,1844.41,,,,,,TIMING_DIFFERENCE,TIMING_DIFFERENCE
EXC_001187,LED_000264,LED,entry_date,1,0,0,0.9,0.5,,,,0,1.0,1,1172.16,,,,,,TIMING_DIFFERENCE,TIMING_DIFFERENCE
EXC_001188,LED_000267,LED,entry_date,1,0,0,0.9,0.5,,,,0,1.0,1,2118.24,,,,,,TIMING_DIFFERENCE,TIMING_DIFFERENCE
EXC_001191,LED_000287,LED,entry_date,1,0,0,0.9,0.6666666666666666,,,,0,3.0,1,4485.0,,,,,,TIMING_DIFFERENCE,TIMING_DIFFERENCE
EXC_001192,LED_000301,LED,entry_date,1,0,0,0.9,0.5,,,,0,2.0,1,325.35,,,,,,TIMING_DIFFERENCE,TIMING_DIFFERENCE
EXC_001193,LED_000311,LED,entry_date,1,0,0,0.9,0.5,,,,0,2.0,1,115404.35,,,,,,TIMING_DIFFERENCE,TIMING_DIFFERENCE
EXC_001194,LED_000315,LED,entry_date,1,0,0,0.8,0.5,,,,0,1.0,1,10333.15,,,,,,TIMING_DIFFERENCE,TIMING_DIFFERENCE
EXC_001195,LED_000317,LED,entry_date,1,0,0,0.9,0.5,,,,0,3.0,1,7144.9,,,,,,TIMING_DIFFERENCE,TIMING_DIFFERENCE
EXC_001197,LED_000333,LED,entry_date,1,0,0,0.8,0.2,,,,0,2.0,1,28107.0,,,,,,TIMING_DIFFERENCE,TIMING_DIFFERENCE
EXC_001198,LED_000336,LED,entry_date,1,0,0,0.9,0.5,,,,0,1.0,1,121281.4,,,,,,TIMING_DIFFERENCE,TIMING_DIFFERENCE
EXC_001199,LED_000339,LED,entry_date,1,0,0,0.9,0.5,,,,0,2.0,1,20416.0,,,,,,TIMING_DIFFERENCE,TIMING_DIFFERENCE
EXC_001201,LED_000343,LED,entry_date,1,0,0,0.9,0.5,,,,0,1.0,1,1140.23,,,,,,TIMING_DIFFERENCE,TIMING_DIFFERENCE
EXC_001203,LED_000345,LED,entry_date,1,0,0,0.9,0.5,,,,0,1.0,1,23048.1,,,,,,TIMING_DIFFERENCE,TIMING_DIFFERENCE
EXC_001205,LED_000351,LED,entry_date,1,0,0,0.9,0.5,,,,0,3.0,1,7973.85,,,,,,TIMING_DIFFERENCE,TIMING_DIFFERENCE
EXC_001206,LED_000354,LED,entry_date,1,0,0,0.8,0.5,,,,0,2.0,1,1154.25,,,,,,TIMING_DIFFERENCE,TIMING_DIFFERENCE
EXC_001208,LED_000362,LED,entry_date,1,0,0,0.9,0.5,,,,0,1.0,1,8922.69,,,,,,TIMING_DIFFERENCE,TIMING_DIFFERENCE
EXC_001209,LED_000365,LED,entry_date,1,0,0,0.9,0.5,,,,0,1.0,1,159654.0,,,,,,TIMING_DIFFERENCE,TIMING_DIFFERENCE
EXC_001210,LED_000367,LED,entry_date,1,0,0,0.9,0.5,,,,0,3.0,1,24354.0,,,,,,TIMING_DIFFERENCE,TIMING_DIFFERENCE
EXC_001211,LED_000368,LED,entry_date,1,0,0,0.8,0.2,,,,0,3.0,1,1038.64,,,,,,TIMING_DIFFERENCE,TIMING_DIFFERENCE
EXC_001212,LED_000369,LED,entry_date,1,0,0,0.8,0.2,,,,0,2.0,1,880.2,,,,,,TIMING_DIFFERENCE,TIMING_DIFFERENCE
EXC_001213,LED_000371,LED,entry_date,1,0,0,0.8,0.2,,,,0,3.0,1,79.22,,,,,,TIMING_DIFFERENCE,TIMING_DIFFERENCE
EXC_001214,LED_000375,LED,entry_date,1,0,0,0.9,0.5,,,,0,1.0,1,54711.53,,,,,,TIMING_DIFFERENCE,TIMING_DIFFERENCE
EXC_001218,LED_000385,LED,entry_date,1,0,0,0.9,0.5,,,,0,2.0,1,29446.0,,,,,,TIMING_DIFFERENCE,TIMING_DIFFERENCE
EXC_001221,LED_000417,LED,entry_date,1,0,0,0.9,0.5,,,,0,3.0,1,10460.05,,,,,,TIMING_DIFFERENCE,TIMING_DIFFERENCE
EXC_001222,LED_000419,LED,entry_date,1,0,0,0.9,0.5,,,,0,3.0,1,1595.6,,,,,,TIMING_DIFFERENCE,TIMING_DIFFERENCE
EXC_001224,LED_000428,LED,entry_date,1,0,0,0.9,0.5,,,,0,3.0,1,1208.84,,,,,,TIMING_DIFFERENCE,TIMING_DIFFERENCE
EXC_001225,LED_000433,LED,entry_date,1,0,0,0.9,0.5,,,,0,1.0,1,7684.8,,,,,,TIMING_DIFFERENCE,TIMING_DIFFERENCE
EXC_001226,LED_000435,LED,entry_date,1,0,0,0.9,0.5,,,,0,1.0,1,130808.9,,,,,,TIMING_DIFFERENCE,TIMING_DIFFERENCE
EXC_001227,LED_000437,LED,entry_date,1,0,0,0.9,0.5,,,,0,1.0,1,19953.9,,,,,,TIMING_DIFFERENCE,TIMING_DIFFERENCE
EXC_001228,LED_000438,LED,entry_date,1,0,0,0.9,0.5,,,,0,1.0,1,5645.36,,,,,,TIMING_DIFFERENCE,TIMING_DIFFERENCE
EXC_001229,LED_000442,LED,entry_date,1,0,0,0.8,0.5,,,,0,1.0,1,31776.0,,,,,,TIMING_DIFFERENCE,TIMING_DIFFERENCE
EXC_001231,LED_000461,LED,entry_date,1,0,0,0.9,0.5,,,,0,3.0,1,3523.0,,,,,,TIMING_DIFFERENCE,TIMING_DIFFERENCE
EXC_001232,LED_000464,LED,entry_date,1,0,0,0.9,0.5,,,,0,2.0,1,2032.0,,,,,,TIMING_DIFFERENCE,TIMING_DIFFERENCE
EXC_001233,LED_000471,LED,entry_date,1,0,0,0.9,0.5,,,,0,1.0,1,378.36,,,,,,TIMING_DIFFERENCE,TIMING_DIFFERENCE
EXC_001235,LED_000480,LED,entry_date,1,0,0,0.9,0.5,,,,0,1.0,1,590.27,,,,,,TIMING_DIFFERENCE,TIMING_DIFFERENCE
EXC_001236,LED_000483,LED,entry_date,1,0,0,0.9,0.5,,,,0,2.0,1,9766.67,,,,,,TIMING_DIFFERENCE,TIMING_DIFFERENCE
EXC_001237,LED_000490,LED,entry_date,1,0,0,0.9,0.5,,,,0,2.0,1,13934.62,,,,,,TIMING_DIFFERENCE,TIMING_DIFFERENCE
EXC_001241,LED_000501,LED,entry_date,1,0,0,0.9,0.5,,,,0,1.0,1,7990.81,,,,,,TIMING_DIFFERENCE,TIMING_DIFFERENCE
EXC_001242,LED_000508,LED,entry_date,1,0,0,0.9,0.5,,,,0,1.0,1,62437.34,,,,,,TIMING_DIFFERENCE,TIMING_DIFFERENCE
EXC_001243,LED_000519,LED,entry_date,1,0,0,0.9,0.5,,,,0,1.0,1,484.25,,,,,,TIMING_DIFFERENCE,TIMING_DIFFERENCE
EXC_001244,LED_000524,LED,entry_date,1,0,0,0.9,0.5,,,,0,2.0,1,9568.3,,,,,,TIMING_DIFFERENCE,TIMING_DIFFERENCE
EXC_001245,LED_000525,LED,entry_date,1,0,0,0.9,0.6666666666666666,,,,0,3.0,1,1722.29,,,,,,TIMING_DIFFERENCE,TIMING_DIFFERENCE
EXC_001247,LED_000531,LED,entry_date,1,0,0,0.9,0.5,,,,0,1.0,1,114025.0,,,,,,TIMING_DIFFERENCE,TIMING_DIFFERENCE
EXC_001251,LED_000548,LED,entry_date,1,0,0,0.9,0.5,,,,0,2.0,1,5689.08,,,,,,TIMING_DIFFERENCE,TIMING_DIFFERENCE
EXC_001252,LED_000550,LED,entry_date,1,0,0,0.9,0.5,,,,0,1.0,1,867.83,,,,,,TIMING_DIFFERENCE,TIMING_DIFFERENCE
EXC_001254,LED_000574,LED,entry_date,1,0,0,0.7,0.2,,,,0,3.0,1,7201.6,,,,,,TIMING_DIFFERENCE,TIMING_DIFFERENCE
EXC_001255,LED_000583,LED,entry_date,1,0,0,0.9,0.5,,,,0,1.0,1,1579.31,,,,,,TIMING_DIFFERENCE,TIMING_DIFFERENCE
EXC_001257,LED_000606,LED,entry_date,1,0,0,0.9,0.5,,,,0,1.0,1,16243.02,,,,,,TIMING_DIFFERENCE,TIMING_DIFFERENCE
EXC_001260,LED_000618,LED,entry_date,1,0,0,0.9,0.5,,,,0,2.0,1,10877.24,,,,,,TIMING_DIFFERENCE,TIMING_DIFFERENCE
EXC_001262,LED_000632,LED,entry_date,1,0,0,0.9,0.5,,,,0,2.0,1,1825.9,,,,,,TIMING_DIFFERENCE,TIMING_DIFFERENCE
EXC_001263,LED_000643,LED,entry_date,1,0,0,0.9,0.5,,,,0,3.0,1,8041.0,,,,,,TIMING_DIFFERENCE,TIMING_DIFFERENCE
EXC_001264,LED_000645,LED,entry_date,1,0,0,0.9,0.5,,,,0,3.0,1,6944.42,,,,,,TIMING_DIFFERENCE,TIMING_DIFFERENCE
EXC_001265,LED_000650,LED,entry_date,1,0,0,0.9,0.5,,,,0,3.0,1,1441.44,,,,,,TIMING_DIFFERENCE,TIMING_DIFFERENCE
EXC_001269,LED_000685,LED,entry_date,1,0,0,0.9,0.6666666666666666,,,,0,2.0,1,17181.98,,,,,,TIMING_DIFFERENCE,TIMING_DIFFERENCE
EXC_001270,LED_000690,LED,entry_date,1,0,0,0.8,0.2,,,,0,3.0,1,12586.5,,,,,,TIMING_DIFFERENCE,TIMING_DIFFERENCE
EXC_001274,LED_000708,LED,entry_date,1,0,0,0.8,0.2,,,,0,2.0,1,806.76,,,,,,TIMING_DIFFERENCE,TIMING_DIFFERENCE
EXC_001275,LED_000713,LED,entry_date,1,0,0,0.9,0.5,,,,0,3.0,1,2771.0,,,,,,TIMING_DIFFERENCE,TIMING_DIFFERENCE
EXC_001278,LED_000720,LED,entry_date,1,0,0,0.9,0.5,,,,0,1.0,1,2043.29,,,,,,TIMING_DIFFERENCE,TIMING_DIFFERENCE
EXC_001279,LED_000721,LED,entry_date,1,0,0,0.8,0.5,,,,0,2.0,1,1731.6,,,,,,TIMING_DIFFERENCE,TIMING_DIFFERENCE
EXC_001280,LED_000736,LED,entry_date,1,0,0,0.9,0.5,,,,0,1.0,1,1807.85,,,,,,TIMING_DIFFERENCE,TIMING_DIFFERENCE
EXC_001281,LED_000740,LED,entry_date,1,0,0,0.9,0.5,,,,0,2.0,1,273.24,,,,,,TIMING_DIFFERENCE,TIMING_DIFFERENCE
EXC_001285,LED_000759,LED,entry_date,1,0,0,0.9,0.5,,,,0,3.0,1,70078.19,,,,,,TIMING_DIFFERENCE,TIMING_DIFFERENCE
EXC_001288,LED_000766,LED,entry_date,1,0,0,0.8,0.2,,,,0,1.0,1,1320.0,,,,,,TIMING_DIFFERENCE,TIMING_DIFFERENCE
EXC_001289,LED_000767,LED,entry_date,1,0,0,0.8,0.2,,,,0,3.0,1,237.6,,,,,,TIMING_DIFFERENCE,TIMING_DIFFERENCE
EXC_001290,LED_000770,LED,entry_date,1,0,0,0.8,0.2,,,,0,1.0,1,749.7,,,,,,TIMING_DIFFERENCE,TIMING_DIFFERENCE
EXC_001294,LED_000790,LED,entry_date,1,0,0,0.9,0.5,,,,0,1.0,1,64677.22,,,,,,TIMING_DIFFERENCE,TIMING_DIFFERENCE
EXC_001299,LED_000816,LED,entry_date,1,0,0,0.9,0.6666666666666666,,,,0,2.0,1,2159.73,,,,,,TIMING_DIFFERENCE,TIMING_DIFFERENCE
EXC_001300,LED_000817,LED,entry_date,1,0,0,0.8,0.5,,,,0,2.0,1,3433.62,,,,,,TIMING_DIFFERENCE,TIMING_DIFFERENCE
EXC_001302,LED_000820,LED,entry_date,1,0,0,0.9,0.5,,,,0,1.0,1,1768.94,,,,,,TIMING_DIFFERENCE,TIMING_DIFFERENCE
EXC_001303,LED_000825,LED,entry_date,1,0,0,0.8,0.5,,,,0,3.0,1,13796.64,,,,,,TIMING_DIFFERENCE,TIMING_DIFFERENCE
EXC_001304,LED_000829,LED,entry_date,1,0,0,0.9,0.5,,,,0,1.0,1,42635.76,,,,,,TIMING_DIFFERENCE,TIMING_DIFFERENCE
EXC_001306,LED_000838,LED,entry_date,1,0,0,0.9,0.6666666666666666,,,,0,1.0,1,777.96,,,,,,TIMING_DIFFERENCE,TIMING_DIFFERENCE
EXC_001307,LED_000856,LED,entry_date,1,0,0,0.9,0.5,,,,0,2.0,1,2856.6,,,,,,TIMING_DIFFERENCE,TIMING_DIFFERENCE
EXC_001308,LED_000860,LED,entry_date,1,0,0,0.9,0.5,,,,0,1.0,1,4213.6,,,,,,TIMING_DIFFERENCE,TIMING_DIFFERENCE
EXC_001309,LED_000861,LED,entry_date,1,0,0,0.9,0.5,,,,0,1.0,1,3570.85,,,,,,TIMING_DIFFERENCE,TIMING_DIFFERENCE
EXC_001310,LED_000895,LED,entry_date,1,0,0,0.9,0.5,,,,0,3.0,1,4008.85,,,,,,TIMING_DIFFERENCE,TIMING_DIFFERENCE
EXC_001313,LED_000903,LED,entry_date,1,0,0,0.9,0.5,,,,0,2.0,1,5461.04,,,,,,TIMING_DIFFERENCE,TIMING_DIFFERENCE
EXC_001314,LED_000913,LED,entry_date,1,0,0,0.9,0.5,,,,0,3.0,1,70161.0,,,,,,TIMING_DIFFERENCE,TIMING_DIFFERENCE
EXC_001317,LED_000919,LED,entry_date,1,0,0,0.9,0.5,,,,0,1.0,1,10818.0,,,,,,TIMING_DIFFERENCE,TIMING_DIFFERENCE
EXC_001319,LED_000921,LED,entry_date,1,0,0,0.9,0.5,,,,0,2.0,1,2007.71,,,,,,TIMING_DIFFERENCE,TIMING_DIFFERENCE
EXC_001321,LED_000923,LED,entry_date,1,0,0,0.9,0.5,,,,0,1.0,1,306.26,,,,,,TIMING_DIFFERENCE,TIMING_DIFFERENCE
EXC_001322,LED_000933,LED,entry_date,1,0,0,0.9,0.5,,,,0,1.0,1,13269.1,,,,,,TIMING_DIFFERENCE,TIMING_DIFFERENCE
EXC_001323,LED_000936,LED,entry_date,1,0,0,0.9,0.5,,,,0,2.0,1,102643.48,,,,,,TIMING_DIFFERENCE,TIMING_DIFFERENCE
EXC_001324,LED_000937,LED,entry_date,1,0,0,0.9,0.5,,,,0,2.0,1,86986.0,,,,,,TIMING_DIFFERENCE,TIMING_DIFFERENCE
EXC_001326,LED_000943,LED,entry_date,1,0,0,0.9,0.5,,,,0,3.0,1,66463.0,,,,,,TIMING_DIFFERENCE,TIMING_DIFFERENCE
EXC_001327,LED_000946,LED,entry_date,1,0,0,0.9,0.5,,,,0,3.0,1,19605.41,,,,,,TIMING_DIFFERENCE,TIMING_DIFFERENCE
EXC_001328,LED_000950,LED,entry_date,1,0,0,0.9,0.6666666666666666,,,,0,1.0,1,93357.23,,,,,,TIMING_DIFFERENCE,TIMING_DIFFERENCE
EXC_001330,LED_000952,LED,entry_date,1,0,0,0.9,0.6666666666666666,,,,0,1.0,1,14240.93,,,,,,TIMING_DIFFERENCE,TIMING_DIFFERENCE
EXC_001332,LED_000964,LED,entry_date,1,0,0,0.9,0.5,,,,0,3.0,1,3306.96,,,,,,TIMING_DIFFERENCE,TIMING_DIFFERENCE
EXC_001333,LED_000967,LED,entry_date,1,0,0,0.8,0.5,,,,0,3.0,1,2058.33,,,,,,TIMING_DIFFERENCE,TIMING_DIFFERENCE
EXC_001334,LED_000970,LED,entry_date,1,0,0,0.9,0.5,,,,0,1.0,1,704.88,,,,,,TIMING_DIFFERENCE,TIMING_DIFFERENCE
EXC_001339,LED_000983,LED,entry_date,1,0,0,0.8,0.5,,,,0,2.0,1,123710.26,,,,,,TIMING_DIFFERENCE,TIMING_DIFFERENCE
EXC_001341,LED_000999,LED,entry_date,1,0,0,0.9,0.5,,,,0,3.0,1,42988.58,,,,,,TIMING_DIFFERENCE,TIMING_DIFFERENCE
EXC_001343,LED_001016,LED,entry_date,1,0,0,0.9,0.5,,,,0,1.0,1,671.0,,,,,,TIMING_DIFFERENCE,TIMING_DIFFERENCE
EXC_001344,LED_001017,LED,entry_date,1,0,0,0.9,0.5,,,,0,2.0,1,120.78,,,,,,TIMING_DIFFERENCE,TIMING_DIFFERENCE
EXC_001345,LED_001022,LED,entry_date,1,0,0,0.9,0.5,,,,0,2.0,1,8489.0,,,,,,TIMING_DIFFERENCE,TIMING_DIFFERENCE
EXC_001346,LED_001033,LED,entry_date,1,0,0,0.8,0.5,,,,0,3.0,1,378.51,,,,,,TIMING_DIFFERENCE,TIMING_DIFFERENCE
EXC_001347,LED_001036,LED,entry_date,1,0,0,0.9,0.5,,,,0,3.0,1,3555.94,,,,,,TIMING_DIFFERENCE,TIMING_DIFFERENCE
EXC_001349,LED_001045,LED,entry_date,1,0,0,0.9,0.5,,,,0,3.0,1,1994.54,,,,,,TIMING_DIFFERENCE,TIMING_DIFFERENCE
EXC_001350,LED_001050,LED,entry_date,1,0,0,0.9,0.5,,,,0,3.0,1,1647.28,,,,,,TIMING_DIFFERENCE,TIMING_DIFFERENCE
EXC_001351,LED_001062,LED,entry_date,1,0,0,0.9,0.5,,,,0,3.0,1,2869.52,,,,,,TIMING_DIFFERENCE,TIMING_DIFFERENCE
EXC_001352,LED_001064,LED,entry_date,1,0,0,0.9,0.5,,,,0,2.0,1,437.72,,,,,,TIMING_DIFFERENCE,TIMING_DIFFERENCE
EXC_001353,LED_001072,LED,entry_date,1,0,0,0.8,0.5,,,,0,3.0,1,1757.7,,,,,,TIMING_DIFFERENCE,TIMING_DIFFERENCE
EXC_001354,LED_001075,LED,entry_date,1,0,0,0.9,0.5,,,,0,3.0,1,7169.4,,,,,,TIMING_DIFFERENCE,TIMING_DIFFERENCE
EXC_001355,LED_001076,LED,entry_date,1,0,0,0.9,0.5,,,,0,2.0,1,1290.49,,,,,,TIMING_DIFFERENCE,TIMING_DIFFERENCE
EXC_001356,LED_001079,LED,entry_date,1,0,0,0.9,0.5,,,,0,1.0,1,12000.24,,,,,,TIMING_DIFFERENCE,TIMING_DIFFERENCE
EXC_001357,LED_001083,LED,entry_date,1,0,0,0.9,0.5,,,,0,3.0,1,34148.02,,,,,,TIMING_DIFFERENCE,TIMING_DIFFERENCE
EXC_001358,LED_001096,LED,entry_date,1,0,0,0.7,0.2,,,,0,3.0,1,4463.82,,,,,,TIMING_DIFFERENCE,TIMING_DIFFERENCE
EXC_001359,LED_001100,LED,entry_date,1,0,0,0.9,0.5,,,,0,2.0,1,4468.0,,,,,,TIMING_DIFFERENCE,TIMING_DIFFERENCE
EXC_001361,LED_001104,LED,entry_date,1,0,0,0.9,0.5,,,,0,1.0,1,31731.27,,,,,,TIMING_DIFFERENCE,TIMING_DIFFERENCE
EXC_001363,LED_001115,LED,entry_date,1,0,0,0.9,0.5,,,,0,3.0,1,3458.25,,,,,,TIMING_DIFFERENCE,TIMING_DIFFERENCE
EXC_001364,LED_001116,LED,entry_date,1,0,0,0.9,0.5,,,,0,1.0,1,311.24,,,,,,TIMING_DIFFERENCE,TIMING_DIFFERENCE
EXC_001365,LED_001117,LED,entry_date,1,0,0,0.9,0.5,,,,0,3.0,1,311.24,,,,,,TIMING_DIFFERENCE,TIMING_DIFFERENCE
EXC_001366,LED_001119,LED,entry_date,1,0,0,0.9,0.5,,,,0,2.0,1,4847.4,,,,,,TIMING_DIFFERENCE,TIMING_DIFFERENCE
EXC_001367,LED_001120,LED,entry_date,1,0,0,0.9,0.6666666666666666,,,,0,1.0,1,872.53,,,,,,TIMING_DIFFERENCE,TIMING_DIFFERENCE
EXC_001368,LED_001122,LED,entry_date,1,0,0,0.8,0.6666666666666666,,,,0,3.0,1,15384.0,,,,,,TIMING_DIFFERENCE,TIMING_DIFFERENCE
EXC_001369,LED_001123,LED,entry_date,1,0,0,0.9,0.6666666666666666,,,,0,2.0,1,1384.56,,,,,,TIMING_DIFFERENCE,TIMING_DIFFERENCE
EXC_001370,LED_001133,LED,entry_date,1,0,0,0.9,0.5,,,,0,1.0,1,4700.45,,,,,,TIMING_DIFFERENCE,TIMING_DIFFERENCE
EXC_001371,LED_001135,LED,entry_date,1,0,0,0.9,0.5,,,,0,1.0,1,12133.0,,,,,,TIMING_DIFFERENCE,TIMING_DIFFERENCE
EXC_001373,LED_001151,LED,entry_date,1,0,0,0.9,0.5,,,,0,1.0,1,657.9,,,,,,TIMING_DIFFERENCE,TIMING_DIFFERENCE
EXC_001375,LED_001155,LED,entry_date,1,0,0,0.9,0.6666666666666666,,,,0,3.0,1,2411.92,,,,,,TIMING_DIFFERENCE,TIMING_DIFFERENCE
EXC_001376,LED_001157,LED,entry_date,1,0,0,0.9,0.5,,,,0,1.0,1,367.92,,,,,,TIMING_DIFFERENCE,TIMING_DIFFERENCE
EXC_001377,LED_001173,LED,entry_date,1,0,0,0.9,0.5,,,,0,2.0,1,567.58,,,,,,TIMING_DIFFERENCE,TIMING_DIFFERENCE
EXC_001379,LED_001180,LED,entry_date,1,0,0,0.9,0.5,,,,0,1.0,1,4775.65,,,,,,TIMING_DIFFERENCE,TIMING_DIFFERENCE
EXC_001380,LED_001188,LED,entry_date,1,0,0,0.9,0.5,,,,0,2.0,1,507.96,,,,,,TIMING_DIFFERENCE,TIMING_DIFFERENCE
EXC_001382,LED_001206,LED,entry_date,1,0,0,0.9,0.5,,,,0,2.0,1,14246.14,,,,,,TIMING_DIFFERENCE,TIMING_DIFFERENCE
EXC_001384,LED_001215,LED,entry_date,1,0,0,0.7,0.2,,,,0,2.0,1,3552.18,,,,,,TIMING_DIFFERENCE,TIMING_DIFFERENCE
EXC_001385,LED_001219,LED,entry_date,1,0,0,0.9,0.5,,,,0,3.0,1,33373.35,,,,,,TIMING_DIFFERENCE,TIMING_DIFFERENCE
EXC_001386,LED_001223,LED,entry_date,1,0,0,0.9,0.5,,,,0,2.0,1,40022.0,,,,,,TIMING_DIFFERENCE,TIMING_DIFFERENCE
EXC_001388,LED_001225,LED,entry_date,1,0,0,0.9,0.5,,,,0,1.0,1,22656.0,,,,,,TIMING_DIFFERENCE,TIMING_DIFFERENCE
EXC_001389,LED_001228,LED,entry_date,1,0,0,0.9,0.5,,,,0,2.0,1,25054.94,,,,,,TIMING_DIFFERENCE,TIMING_DIFFERENCE
EXC_001391,LED_001237,LED,entry_date,1,0,0,0.8,0.5,,,,0,3.0,1,11749.2,,,,,,TIMING_DIFFERENCE,TIMING_DIFFERENCE
EXC_001392,LED_001247,LED,entry_date,1,0,0,0.9,0.5,,,,0,1.0,1,4848.0,,,,,,TIMING_DIFFERENCE,TIMING_DIFFERENCE
EXC_001393,LED_001250,LED,entry_date,1,0,0,0.9,0.5,,,,0,1.0,1,5807.0,,,,,,TIMING_DIFFERENCE,TIMING_DIFFERENCE
EXC_001396,LED_001261,LED,entry_date,1,0,0,0.9,0.6666666666666666,,,,0,3.0,1,122625.07,,,,,,TIMING_DIFFERENCE,TIMING_DIFFERENCE
EXC_001397,LED_001265,LED,entry_date,1,0,0,0.9,0.5,,,,0,1.0,1,4656.88,,,,,,TIMING_DIFFERENCE,TIMING_DIFFERENCE
EXC_001398,LED_001267,LED,entry_date,1,0,0,0.9,0.5,,,,0,1.0,1,355.19,,,,,,TIMING_DIFFERENCE,TIMING_DIFFERENCE
EXC_001399,LED_001270,LED,entry_date,1,0,0,0.9,0.5,,,,0,1.0,1,33325.6,,,,,,TIMING_DIFFERENCE,TIMING_DIFFERENCE
EXC_001400,LED_001275,LED,entry_date,1,0,0,0.9,0.5,,,,0,1.0,1,4220.86,,,,,,TIMING_DIFFERENCE,TIMING_DIFFERENCE
EXC_001401,LED_001277,LED,entry_date,1,0,0,0.9,0.5,,,,0,2.0,1,643.86,,,,,,TIMING_DIFFERENCE,TIMING_DIFFERENCE
EXC_001402,LED_001283,LED,entry_date,1,0,0,0.9,0.5,,,,0,2.0,1,2030.22,,,,,,TIMING_DIFFERENCE,TIMING_DIFFERENCE
EXC_001404,LED_001292,LED,entry_date,1,0,0,0.8,0.5,,,,0,1.0,1,358.27,,,,,,TIMING_DIFFERENCE,TIMING_DIFFERENCE
EXC_001405,LED_001294,LED,entry_date,1,0,0,0.9,0.5,,,,0,1.0,1,14797.8,,,,,,TIMING_DIFFERENCE,TIMING_DIFFERENCE
EXC_001406,LED_001298,LED,entry_date,1,0,0,0.9,0.5,,,,0,2.0,1,783.36,,,,,,TIMING_DIFFERENCE,TIMING_DIFFERENCE
EXC_001407,LED_001309,LED,entry_date,1,0,0,0.9,0.5,,,,0,3.0,1,1819.78,,,,,,TIMING_DIFFERENCE,TIMING_DIFFERENCE
EXC_001409,LED_001319,LED,entry_date,1,0,0,0.9,0.5,,,,0,1.0,1,15416.7,,,,,,TIMING_DIFFERENCE,TIMING_DIFFERENCE
EXC_001410,LED_001320,LED,entry_date,1,0,0,0.9,0.5,,,,0,2.0,1,13065.0,,,,,,TIMING_DIFFERENCE,TIMING_DIFFERENCE
EXC_001412,LED_001328,LED,entry_date,1,0,0,0.9,0.5,,,,0,3.0,1,1812.48,,,,,,TIMING_DIFFERENCE,TIMING_DIFFERENCE
EXC_001413,LED_001339,LED,entry_date,1,0,0,0.9,0.5,,,,0,3.0,1,7057.08,,,,,,TIMING_DIFFERENCE,TIMING_DIFFERENCE
EXC_001414,LED_001343,LED,entry_date,1,0,0,0.9,0.5,,,,0,3.0,1,21130.26,,,,,,TIMING_DIFFERENCE,TIMING_DIFFERENCE
EXC_001415,LED_001347,LED,entry_date,1,0,0,0.9,0.5,,,,0,2.0,1,27073.1,,,,,,TIMING_DIFFERENCE,TIMING_DIFFERENCE
EXC_001416,LED_001358,LED,entry_date,1,0,0,0.8,0.2,,,,0,3.0,1,1097.37,,,,,,TIMING_DIFFERENCE,TIMING_DIFFERENCE
EXC_001417,LED_001359,LED,entry_date,1,0,0,0.9,0.5,,,,0,2.0,1,7180.06,,,,,,TIMING_DIFFERENCE,TIMING_DIFFERENCE
EXC_001418,LED_001360,LED,entry_date,1,0,0,0.9,0.5,,,,0,1.0,1,6084.8,,,,,,TIMING_DIFFERENCE,TIMING_DIFFERENCE
EXC_001419,LED_001367,LED,entry_date,1,0,0,0.9,0.5,,,,0,2.0,1,7430.9,,,,,,TIMING_DIFFERENCE,TIMING_DIFFERENCE
EXC_001420,LED_001368,LED,entry_date,1,0,0,0.9,0.5,,,,0,2.0,1,668.78,,,,,,TIMING_DIFFERENCE,TIMING_DIFFERENCE
EXC_001421,LED_001372,LED,entry_date,1,0,0,0.8,0.5,,,,0,2.0,1,1002.24,,,,,,TIMING_DIFFERENCE,TIMING_DIFFERENCE
EXC_001422,LED_001376,LED,entry_date,1,0,0,0.9,0.5,,,,0,2.0,1,6673.61,,,,,,TIMING_DIFFERENCE,TIMING_DIFFERENCE
EXC_001424,LED_001380,LED,entry_date,1,0,0,0.9,0.5,,,,0,2.0,1,4794.65,,,,,,TIMING_DIFFERENCE,TIMING_DIFFERENCE
EXC_001425,LED_001385,LED,entry_date,1,0,0,0.7,0.2,,,,0,2.0,1,1336.0,,,,,,TIMING_DIFFERENCE,TIMING_DIFFERENCE
EXC_001426,LED_001388,LED,entry_date,1,0,0,0.7,0.2,,,,0,2.0,1,2663.5,,,,,,TIMING_DIFFERENCE,TIMING_DIFFERENCE
EXC_001427,LED_001391,LED,entry_date,1,0,0,0.9,0.5,,,,0,2.0,1,3960.49,,,,,,TIMING_DIFFERENCE,TIMING_DIFFERENCE
EXC_001428,LED_001397,LED,entry_date,1,0,0,0.9,0.5,,,,0,2.0,1,5855.16,,,,,,TIMING_DIFFERENCE,TIMING_DIFFERENCE
EXC_001429,LED_001403,LED,entry_date,1,0,0,0.9,0.6666666666666666,,,,0,1.0,1,727.78,,,,,,TIMING_DIFFERENCE,TIMING_DIFFERENCE
EXC_001430,LED_001416,LED,entry_date,1,0,0,0.9,0.5,,,,0,2.0,1,8255.28,,,,,,TIMING_DIFFERENCE,TIMING_DIFFERENCE
EXC_001431,LED_001422,LED,entry_date,1,0,0,0.9,0.5,,,,0,2.0,1,2807.91,,,,,,TIMING_DIFFERENCE,TIMING_DIFFERENCE
EXC_001432,LED_001424,LED,entry_date,1,0,0,0.9,0.5,,,,0,3.0,1,67765.04,,,,,,TIMING_DIFFERENCE,TIMING_DIFFERENCE
EXC_001434,LED_001438,LED,entry_date,1,0,0,0.9,0.5,,,,0,2.0,1,2717.28,,,,,,TIMING_DIFFERENCE,TIMING_DIFFERENCE
EXC_001435,LED_001446,LED,entry_date,1,0,0,0.9,0.5,,,,0,1.0,1,1000.64,,,,,,TIMING_DIFFERENCE,TIMING_DIFFERENCE
EXC_001436,LED_001447,LED,entry_date,1,0,0,0.9,0.5,,,,0,3.0,1,848.0,,,,,,TIMING_DIFFERENCE,TIMING_DIFFERENCE
EXC_001437,LED_001449,LED,entry_date,1,0,0,0.9,0.5,,,,0,3.0,1,51947.14,,,,,,TIMING_DIFFERENCE,TIMING_DIFFERENCE
EXC_001439,LED_001456,LED,entry_date,1,0,0,0.9,0.6666666666666666,,,,0,1.0,1,3054.6,,,,,,TIMING_DIFFERENCE,TIMING_DIFFERENCE
EXC_001440,LED_001473,LED,entry_date,1,0,0,0.9,0.6666666666666666,,,,0,1.0,1,13277.36,,,,,,TIMING_DIFFERENCE,TIMING_DIFFERENCE
EXC_001443,LED_001484,LED,entry_date,1,0,0,0.9,0.5,,,,0,1.0,1,2498.94,,,,,,TIMING_DIFFERENCE,TIMING_DIFFERENCE
EXC_001446,LED_001498,LED,entry_date,1,0,0,0.9,0.5,,,,0,1.0,1,13601.15,,,,,,TIMING_DIFFERENCE,TIMING_DIFFERENCE
EXC_001447,LED_001499,LED,entry_date,1,0,0,0.9,0.5,,,,0,2.0,1,2448.21,,,,,,TIMING_DIFFERENCE,TIMING_DIFFERENCE
EXC_001450,LED_001508,LED,entry_date,1,0,0,0.9,0.5,,,,0,2.0,1,4680.0,,,,,,TIMING_DIFFERENCE,TIMING_DIFFERENCE
EXC_001451,LED_001509,LED,entry_date,1,0,0,0.9,0.5,,,,0,3.0,1,527.82,,,,,,TIMING_DIFFERENCE,TIMING_DIFFERENCE
EXC_001453,LED_001520,LED,entry_date,1,0,0,0.9,0.5,,,,0,2.0,1,6325.5,,,,,,TIMING_DIFFERENCE,TIMING_DIFFERENCE
EXC_001457,LED_001533,LED,entry_date,1,0,0,0.9,0.5,,,,0,1.0,1,390.06,,,,,,TIMING_DIFFERENCE,TIMING_DIFFERENCE
EXC_001458,LED_001537,LED,entry_date,1,0,0,0.9,0.5,,,,0,2.0,1,516.1,,,,,,TIMING_DIFFERENCE,TIMING_DIFFERENCE
EXC_001461,LED_001543,LED,entry_date,1,0,0,0.9,0.5,,,,0,1.0,1,1950.8,,,,,,TIMING_DIFFERENCE,TIMING_DIFFERENCE
EXC_001462,LED_001545,LED,entry_date,1,0,0,0.9,0.5,,,,0,1.0,1,1626.0,,,,,,TIMING_DIFFERENCE,TIMING_DIFFERENCE
EXC_001463,LED_001560,LED,entry_date,1,0,0,0.9,0.5,,,,0,1.0,1,516.38,,,,,,TIMING_DIFFERENCE,TIMING_DIFFERENCE
EXC_001464,LED_001581,LED,entry_date,1,0,0,0.9,0.5,,,,0,1.0,1,606.69,,,,,,TIMING_DIFFERENCE,TIMING_DIFFERENCE
EXC_001465,LED_001590,LED,entry_date,1,0,0,0.9,0.5,,,,0,2.0,1,2167.24,,,,,,TIMING_DIFFERENCE,TIMING_DIFFERENCE
EXC_001467,LED_001594,LED,entry_date,1,0,0,0.9,0.5,,,,0,1.0,1,9179.93,,,,,,TIMING_DIFFERENCE,TIMING_DIFFERENCE
EXC_001468,LED_001595,LED,entry_date,1,0,0,0.9,0.6666666666666666,,,,0,3.0,1,7779.6,,,,,,TIMING_DIFFERENCE,TIMING_DIFFERENCE
EXC_001472,LED_001613,LED,entry_date,1,0,0,0.8,0.5,,,,0,2.0,1,103411.0,,,,,,TIMING_DIFFERENCE,TIMING_DIFFERENCE
EXC_001477,LED_001625,LED,entry_date,1,0,0,0.9,0.5,,,,0,1.0,1,3313.8,,,,,,TIMING_DIFFERENCE,TIMING_DIFFERENCE
EXC_001478,LED_001632,LED,entry_date,1,0,0,0.8,0.5,,,,0,2.0,1,2943.25,,,,,,TIMING_DIFFERENCE,TIMING_DIFFERENCE
EXC_001479,LED_001639,LED,entry_date,1,0,0,0.9,0.5,,,,0,3.0,1,26900.22,,,,,,TIMING_DIFFERENCE,TIMING_DIFFERENCE
EXC_001480,LED_001640,LED,entry_date,1,0,0,0.9,0.5,,,,0,1.0,1,22796.8,,,,,,TIMING_DIFFERENCE,TIMING_DIFFERENCE
EXC_001481,LED_001642,LED,entry_date,1,0,0,0.9,0.6666666666666666,,,,0,3.0,1,56031.59,,,,,,TIMING_DIFFERENCE,TIMING_DIFFERENCE
EXC_001482,LED_001645,LED,entry_date,1,0,0,0.9,0.5,,,,0,3.0,1,26015.46,,,,,,TIMING_DIFFERENCE,TIMING_DIFFERENCE
EXC_001483,LED_001651,LED,entry_date,1,0,0,0.9,0.5,,,,0,1.0,1,48110.96,,,,,,TIMING_DIFFERENCE,TIMING_DIFFERENCE
EXC_001484,LED_001659,LED,entry_date,1,0,0,0.9,0.5,,,,0,1.0,1,2773.11,,,,,,TIMING_DIFFERENCE,TIMING_DIFFERENCE
EXC_001485,LED_001665,LED,entry_date,1,0,0,0.9,0.5,,,,0,3.0,1,604.74,,,,,,TIMING_DIFFERENCE,TIMING_DIFFERENCE
EXC_001486,LED_001671,LED,entry_date,1,0,0,0.9,0.5,,,,0,3.0,1,13710.6,,,,,,TIMING_DIFFERENCE,TIMING_DIFFERENCE
EXC_001487,LED_001672,LED,entry_date,1,0,0,0.9,0.5,,,,0,3.0,1,2467.91,,,,,,TIMING_DIFFERENCE,TIMING_DIFFERENCE
EXC_001488,LED_001676,LED,entry_date,1,0,0,0.9,0.5,,,,0,1.0,1,4134.72,,,,,,TIMING_DIFFERENCE,TIMING_DIFFERENCE
EXC_001489,LED_001691,LED,entry_date,1,0,0,0.9,0.5,,,,0,1.0,1,4152.42,,,,,,TIMING_DIFFERENCE,TIMING_DIFFERENCE
EXC_001490,LED_001698,LED,entry_date,1,0,0,0.9,0.5,,,,0,1.0,1,14358.0,,,,,,TIMING_DIFFERENCE,TIMING_DIFFERENCE
EXC_001491,LED_001702,LED,entry_date,1,0,0,0.9,0.5,,,,0,1.0,1,46050.9,,,,,,TIMING_DIFFERENCE,TIMING_DIFFERENCE
EXC_001492,LED_001706,LED,entry_date,1,0,0,0.9,0.6666666666666666,,,,0,2.0,1,62096.0,,,,,,TIMING_DIFFERENCE,TIMING_DIFFERENCE
EXC_001493,LED_001711,LED,entry_date,1,0,0,0.9,0.5,,,,0,1.0,1,3748.86,,,,,,TIMING_DIFFERENCE,TIMING_DIFFERENCE
EXC_001494,LED_001712,LED,entry_date,1,0,0,0.9,0.5,,,,0,3.0,1,3177.0,,,,,,TIMING_DIFFERENCE,TIMING_DIFFERENCE
EXC_001495,LED_001716,LED,entry_date,1,0,0,0.9,0.5,,,,0,3.0,1,562.41,,,,,,TIMING_DIFFERENCE,TIMING_DIFFERENCE
EXC_001496,LED_001718,LED,entry_date,1,0,0,0.9,0.5,,,,0,2.0,1,49837.5,,,,,,TIMING_DIFFERENCE,TIMING_DIFFERENCE
EXC_001497,LED_001719,LED,entry_date,1,0,0,0.9,0.5,,,,0,3.0,1,8970.75,,,,,,TIMING_DIFFERENCE,TIMING_DIFFERENCE
EXC_001498,LED_001722,LED,entry_date,1,0,0,0.9,0.5,,,,0,3.0,1,1890.14,,,,,,TIMING_DIFFERENCE,TIMING_DIFFERENCE
EXC_001499,LED_001724,LED,entry_date,1,0,0,0.9,0.6666666666666666,,,,0,1.0,1,4023.0,,,,,,TIMING_DIFFERENCE,TIMING_DIFFERENCE
EXC_001501,LED_001742,LED,entry_date,1,0,0,0.8,0.5,,,,0,3.0,1,2102.98,,,,,,TIMING_DIFFERENCE,TIMING_DIFFERENCE
EXC_001502,LED_001748,LED,entry_date,1,0,0,0.9,0.5,,,,0,1.0,1,2438.46,,,,,,TIMING_DIFFERENCE,TIMING_DIFFERENCE
EXC_001503,LED_001749,LED,entry_date,1,0,0,0.9,0.5,,,,0,1.0,1,6515.49,,,,,,TIMING_DIFFERENCE,TIMING_DIFFERENCE
EXC_001504,LED_001753,LED,entry_date,1,0,0,0.9,0.5,,,,0,1.0,1,2808.0,,,,,,TIMING_DIFFERENCE,TIMING_DIFFERENCE
EXC_001505,LED_001754,LED,entry_date,1,0,0,0.8,0.5,,,,0,3.0,1,252.72,,,,,,TIMING_DIFFERENCE,TIMING_DIFFERENCE
EXC_001509,LED_001783,LED,entry_date,1,0,0,0.9,0.5,,,,0,1.0,1,264.1,,,,,,TIMING_DIFFERENCE,TIMING_DIFFERENCE
EXC_001510,LED_001785,LED,entry_date,1,0,0,0.9,0.5,,,,0,1.0,1,57765.25,,,,,,TIMING_DIFFERENCE,TIMING_DIFFERENCE
EXC_001511,LED_001791,LED,entry_date,1,0,0,0.7,0.2,,,,0,3.0,1,121.26,,,,,,TIMING_DIFFERENCE,TIMING_DIFFERENCE
EXC_001512,LED_001792,LED,entry_date,1,0,0,0.8,0.5,,,,0,3.0,1,1326.44,,,,,,TIMING_DIFFERENCE,TIMING_DIFFERENCE
EXC_001513,LED_001805,LED,entry_date,1,0,0,0.9,0.5,,,,0,3.0,1,10837.6,,,,,,TIMING_DIFFERENCE,TIMING_DIFFERENCE
EXC_001514,LED_001806,LED,entry_date,1,0,0,0.9,0.5,,,,0,3.0,1,1950.77,,,,,,TIMING_DIFFERENCE,TIMING_DIFFERENCE
EXC_001516,LED_001816,LED,entry_date,1,0,0,0.9,0.5,,,,0,2.0,1,43.2,,,,,,TIMING_DIFFERENCE,TIMING_DIFFERENCE
EXC_001518,LED_001821,LED,entry_date,1,0,0,0.9,0.5,,,,0,2.0,1,1876.2,,,,,,TIMING_DIFFERENCE,TIMING_DIFFERENCE
EXC_001519,LED_001822,LED,entry_date,1,0,0,0.9,0.5,,,,0,3.0,1,1590.0,,,,,,TIMING_DIFFERENCE,TIMING_DIFFERENCE
EXC_001520,LED_001824,LED,entry_date,1,0,0,0.9,0.5,,,,0,2.0,1,3447.96,,,,,,TIMING_DIFFERENCE,TIMING_DIFFERENCE
EXC_001521,LED_001832,LED,entry_date,1,0,0,0.9,0.5,,,,0,2.0,1,220.32,,,,,,TIMING_DIFFERENCE,TIMING_DIFFERENCE
EXC_001522,LED_001834,LED,entry_date,1,0,0,0.8,0.2,,,,0,1.0,1,378.0,,,,,,TIMING_DIFFERENCE,TIMING_DIFFERENCE
EXC_001523,LED_001841,LED,entry_date,1,0,0,0.9,0.5,,,,0,2.0,1,923.74,,,,,,TIMING_DIFFERENCE,TIMING_DIFFERENCE
EXC_001524,LED_001843,LED,entry_date,1,0,0,0.8,0.5,,,,0,3.0,1,1910.0,,,,,,TIMING_DIFFERENCE,TIMING_DIFFERENCE
EXC_001525,LED_001846,LED,entry_date,1,0,0,0.9,0.5,,,,0,2.0,1,3269.9,,,,,,TIMING_DIFFERENCE,TIMING_DIFFERENCE
EXC_001526,LED_001847,LED,entry_date,1,0,0,0.9,0.5,,,,0,2.0,1,588.58,,,,,,TIMING_DIFFERENCE,TIMING_DIFFERENCE
EXC_001527,LED_001852,LED,entry_date,1,0,0,0.8,0.5,,,,0,1.0,1,3157.2,,,,,,TIMING_DIFFERENCE,TIMING_DIFFERENCE
EXC_001528,LED_001853,LED,entry_date,1,0,0,0.7,0.2,,,,0,3.0,1,568.3,,,,,,TIMING_DIFFERENCE,TIMING_DIFFERENCE
EXC_001530,LED_001862,LED,entry_date,1,0,0,0.9,0.5,,,,0,3.0,1,1439.48,,,,,,TIMING_DIFFERENCE,TIMING_DIFFERENCE
EXC_001532,LED_001872,LED,entry_date,1,0,0,0.9,0.5,,,,0,1.0,1,492.95,,,,,,TIMING_DIFFERENCE,TIMING_DIFFERENCE
EXC_001533,LED_001873,LED,entry_date,1,0,0,0.9,0.5,,,,0,3.0,1,417.75,,,,,,TIMING_DIFFERENCE,TIMING_DIFFERENCE
EXC_001534,LED_001874,LED,entry_date,1,0,0,0.9,0.5,,,,0,2.0,1,75.2,,,,,,TIMING_DIFFERENCE,TIMING_DIFFERENCE
EXC_001536,LED_001880,LED,entry_date,1,0,0,0.9,0.5,,,,0,1.0,1,679.59,,,,,,TIMING_DIFFERENCE,TIMING_DIFFERENCE
EXC_001537,LED_001887,LED,entry_date,1,0,0,0.9,0.5,,,,0,3.0,1,6723.11,,,,,,TIMING_DIFFERENCE,TIMING_DIFFERENCE
EXC_001538,LED_001889,LED,entry_date,1,0,0,0.9,0.5,,,,0,1.0,1,1025.56,,,,,,TIMING_DIFFERENCE,TIMING_DIFFERENCE
EXC_001540,LED_001896,LED,entry_date,1,0,0,0.8,0.5,,,,0,2.0,1,1574.12,,,,,,TIMING_DIFFERENCE,TIMING_DIFFERENCE
EXC_001541,LED_001908,LED,entry_date,1,0,0,0.9,0.5,,,,0,1.0,1,11796.7,,,,,,TIMING_DIFFERENCE,TIMING_DIFFERENCE
EXC_001543,LED_001918,LED,entry_date,1,0,0,0.7,0.2,,,,0,2.0,1,25853.0,,,,,,TIMING_DIFFERENCE,TIMING_DIFFERENCE
EXC_001544,LED_001919,LED,entry_date,1,0,0,0.7,0.2,,,,0,2.0,1,4653.54,,,,,,TIMING_DIFFERENCE,TIMING_DIFFERENCE
EXC_001545,LED_001920,LED,entry_date,1,0,0,0.9,0.5,,,,0,1.0,1,20625.46,,,,,,TIMING_DIFFERENCE,TIMING_DIFFERENCE
EXC_001546,LED_001922,LED,entry_date,1,0,0,0.9,0.5,,,,0,1.0,1,3146.26,,,,,,TIMING_DIFFERENCE,TIMING_DIFFERENCE
EXC_001547,LED_001925,LED,entry_date,1,0,0,0.9,0.5,,,,0,2.0,1,456.25,,,,,,TIMING_DIFFERENCE,TIMING_DIFFERENCE
EXC_001548,LED_001926,LED,entry_date,1,0,0,0.9,0.5,,,,0,2.0,1,10549.73,,,,,,TIMING_DIFFERENCE,TIMING_DIFFERENCE
EXC_001551,LED_001939,LED,entry_date,1,0,0,0.9,0.5,,,,0,2.0,1,1790.06,,,,,,TIMING_DIFFERENCE,TIMING_DIFFERENCE
EXC_001552,LED_001942,LED,entry_date,1,0,0,0.9,0.5,,,,0,1.0,1,20925.06,,,,,,TIMING_DIFFERENCE,TIMING_DIFFERENCE
EXC_001553,LED_001948,LED,entry_date,1,0,0,0.9,0.5,,,,0,3.0,1,2966.87,,,,,,TIMING_DIFFERENCE,TIMING_DIFFERENCE
EXC_001555,LED_001950,LED,entry_date,1,0,0,0.9,0.5,,,,0,2.0,1,452.57,,,,,,TIMING_DIFFERENCE,TIMING_DIFFERENCE
EXC_001556,LED_001957,LED,entry_date,1,0,0,0.9,0.5,,,,0,2.0,1,5061.14,,,,,,TIMING_DIFFERENCE,TIMING_DIFFERENCE
EXC_001557,LED_001959,LED,entry_date,1,0,0,0.9,0.5,,,,0,1.0,1,772.04,,,,,,TIMING_DIFFERENCE,TIMING_DIFFERENCE
EXC_001558,LED_001960,LED,entry_date,1,0,0,0.9,0.5,,,,0,2.0,1,4554.62,,,,,,TIMING_DIFFERENCE,TIMING_DIFFERENCE
EXC_001560,LED_001974,LED,entry_date,1,0,0,0.9,0.5,,,,0,1.0,1,8665.5,,,,,,TIMING_DIFFERENCE,TIMING_DIFFERENCE
EXC_001562,LED_001995,LED,entry_date,1,0,0,0.9,0.5,,,,0,2.0,1,65835.0,,,,,,TIMING_DIFFERENCE,TIMING_DIFFERENCE
EXC_001563,LED_001998,LED,entry_date,1,0,0,0.9,0.5,,,,0,1.0,1,2712.0,,,,,,TIMING_DIFFERENCE,TIMING_DIFFERENCE
EXC_001565,LED_002009,LED,entry_date,1,0,0,0.9,0.5,,,,0,2.0,1,43949.1,,,,,,TIMING_DIFFERENCE,TIMING_DIFFERENCE
EXC_001566,LED_002010,LED,entry_date,1,0,0,0.9,0.5,,,,0,3.0,1,37245.0,,,,,,TIMING_DIFFERENCE,TIMING_DIFFERENCE
EXC_001568,LED_002018,LED,entry_date,1,0,0,0.8,0.5,,,,0,2.0,1,9157.98,,,,,,TIMING_DIFFERENCE,TIMING_DIFFERENCE
EXC_001570,LED_002024,LED,entry_date,1,0,0,0.9,0.5,,,,0,1.0,1,6193.53,,,,,,TIMING_DIFFERENCE,TIMING_DIFFERENCE
EXC_001571,LED_002031,LED,entry_date,1,0,0,0.9,0.5,,,,0,3.0,1,43105.0,,,,,,TIMING_DIFFERENCE,TIMING_DIFFERENCE
EXC_001575,LED_002048,LED,entry_date,1,0,0,0.9,0.5,,,,0,1.0,1,1950.3,,,,,,TIMING_DIFFERENCE,TIMING_DIFFERENCE
EXC_001576,LED_002051,LED,entry_date,1,0,0,0.9,0.5,,,,0,3.0,1,24768.0,,,,,,TIMING_DIFFERENCE,TIMING_DIFFERENCE
EXC_001578,LED_002056,LED,entry_date,1,0,0,0.9,0.5,,,,0,1.0,1,61175.21,,,,,,TIMING_DIFFERENCE,TIMING_DIFFERENCE
EXC_001579,LED_002058,LED,entry_date,1,0,0,0.9,0.5,,,,0,1.0,1,9331.81,,,,,,TIMING_DIFFERENCE,TIMING_DIFFERENCE
EXC_001580,LED_002063,LED,entry_date,1,0,0,0.7,0.2,,,,0,3.0,1,26716.0,,,,,,TIMING_DIFFERENCE,TIMING_DIFFERENCE
EXC_001581,LED_002065,LED,entry_date,1,0,0,0.9,0.5,,,,0,1.0,1,6260.49,,,,,,TIMING_DIFFERENCE,TIMING_DIFFERENCE
EXC_001582,LED_002072,LED,entry_date,1,0,0,0.9,0.6666666666666666,,,,0,2.0,1,13340.85,,,,,,TIMING_DIFFERENCE,TIMING_DIFFERENCE
EXC_001583,LED_002075,LED,entry_date,1,0,0,0.9,0.5,,,,0,2.0,1,9932.0,,,,,,TIMING_DIFFERENCE,TIMING_DIFFERENCE
EXC_001585,LED_002094,LED,entry_date,1,0,0,0.9,0.5,,,,0,2.0,1,74.56,,,,,,TIMING_DIFFERENCE,TIMING_DIFFERENCE
EXC_001587,LED_002103,LED,entry_date,1,0,0,0.9,0.5,,,,0,2.0,1,2653.56,,,,,,TIMING_DIFFERENCE,TIMING_DIFFERENCE
EXC_001589,LED_002109,LED,entry_date,1,0,0,0.9,0.5,,,,0,2.0,1,2654.46,,,,,,TIMING_DIFFERENCE,TIMING_DIFFERENCE
EXC_001590,LED_002116,LED,entry_date,1,0,0,0.9,0.5,,,,0,1.0,1,1593.77,,,,,,TIMING_DIFFERENCE,TIMING_DIFFERENCE
EXC_001591,LED_002124,LED,entry_date,1,0,0,0.9,0.5,,,,0,2.0,1,2055.2,,,,,,TIMING_DIFFERENCE,TIMING_DIFFERENCE
EXC_001593,LED_002156,LED,entry_date,1,0,0,0.7,0.2,,,,0,3.0,1,46926.24,,,,,,TIMING_DIFFERENCE,TIMING_DIFFERENCE
EXC_001594,LED_002161,LED,entry_date,1,0,0,0.9,0.5,,,,0,2.0,1,4487.62,,,,,,TIMING_DIFFERENCE,TIMING_DIFFERENCE
EXC_001595,LED_002162,LED,entry_date,1,0,0,0.9,0.5,,,,0,2.0,1,48788.28,,,,,,TIMING_DIFFERENCE,TIMING_DIFFERENCE
EXC_001597,LED_002174,LED,entry_date,1,0,0,0.9,0.5,,,,0,1.0,1,24.48,,,,,,TIMING_DIFFERENCE,TIMING_DIFFERENCE
EXC_001598,LED_002175,LED,entry_date,1,0,0,0.9,0.5,,,,0,1.0,1,91468.88,,,,,,TIMING_DIFFERENCE,TIMING_DIFFERENCE
EXC_001601,LED_002187,LED,entry_date,1,0,0,0.9,0.5,,,,0,1.0,1,9572.63,,,,,,TIMING_DIFFERENCE,TIMING_DIFFERENCE
EXC_001604,LED_002207,LED,entry_date,1,0,0,0.9,0.5,,,,0,2.0,1,6847.49,,,,,,TIMING_DIFFERENCE,TIMING_DIFFERENCE
EXC_001605,LED_002215,LED,entry_date,1,0,0,0.9,0.5,,,,0,2.0,1,5405.15,,,,,,TIMING_DIFFERENCE,TIMING_DIFFERENCE
EXC_001606,LED_002226,LED,entry_date,1,0,0,0.9,0.5,,,,0,3.0,1,13950.43,,,,,,TIMING_DIFFERENCE,TIMING_DIFFERENCE
EXC_001607,LED_002239,LED,entry_date,1,0,0,0.9,0.5,,,,0,2.0,1,1779.05,,,,,,TIMING_DIFFERENCE,TIMING_DIFFERENCE
EXC_001609,LED_002258,LED,entry_date,1,0,0,0.9,0.5,,,,0,2.0,1,19390.35,,,,,,TIMING_DIFFERENCE,TIMING_DIFFERENCE
EXC_001610,LED_002260,LED,entry_date,1,0,0,0.9,0.5,,,,0,3.0,1,2957.85,,,,,,TIMING_DIFFERENCE,TIMING_DIFFERENCE
EXC_001611,LED_002262,LED,entry_date,1,0,0,0.9,0.5,,,,0,2.0,1,1835.2,,,,,,TIMING_DIFFERENCE,TIMING_DIFFERENCE
EXC_001612,LED_002263,LED,entry_date,1,0,0,0.9,0.5,,,,0,2.0,1,330.34,,,,,,TIMING_DIFFERENCE,TIMING_DIFFERENCE
EXC_001615,LED_002270,LED,entry_date,1,0,0,0.9,0.5,,,,0,2.0,1,2385.96,,,,,,TIMING_DIFFERENCE,TIMING_DIFFERENCE
EXC_001616,LED_002275,LED,entry_date,1,0,0,0.9,0.5,,,,0,3.0,1,2421.68,,,,,,TIMING_DIFFERENCE,TIMING_DIFFERENCE
EXC_001617,LED_002277,LED,entry_date,1,0,0,0.9,0.5,,,,0,1.0,1,2497.5,,,,,,TIMING_DIFFERENCE,TIMING_DIFFERENCE
EXC_001618,LED_002286,LED,entry_date,1,0,0,0.9,0.5,,,,0,3.0,1,2466.9,,,,,,TIMING_DIFFERENCE,TIMING_DIFFERENCE
EXC_001620,LED_002295,LED,entry_date,1,0,0,0.9,0.5,,,,0,1.0,1,11133.9,,,,,,TIMING_DIFFERENCE,TIMING_DIFFERENCE
EXC_001621,LED_002298,LED,entry_date,1,0,0,0.9,0.5,,,,0,2.0,1,12197.42,,,,,,TIMING_DIFFERENCE,TIMING_DIFFERENCE
EXC_001622,LED_002301,LED,entry_date,1,0,0,0.9,0.5,,,,0,1.0,1,2054.79,,,,,,TIMING_DIFFERENCE,TIMING_DIFFERENCE
EXC_001624,LED_002310,LED,entry_date,1,0,0,0.9,0.5,,,,0,2.0,1,18818.23,,,,,,TIMING_DIFFERENCE,TIMING_DIFFERENCE
EXC_001625,LED_002319,LED,entry_date,1,0,0,0.8,0.5,,,,0,3.0,1,65705.94,,,,,,TIMING_DIFFERENCE,TIMING_DIFFERENCE
EXC_001626,LED_002322,LED,entry_date,1,0,0,0.9,0.5,,,,0,3.0,1,30789.5,,,,,,TIMING_DIFFERENCE,TIMING_DIFFERENCE
EXC_001627,LED_002324,LED,entry_date,1,0,0,0.9,0.5,,,,0,1.0,1,4696.7,,,,,,TIMING_DIFFERENCE,TIMING_DIFFERENCE
EXC_001628,LED_002330,LED,entry_date,1,0,0,0.9,0.6666666666666666,,,,0,2.0,1,306.77,,,,,,TIMING_DIFFERENCE,TIMING_DIFFERENCE
EXC_001629,LED_002334,LED,entry_date,1,0,0,0.9,0.5,,,,0,2.0,1,2251.44,,,,,,TIMING_DIFFERENCE,TIMING_DIFFERENCE
EXC_001630,LED_002339,LED,entry_date,1,0,0,0.9,0.5,,,,0,1.0,1,127.89,,,,,,TIMING_DIFFERENCE,TIMING_DIFFERENCE
EXC_001631,LED_002342,LED,entry_date,1,0,0,0.9,0.5,,,,0,3.0,1,1000.62,,,,,,TIMING_DIFFERENCE,TIMING_DIFFERENCE
EXC_001632,LED_002347,LED,entry_date,1,0,0,0.8,0.2,,,,0,1.0,1,53331.0,,,,,,TIMING_DIFFERENCE,TIMING_DIFFERENCE
EXC_001633,LED_002355,LED,entry_date,1,0,0,0.9,0.5,,,,0,1.0,1,70219.44,,,,,,TIMING_DIFFERENCE,TIMING_DIFFERENCE
EXC_001634,LED_002356,LED,entry_date,1,0,0,0.9,0.5,,,,0,1.0,1,59508.0,,,,,,TIMING_DIFFERENCE,TIMING_DIFFERENCE
EXC_001635,LED_002359,LED,entry_date,1,0,0,0.9,0.5,,,,0,3.0,1,14377.6,,,,,,TIMING_DIFFERENCE,TIMING_DIFFERENCE
EXC_001636,LED_002361,LED,entry_date,1,0,0,0.9,0.5,,,,0,3.0,1,13582.98,,,,,,TIMING_DIFFERENCE,TIMING_DIFFERENCE
EXC_001637,LED_002364,LED,entry_date,1,0,0,0.8,0.5,,,,0,2.0,1,6820.4,,,,,,TIMING_DIFFERENCE,TIMING_DIFFERENCE
EXC_001638,LED_002367,LED,entry_date,1,0,0,0.7,0.2,,,,0,3.0,1,2944.87,,,,,,TIMING_DIFFERENCE,TIMING_DIFFERENCE
EXC_001639,LED_002374,LED,entry_date,1,0,0,0.9,0.5,,,,0,1.0,1,5470.0,,,,,,TIMING_DIFFERENCE,TIMING_DIFFERENCE
EXC_001640,LED_002390,LED,entry_date,1,0,0,0.9,0.5,,,,0,3.0,1,588.22,,,,,,TIMING_DIFFERENCE,TIMING_DIFFERENCE
EXC_001642,LED_002392,LED,entry_date,1,0,0,0.9,0.5,,,,0,2.0,1,4950.45,,,,,,TIMING_DIFFERENCE,TIMING_DIFFERENCE
EXC_001643,LED_002395,LED,entry_date,1,0,0,0.9,0.5,,,,0,3.0,1,1440.0,,,,,,TIMING_DIFFERENCE,TIMING_DIFFERENCE
EXC_001645,LED_002409,LED,entry_date,1,0,0,0.9,0.5,,,,0,2.0,1,877.4,,,,,,TIMING_DIFFERENCE,TIMING_DIFFERENCE
EXC_001646,LED_002414,LED,entry_date,1,0,0,0.9,0.5,,,,0,1.0,1,8357.4,,,,,,TIMING_DIFFERENCE,TIMING_DIFFERENCE
EXC_001647,LED_002416,LED,entry_date,1,0,0,0.9,0.5,,,,0,2.0,1,1873.84,,,,,,TIMING_DIFFERENCE,TIMING_DIFFERENCE
EXC_001648,LED_002417,LED,entry_date,1,0,0,0.9,0.5,,,,0,2.0,1,1588.0,,,,,,TIMING_DIFFERENCE,TIMING_DIFFERENCE
EXC_001649,LED_002423,LED,entry_date,1,0,0,0.9,0.5,,,,0,3.0,1,6177.0,,,,,,TIMING_DIFFERENCE,TIMING_DIFFERENCE
EXC_001650,LED_002427,LED,entry_date,1,0,0,0.9,0.5,,,,0,2.0,1,5694.66,,,,,,TIMING_DIFFERENCE,TIMING_DIFFERENCE
EXC_001653,LED_002433,LED,entry_date,1,0,0,0.9,0.5,,,,0,2.0,1,148.43,,,,,,TIMING_DIFFERENCE,TIMING_DIFFERENCE
EXC_001654,LED_002434,LED,entry_date,1,0,0,0.9,0.5,,,,0,1.0,1,18866.78,,,,,,TIMING_DIFFERENCE,TIMING_DIFFERENCE
EXC_001656,LED_002441,LED,entry_date,1,0,0,0.9,0.5,,,,0,1.0,1,30773.04,,,,,,TIMING_DIFFERENCE,TIMING_DIFFERENCE
EXC_001657,LED_002442,LED,entry_date,1,0,0,0.9,0.5,,,,0,1.0,1,26078.85,,,,,,TIMING_DIFFERENCE,TIMING_DIFFERENCE
EXC_001658,LED_002445,LED,entry_date,1,0,0,0.9,0.5,,,,0,2.0,1,4060.45,,,,,,TIMING_DIFFERENCE,TIMING_DIFFERENCE
EXC_001659,LED_002450,LED,entry_date,1,0,0,0.9,0.5,,,,0,2.0,1,7518.96,,,,,,TIMING_DIFFERENCE,TIMING_DIFFERENCE
EXC_001660,LED_002452,LED,entry_date,1,0,0,0.9,0.5,,,,0,3.0,1,1146.96,,,,,,TIMING_DIFFERENCE,TIMING_DIFFERENCE
EXC_001662,LED_002472,LED,entry_date,1,0,0,0.9,0.5,,,,0,1.0,1,8699.02,,,,,,TIMING_DIFFERENCE,TIMING_DIFFERENCE
EXC_001663,LED_002476,LED,entry_date,1,0,0,0.9,0.5,,,,0,3.0,1,12667.0,,,,,,TIMING_DIFFERENCE,TIMING_DIFFERENCE
EXC_001665,LED_002487,LED,entry_date,1,0,0,0.9,0.5,,,,0,3.0,1,983.43,,,,,,TIMING_DIFFERENCE,TIMING_DIFFERENCE
EXC_001667,LED_002501,LED,entry_date,1,0,0,0.9,0.5,,,,0,1.0,1,3732.34,,,,,,TIMING_DIFFERENCE,TIMING_DIFFERENCE
EXC_001668,LED_002502,LED,entry_date,1,0,0,0.9,0.5,,,,0,1.0,1,3163.0,,,,,,TIMING_DIFFERENCE,TIMING_DIFFERENCE
EXC_001669,LED_002507,LED,entry_date,1,0,0,0.9,0.5,,,,0,2.0,1,47576.42,,,,,,TIMING_DIFFERENCE,TIMING_DIFFERENCE
EXC_001670,LED_002508,LED,entry_date,1,0,0,0.9,0.5,,,,0,2.0,1,40319.0,,,,,,TIMING_DIFFERENCE,TIMING_DIFFERENCE
EXC_001671,LED_002516,LED,entry_date,1,0,0,0.9,0.5,,,,0,3.0,1,1902.16,,,,,,TIMING_DIFFERENCE,TIMING_DIFFERENCE
EXC_001672,LED_002528,LED,entry_date,1,0,0,0.9,0.5,,,,0,1.0,1,3172.78,,,,,,TIMING_DIFFERENCE,TIMING_DIFFERENCE
EXC_001673,LED_002530,LED,entry_date,1,0,0,0.9,0.5,,,,0,1.0,1,241.99,,,,,,TIMING_DIFFERENCE,TIMING_DIFFERENCE
EXC_001674,LED_002532,LED,entry_date,1,0,0,0.9,0.5,,,,0,1.0,1,8831.12,,,,,,TIMING_DIFFERENCE,TIMING_DIFFERENCE
EXC_001675,LED_002536,LED,entry_date,1,0,0,0.8,0.5,,,,0,3.0,1,2562.0,,,,,,TIMING_DIFFERENCE,TIMING_DIFFERENCE
EXC_001676,LED_002537,LED,entry_date,1,0,0,0.8,0.5,,,,0,3.0,1,230.58,,,,,,TIMING_DIFFERENCE,TIMING_DIFFERENCE
EXC_001677,LED_002552,LED,entry_date,1,0,0,0.9,0.5,,,,0,1.0,1,41590.0,,,,,,TIMING_DIFFERENCE,TIMING_DIFFERENCE
EXC_001679,LED_002565,LED,entry_date,1,0,0,0.9,0.5,,,,0,1.0,1,541.26,,,,,,TIMING_DIFFERENCE,TIMING_DIFFERENCE
EXC_001680,LED_002566,LED,entry_date,1,0,0,0.9,0.5,,,,0,1.0,1,72061.18,,,,,,TIMING_DIFFERENCE,TIMING_DIFFERENCE
EXC_001681,LED_002567,LED,entry_date,1,0,0,0.9,0.5,,,,0,2.0,1,61068.8,,,,,,TIMING_DIFFERENCE,TIMING_DIFFERENCE
EXC_001682,LED_002568,LED,entry_date,1,0,0,0.9,0.5,,,,0,1.0,1,10992.38,,,,,,TIMING_DIFFERENCE,TIMING_DIFFERENCE
EXC_001683,LED_002574,LED,entry_date,1,0,0,0.9,0.5,,,,0,2.0,1,2002.95,,,,,,TIMING_DIFFERENCE,TIMING_DIFFERENCE
EXC_001684,LED_002580,LED,entry_date,1,0,0,0.9,0.5,,,,0,1.0,1,11816.0,,,,,,TIMING_DIFFERENCE,TIMING_DIFFERENCE
EXC_001685,LED_002592,LED,entry_date,1,0,0,0.9,0.5,,,,0,2.0,1,49380.76,,,,,,TIMING_DIFFERENCE,TIMING_DIFFERENCE
EXC_001686,LED_002599,LED,entry_date,1,0,0,0.9,0.5,,,,0,1.0,1,28840.0,,,,,,TIMING_DIFFERENCE,TIMING_DIFFERENCE
EXC_001687,LED_002602,LED,entry_date,1,0,0,0.9,0.5,,,,0,3.0,1,4335.0,,,,,,TIMING_DIFFERENCE,TIMING_DIFFERENCE
EXC_001688,LED_002603,LED,entry_date,1,0,0,0.9,0.5,,,,0,2.0,1,780.3,,,,,,TIMING_DIFFERENCE,TIMING_DIFFERENCE
EXC_001689,LED_002604,LED,entry_date,1,0,0,0.9,0.5,,,,0,2.0,1,9173.8,,,,,,TIMING_DIFFERENCE,TIMING_DIFFERENCE
EXC_001690,LED_002606,LED,entry_date,1,0,0,0.9,0.5,,,,0,1.0,1,699.7,,,,,,TIMING_DIFFERENCE,TIMING_DIFFERENCE
EXC_001691,LED_002613,LED,entry_date,1,0,0,0.8,0.6666666666666666,,,,0,3.0,1,22770.18,,,,,,TIMING_DIFFERENCE,TIMING_DIFFERENCE
EXC_001692,LED_002622,LED,entry_date,1,0,0,0.8,0.5,,,,0,3.0,1,900.0,,,,,,TIMING_DIFFERENCE,TIMING_DIFFERENCE
EXC_001693,LED_002624,LED,entry_date,1,0,0,0.9,0.5,,,,0,1.0,1,26608.0,,,,,,TIMING_DIFFERENCE,TIMING_DIFFERENCE
EXC_001694,LED_002625,LED,entry_date,1,0,0,0.9,0.5,,,,0,1.0,1,4789.44,,,,,,TIMING_DIFFERENCE,TIMING_DIFFERENCE
EXC_001695,LED_002638,LED,entry_date,1,0,0,0.7,0.2,,,,0,3.0,1,5954.63,,,,,,TIMING_DIFFERENCE,TIMING_DIFFERENCE
EXC_001696,LED_002639,LED,entry_date,1,0,0,0.8,0.5,,,,0,2.0,1,5046.3,,,,,,TIMING_DIFFERENCE,TIMING_DIFFERENCE
EXC_001699,LED_002653,LED,entry_date,1,0,0,0.8,0.2,,,,0,3.0,1,45399.38,,,,,,TIMING_DIFFERENCE,TIMING_DIFFERENCE
EXC_001700,LED_002655,LED,entry_date,1,0,0,0.9,0.5,,,,0,1.0,1,6925.33,,,,,,TIMING_DIFFERENCE,TIMING_DIFFERENCE
EXC_001701,LED_002656,LED,entry_date,1,0,0,0.8,0.2,,,,0,1.0,1,15442.9,,,,,,TIMING_DIFFERENCE,TIMING_DIFFERENCE
EXC_001702,LED_002658,LED,entry_date,1,0,0,0.8,0.2,,,,0,1.0,1,2355.7,,,,,,TIMING_DIFFERENCE,TIMING_DIFFERENCE
EXC_001704,LED_002666,LED,entry_date,1,0,0,0.8,0.5,,,,0,2.0,1,44965.5,,,,,,TIMING_DIFFERENCE,TIMING_DIFFERENCE
EXC_001706,LED_002673,LED,entry_date,1,0,0,0.9,0.5,,,,0,2.0,1,2546.28,,,,,,TIMING_DIFFERENCE,TIMING_DIFFERENCE
EXC_001707,LED_002683,LED,entry_date,1,0,0,0.9,0.5,,,,0,1.0,1,6008.97,,,,,,TIMING_DIFFERENCE,TIMING_DIFFERENCE
EXC_001708,LED_002695,LED,entry_date,1,0,0,0.9,0.5,,,,0,2.0,1,2716.36,,,,,,TIMING_DIFFERENCE,TIMING_DIFFERENCE
EXC_001709,LED_002708,LED,entry_date,1,0,0,0.9,0.5,,,,0,1.0,1,4424.0,,,,,,TIMING_DIFFERENCE,TIMING_DIFFERENCE
EXC_001710,LED_002709,LED,entry_date,1,0,0,0.9,0.5,,,,0,2.0,1,796.32,,,,,,TIMING_DIFFERENCE,TIMING_DIFFERENCE
EXC_001712,LED_002713,LED,entry_date,1,0,0,0.9,0.5,,,,0,1.0,1,1920.1,,,,,,TIMING_DIFFERENCE,TIMING_DIFFERENCE
EXC_001714,LED_002726,LED,entry_date,1,0,0,0.9,0.5,,,,0,2.0,1,104978.4,,,,,,TIMING_DIFFERENCE,TIMING_DIFFERENCE
EXC_001715,LED_002729,LED,entry_date,1,0,0,0.9,0.5,,,,0,2.0,1,2465.0,,,,,,TIMING_DIFFERENCE,TIMING_DIFFERENCE
EXC_001716,LED_002733,LED,entry_date,1,0,0,0.9,0.5,,,,0,1.0,1,13448.27,,,,,,TIMING_DIFFERENCE,TIMING_DIFFERENCE
EXC_001717,LED_002736,LED,entry_date,1,0,0,0.9,0.5,,,,0,2.0,1,529.93,,,,,,TIMING_DIFFERENCE,TIMING_DIFFERENCE
EXC_001718,LED_002738,LED,entry_date,1,0,0,0.9,0.5,,,,0,2.0,1,6814.56,,,,,,TIMING_DIFFERENCE,TIMING_DIFFERENCE
EXC_001719,LED_002743,LED,entry_date,1,0,0,0.9,0.5,,,,0,1.0,1,6692.09,,,,,,TIMING_DIFFERENCE,TIMING_DIFFERENCE
EXC_001724,LED_002766,LED,entry_date,1,0,0,0.9,0.5,,,,0,3.0,1,26965.6,,,,,,TIMING_DIFFERENCE,TIMING_DIFFERENCE
EXC_001726,LED_002788,LED,entry_date,1,0,0,0.9,0.5,,,,0,1.0,1,2067.71,,,,,,TIMING_DIFFERENCE,TIMING_DIFFERENCE
EXC_001727,LED_002789,LED,entry_date,1,0,0,0.9,0.5,,,,0,2.0,1,1752.3,,,,,,TIMING_DIFFERENCE,TIMING_DIFFERENCE
EXC_001729,LED_002799,LED,entry_date,1,0,0,0.9,0.5,,,,0,2.0,1,1800.58,,,,,,TIMING_DIFFERENCE,TIMING_DIFFERENCE
EXC_001730,LED_002817,LED,entry_date,1,0,0,0.9,0.5,,,,0,3.0,1,3109.5,,,,,,TIMING_DIFFERENCE,TIMING_DIFFERENCE
EXC_001731,LED_002819,LED,entry_date,1,0,0,0.9,0.5,,,,0,2.0,1,279.86,,,,,,TIMING_DIFFERENCE,TIMING_DIFFERENCE
EXC_001732,LED_002820,LED,entry_date,1,0,0,0.9,0.5,,,,0,1.0,1,29955.36,,,,,,TIMING_DIFFERENCE,TIMING_DIFFERENCE
EXC_001733,LED_002821,LED,entry_date,1,0,0,0.9,0.5,,,,0,2.0,1,25385.9,,,,,,TIMING_DIFFERENCE,TIMING_DIFFERENCE
EXC_001735,LED_002831,LED,entry_date,1,0,0,0.9,0.6666666666666666,,,,0,2.0,1,10245.75,,,,,,TIMING_DIFFERENCE,TIMING_DIFFERENCE
EXC_001738,LED_002849,LED,entry_date,1,0,0,0.9,0.5,,,,0,1.0,1,66646.81,,,,,,TIMING_DIFFERENCE,TIMING_DIFFERENCE
EXC_001739,LED_002850,LED,entry_date,1,0,0,0.9,0.5,,,,0,2.0,1,56480.35,,,,,,TIMING_DIFFERENCE,TIMING_DIFFERENCE
EXC_001740,LED_002857,LED,entry_date,1,0,0,0.9,0.5,,,,0,3.0,1,1247.62,,,,,,TIMING_DIFFERENCE,TIMING_DIFFERENCE
EXC_001744,LED_002888,LED,entry_date,1,0,0,0.9,0.5,,,,0,1.0,1,1406.22,,,,,,TIMING_DIFFERENCE,TIMING_DIFFERENCE
EXC_001745,LED_002889,LED,entry_date,1,0,0,0.9,0.5,,,,0,3.0,1,994.98,,,,,,TIMING_DIFFERENCE,TIMING_DIFFERENCE
EXC_001746,LED_002897,LED,entry_date,1,0,0,0.8,0.2,,,,0,2.0,1,2263.01,,,,,,TIMING_DIFFERENCE,TIMING_DIFFERENCE
EXC_001747,LED_002906,LED,entry_date,1,0,0,0.9,0.5,,,,0,3.0,1,1100.52,,,,,,TIMING_DIFFERENCE,TIMING_DIFFERENCE
EXC_001749,LED_002913,LED,entry_date,1,0,0,0.9,0.5,,,,0,3.0,1,4782.3,,,,,,TIMING_DIFFERENCE,TIMING_DIFFERENCE
EXC_001750,LED_002917,LED,entry_date,1,0,0,0.8,0.5,,,,0,3.0,1,20475.0,,,,,,TIMING_DIFFERENCE,TIMING_DIFFERENCE
EXC_001751,LED_002924,LED,entry_date,1,0,0,0.9,0.5,,,,0,1.0,1,516.96,,,,,,TIMING_DIFFERENCE,TIMING_DIFFERENCE
EXC_001753,LED_002949,LED,entry_date,1,0,0,0.9,0.5,,,,0,2.0,1,5621.52,,,,,,TIMING_DIFFERENCE,TIMING_DIFFERENCE
EXC_001754,LED_002954,LED,entry_date,1,0,0,0.8,0.5,,,,0,2.0,1,2445.0,,,,,,TIMING_DIFFERENCE,TIMING_DIFFERENCE
EXC_001755,LED_002958,LED,entry_date,1,0,0,0.9,0.5,,,,0,3.0,1,760.72,,,,,,TIMING_DIFFERENCE,TIMING_DIFFERENCE
EXC_001756,LED_002962,LED,entry_date,1,0,0,0.9,0.5,,,,0,1.0,1,30243.64,,,,,,TIMING_DIFFERENCE,TIMING_DIFFERENCE
EXC_001757,LED_002967,LED,entry_date,1,0,0,0.9,0.5,,,,0,1.0,1,1548.23,,,,,,TIMING_DIFFERENCE,TIMING_DIFFERENCE
EXC_001758,LED_002974,LED,entry_date,1,0,0,0.9,0.5,,,,0,3.0,1,44070.82,,,,,,TIMING_DIFFERENCE,TIMING_DIFFERENCE
EXC_001760,LED_002977,LED,entry_date,1,0,0,0.9,0.5,,,,0,1.0,1,49500.06,,,,,,TIMING_DIFFERENCE,TIMING_DIFFERENCE
EXC_001761,LED_002986,LED,entry_date,1,0,0,0.9,0.5,,,,0,1.0,1,1794.07,,,,,,TIMING_DIFFERENCE,TIMING_DIFFERENCE
EXC_001762,LED_002989,LED,entry_date,1,0,0,0.9,0.5,,,,0,3.0,1,2899.67,,,,,,TIMING_DIFFERENCE,TIMING_DIFFERENCE
EXC_001763,LED_002994,LED,entry_date,1,0,0,0.9,0.5,,,,0,2.0,1,5077.15,,,,,,TIMING_DIFFERENCE,TIMING_DIFFERENCE
EXC_001764,LED_003003,LED,entry_date,1,0,0,0.9,0.6666666666666666,,,,0,3.0,1,667.58,,,,,,TIMING_DIFFERENCE,TIMING_DIFFERENCE
EXC_001765,LED_003010,LED,entry_date,1,0,0,0.9,0.5,,,,0,2.0,1,91.8,,,,,,TIMING_DIFFERENCE,TIMING_DIFFERENCE
EXC_001766,LED_003017,LED,entry_date,1,0,0,0.9,0.6666666666666666,,,,0,2.0,1,28998.5,,,,,,TIMING_DIFFERENCE,TIMING_DIFFERENCE
EXC_001767,LED_003019,LED,entry_date,1,0,0,0.9,0.6666666666666666,,,,0,2.0,1,4423.5,,,,,,TIMING_DIFFERENCE,TIMING_DIFFERENCE
EXC_001770,LED_003040,LED,entry_date,1,0,0,0.9,0.5,,,,0,1.0,1,4410.77,,,,,,TIMING_DIFFERENCE,TIMING_DIFFERENCE
EXC_001771,LED_003047,LED,entry_date,1,0,0,0.9,0.5,,,,0,2.0,1,2175.92,,,,,,TIMING_DIFFERENCE,TIMING_DIFFERENCE
EXC_001772,LED_003067,LED,entry_date,1,0,0,0.8,0.2,,,,0,2.0,1,195.21,,,,,,TIMING_DIFFERENCE,TIMING_DIFFERENCE
EXC_001774,LED_003070,LED,entry_date,1,0,0,0.9,0.5,,,,0,2.0,1,2577.13,,,,,,TIMING_DIFFERENCE,TIMING_DIFFERENCE
EXC_001775,LED_003073,LED,entry_date,1,0,0,0.8,0.5,,,,0,3.0,1,14571.0,,,,,,TIMING_DIFFERENCE,TIMING_DIFFERENCE
EXC_001777,LED_003078,LED,entry_date,1,0,0,0.9,0.5,,,,0,1.0,1,1342.35,,,,,,TIMING_DIFFERENCE,TIMING_DIFFERENCE
EXC_001778,LED_003083,LED,entry_date,1,0,0,0.8,0.2,,,,0,1.0,1,4413.38,,,,,,TIMING_DIFFERENCE,TIMING_DIFFERENCE
EXC_001779,LED_003086,LED,entry_date,1,0,0,0.8,0.6666666666666666,,,,0,3.0,1,31937.88,,,,,,TIMING_DIFFERENCE,TIMING_DIFFERENCE
EXC_001783,LED_003102,LED,entry_date,1,0,0,0.7,0.2,,,,0,3.0,1,4696.5,,,,,,TIMING_DIFFERENCE,TIMING_DIFFERENCE
EXC_001784,LED_003107,LED,entry_date,1,0,0,0.8,0.6666666666666666,,,,0,3.0,1,1154.97,,,,,,TIMING_DIFFERENCE,TIMING_DIFFERENCE
EXC_001785,LED_003108,LED,entry_date,1,0,0,0.9,0.5,,,,0,1.0,1,73695.72,,,,,,TIMING_DIFFERENCE,TIMING_DIFFERENCE
EXC_001786,LED_003123,LED,entry_date,1,0,0,0.8,0.5,,,,0,2.0,1,622.87,,,,,,TIMING_DIFFERENCE,TIMING_DIFFERENCE
EXC_001787,LED_003124,LED,entry_date,1,0,0,0.8,0.5,,,,0,2.0,1,527.85,,,,,,TIMING_DIFFERENCE,TIMING_DIFFERENCE
EXC_001788,LED_003125,LED,entry_date,1,0,0,0.8,0.5,,,,0,2.0,1,47.51,,,,,,TIMING_DIFFERENCE,TIMING_DIFFERENCE
EXC_001789,LED_003127,LED,entry_date,1,0,0,0.9,0.5,,,,0,2.0,1,3197.09,,,,,,TIMING_DIFFERENCE,TIMING_DIFFERENCE
EXC_001790,LED_003130,LED,entry_date,1,0,0,0.9,0.5,,,,0,1.0,1,4478.4,,,,,,TIMING_DIFFERENCE,TIMING_DIFFERENCE
EXC_001791,LED_003135,LED,entry_date,1,0,0,0.9,0.5,,,,0,3.0,1,4732.16,,,,,,TIMING_DIFFERENCE,TIMING_DIFFERENCE
EXC_001794,LED_003158,LED,entry_date,1,0,0,0.9,0.5,,,,0,1.0,1,4401.16,,,,,,TIMING_DIFFERENCE,TIMING_DIFFERENCE
EXC_001795,LED_003164,LED,entry_date,1,0,0,0.9,0.5,,,,0,1.0,1,7730.18,,,,,,TIMING_DIFFERENCE,TIMING_DIFFERENCE
EXC_001798,LED_003174,LED,entry_date,1,0,0,0.9,0.5,,,,0,1.0,1,2449.0,,,,,,TIMING_DIFFERENCE,TIMING_DIFFERENCE
EXC_001799,LED_003180,LED,entry_date,1,0,0,0.9,0.5,,,,0,3.0,1,8765.0,,,,,,TIMING_DIFFERENCE,TIMING_DIFFERENCE
EXC_001801,LED_003193,LED,entry_date,1,0,0,0.9,0.5,,,,0,1.0,1,891.0,,,,,,TIMING_DIFFERENCE,TIMING_DIFFERENCE
EXC_001802,LED_003205,LED,entry_date,1,0,0,0.9,0.5,,,,0,3.0,1,10732.0,,,,,,TIMING_DIFFERENCE,TIMING_DIFFERENCE
EXC_001803,LED_003212,LED,entry_date,1,0,0,0.9,0.5,,,,0,1.0,1,91.98,,,,,,TIMING_DIFFERENCE,TIMING_DIFFERENCE
EXC_001804,LED_003219,LED,entry_date,1,0,0,0.8,0.2,,,,0,3.0,1,22852.71,,,,,,TIMING_DIFFERENCE,TIMING_DIFFERENCE
EXC_001805,LED_003223,LED,entry_date,1,0,0,0.9,0.5,,,,0,3.0,1,10923.1,,,,,,TIMING_DIFFERENCE,TIMING_DIFFERENCE
EXC_001806,LED_003233,LED,entry_date,1,0,0,0.9,0.6666666666666666,,,,0,3.0,1,4477.35,,,,,,TIMING_DIFFERENCE,TIMING_DIFFERENCE
EXC_001807,LED_003234,LED,entry_date,1,0,0,0.9,0.6666666666666666,,,,0,3.0,1,805.92,,,,,,TIMING_DIFFERENCE,TIMING_DIFFERENCE
EXC_001808,LED_003235,LED,entry_date,1,0,0,0.9,0.5,,,,0,3.0,1,2339.53,,,,,,TIMING_DIFFERENCE,TIMING_DIFFERENCE
EXC_001809,LED_003247,LED,entry_date,1,0,0,0.9,0.5,,,,0,2.0,1,6726.12,,,,,,TIMING_DIFFERENCE,TIMING_DIFFERENCE
EXC_001810,LED_003252,LED,entry_date,1,0,0,0.9,0.5,,,,0,1.0,1,2920.0,,,,,,TIMING_DIFFERENCE,TIMING_DIFFERENCE
EXC_001811,LED_003255,LED,entry_date,1,0,0,0.9,0.5,,,,0,2.0,1,24129.8,,,,,,TIMING_DIFFERENCE,TIMING_DIFFERENCE
EXC_001813,LED_003266,LED,entry_date,1,0,0,0.8,0.5,,,,0,1.0,1,50840.06,,,,,,TIMING_DIFFERENCE,TIMING_DIFFERENCE
EXC_001814,LED_003268,LED,entry_date,1,0,0,0.8,0.5,,,,0,1.0,1,7755.26,,,,,,TIMING_DIFFERENCE,TIMING_DIFFERENCE
EXC_001815,LED_003281,LED,entry_date,1,0,0,0.9,0.5,,,,0,1.0,1,68445.9,,,,,,TIMING_DIFFERENCE,TIMING_DIFFERENCE
EXC_001816,LED_003293,LED,entry_date,1,0,0,0.8,0.2,,,,0,3.0,1,4156.67,,,,,,TIMING_DIFFERENCE,TIMING_DIFFERENCE
EXC_001817,LED_003296,LED,entry_date,1,0,0,0.9,0.5,,,,0,1.0,1,143390.06,,,,,,TIMING_DIFFERENCE,TIMING_DIFFERENCE
EXC_001818,LED_003303,LED,entry_date,1,0,0,0.7,0.2,,,,0,2.0,1,465.0,,,,,,TIMING_DIFFERENCE,TIMING_DIFFERENCE
EXC_001819,LED_003305,LED,entry_date,1,0,0,0.9,0.5,,,,0,1.0,1,5573.14,,,,,,TIMING_DIFFERENCE,TIMING_DIFFERENCE
EXC_001821,LED_003308,LED,entry_date,1,0,0,0.9,0.5,,,,0,2.0,1,56685.61,,,,,,TIMING_DIFFERENCE,TIMING_DIFFERENCE
EXC_001822,LED_003314,LED,entry_date,1,0,0,0.9,0.5,,,,0,2.0,1,2468.56,,,,,,TIMING_DIFFERENCE,TIMING_DIFFERENCE
EXC_001824,LED_003318,LED,entry_date,1,0,0,0.9,0.5,,,,0,1.0,1,7494.55,,,,,,TIMING_DIFFERENCE,TIMING_DIFFERENCE
EXC_001826,LED_003323,LED,entry_date,1,0,0,0.8,0.5,,,,0,3.0,1,7347.03,,,,,,TIMING_DIFFERENCE,TIMING_DIFFERENCE
EXC_001827,LED_003327,LED,entry_date,1,0,0,0.9,0.5,,,,0,1.0,1,29551.0,,,,,,TIMING_DIFFERENCE,TIMING_DIFFERENCE
EXC_001829,LED_003333,LED,entry_date,1,0,0,0.8,0.2,,,,0,2.0,1,144016.35,,,,,,TIMING_DIFFERENCE,TIMING_DIFFERENCE
EXC_001830,LED_003338,LED,entry_date,1,0,0,0.9,0.5,,,,0,2.0,1,8026.36,,,,,,TIMING_DIFFERENCE,TIMING_DIFFERENCE
EXC_001833,LED_003345,LED,entry_date,1,0,0,0.9,0.5,,,,0,1.0,1,42802.02,,,,,,TIMING_DIFFERENCE,TIMING_DIFFERENCE
EXC_001834,LED_003349,LED,entry_date,1,0,0,0.8,0.2,,,,0,2.0,1,4549.55,,,,,,TIMING_DIFFERENCE,TIMING_DIFFERENCE
EXC_001835,LED_003353,LED,entry_date,1,0,0,0.9,0.5,,,,0,2.0,1,1325.29,,,,,,TIMING_DIFFERENCE,TIMING_DIFFERENCE
EXC_001836,LED_003361,LED,entry_date,1,0,0,0.9,0.5,,,,0,3.0,1,97345.16,,,,,,TIMING_DIFFERENCE,TIMING_DIFFERENCE
EXC_001838,LED_003366,LED,entry_date,1,0,0,0.8,0.2,,,,0,3.0,1,4183.97,,,,,,TIMING_DIFFERENCE,TIMING_DIFFERENCE
EXC_001839,LED_003369,LED,entry_date,1,0,0,0.9,0.5,,,,0,2.0,1,125.92,,,,,,TIMING_DIFFERENCE,TIMING_DIFFERENCE
EXC_001841,LED_003380,LED,entry_date,1,0,0,0.9,0.5,,,,0,3.0,1,14085.0,,,,,,TIMING_DIFFERENCE,TIMING_DIFFERENCE
EXC_001843,LED_003384,LED,entry_date,1,0,0,0.9,0.5,,,,0,1.0,1,6459.84,,,,,,TIMING_DIFFERENCE,TIMING_DIFFERENCE
EXC_001844,LED_003385,LED,entry_date,1,0,0,0.9,0.6666666666666666,,,,0,1.0,1,1041.94,,,,,,TIMING_DIFFERENCE,TIMING_DIFFERENCE
EXC_001847,LED_003412,LED,entry_date,1,0,0,0.9,0.5,,,,0,2.0,1,1480.0,,,,,,TIMING_DIFFERENCE,TIMING_DIFFERENCE
EXC_001848,LED_003414,LED,entry_date,1,0,0,0.9,0.5,,,,0,1.0,1,7609.82,,,,,,TIMING_DIFFERENCE,TIMING_DIFFERENCE
EXC_001850,LED_003423,LED,entry_date,1,0,0,0.9,0.5,,,,0,1.0,1,120.36,,,,,,TIMING_DIFFERENCE,TIMING_DIFFERENCE
EXC_001851,LED_003424,LED,entry_date,1,0,0,0.9,0.5,,,,0,3.0,1,102.0,,,,,,TIMING_DIFFERENCE,TIMING_DIFFERENCE
EXC_001852,LED_003426,LED,entry_date,1,0,0,0.9,0.5,,,,0,3.0,1,41881.74,,,,,,TIMING_DIFFERENCE,TIMING_DIFFERENCE
EXC_001853,LED_003432,LED,entry_date,1,0,0,0.8,0.5,,,,0,3.0,1,47054.86,,,,,,TIMING_DIFFERENCE,TIMING_DIFFERENCE
EXC_001856,LED_003447,LED,entry_date,1,0,0,0.9,0.5,,,,0,1.0,1,30775.93,,,,,,TIMING_DIFFERENCE,TIMING_DIFFERENCE
EXC_001861,LED_003465,LED,entry_date,1,0,0,0.9,0.5,,,,0,2.0,1,104752.14,,,,,,TIMING_DIFFERENCE,TIMING_DIFFERENCE
EXC_001863,LED_003468,LED,entry_date,1,0,0,0.9,0.5,,,,0,1.0,1,5527.65,,,,,,TIMING_DIFFERENCE,TIMING_DIFFERENCE
EXC_001864,LED_003471,LED,entry_date,1,0,0,0.8,0.5,,,,0,1.0,1,5482.28,,,,,,TIMING_DIFFERENCE,TIMING_DIFFERENCE
EXC_001865,LED_003472,LED,entry_date,1,0,0,0.8,0.5,,,,0,2.0,1,4646.0,,,,,,TIMING_DIFFERENCE,TIMING_DIFFERENCE
EXC_001866,LED_003474,LED,entry_date,1,0,0,0.9,0.5,,,,0,1.0,1,22932.83,,,,,,TIMING_DIFFERENCE,TIMING_DIFFERENCE
EXC_001867,LED_003477,LED,entry_date,1,0,0,0.8,0.5,,,,0,2.0,1,14911.66,,,,,,TIMING_DIFFERENCE,TIMING_DIFFERENCE
EXC_001869,LED_003495,LED,entry_date,1,0,0,0.9,0.5,,,,0,3.0,1,23886.74,,,,,,TIMING_DIFFERENCE,TIMING_DIFFERENCE
EXC_001870,LED_003501,LED,entry_date,1,0,0,0.9,0.5,,,,0,3.0,1,19665.88,,,,,,TIMING_DIFFERENCE,TIMING_DIFFERENCE
EXC_001875,LED_003531,LED,entry_date,1,0,0,0.8,0.5,,,,0,2.0,1,11050.02,,,,,,TIMING_DIFFERENCE,TIMING_DIFFERENCE
EXC_001876,LED_003542,LED,entry_date,1,0,0,0.9,0.5,,,,0,3.0,1,7245.0,,,,,,TIMING_DIFFERENCE,TIMING_DIFFERENCE
EXC_001877,LED_003554,LED,entry_date,1,0,0,0.9,0.5,,,,0,3.0,1,49820.25,,,,,,TIMING_DIFFERENCE,TIMING_DIFFERENCE
EXC_001878,LED_003565,LED,entry_date,1,0,0,0.9,0.5,,,,0,2.0,1,5495.26,,,,,,TIMING_DIFFERENCE,TIMING_DIFFERENCE
EXC_001879,LED_003566,LED,entry_date,1,0,0,0.8,0.5,,,,0,3.0,1,4657.0,,,,,,TIMING_DIFFERENCE,TIMING_DIFFERENCE
EXC_001880,LED_003572,LED,entry_date,1,0,0,0.9,0.5,,,,0,1.0,1,19714.26,,,,,,TIMING_DIFFERENCE,TIMING_DIFFERENCE
EXC_001881,LED_003573,LED,entry_date,1,0,0,0.9,0.5,,,,0,2.0,1,16707.0,,,,,,TIMING_DIFFERENCE,TIMING_DIFFERENCE
EXC_001883,LED_003576,LED,entry_date,1,0,0,0.9,0.5,,,,0,1.0,1,1018.3,,,,,,TIMING_DIFFERENCE,TIMING_DIFFERENCE
EXC_001884,LED_003587,LED,entry_date,1,0,0,0.9,0.5,,,,0,1.0,1,2193.62,,,,,,TIMING_DIFFERENCE,TIMING_DIFFERENCE
EXC_001885,LED_003595,LED,entry_date,1,0,0,0.9,0.5,,,,0,1.0,1,21667.32,,,,,,TIMING_DIFFERENCE,TIMING_DIFFERENCE
EXC_001887,LED_003617,LED,entry_date,1,0,0,0.8,0.5,,,,0,3.0,1,31222.1,,,,,,TIMING_DIFFERENCE,TIMING_DIFFERENCE
EXC_001889,LED_003630,LED,entry_date,1,0,0,0.9,0.5,,,,0,2.0,1,7514.06,,,,,,TIMING_DIFFERENCE,TIMING_DIFFERENCE
EXC_001890,LED_003632,LED,entry_date,1,0,0,0.9,0.5,,,,0,1.0,1,1146.21,,,,,,TIMING_DIFFERENCE,TIMING_DIFFERENCE
EXC_001891,LED_003635,LED,entry_date,1,0,0,0.9,0.5,,,,0,2.0,1,2939.76,,,,,,TIMING_DIFFERENCE,TIMING_DIFFERENCE
EXC_001892,LED_003637,LED,entry_date,1,0,0,0.9,0.6666666666666666,,,,0,1.0,1,4738.6,,,,,,TIMING_DIFFERENCE,TIMING_DIFFERENCE
EXC_001893,LED_003642,LED,entry_date,1,0,0,0.9,0.5,,,,0,2.0,1,8879.26,,,,,,TIMING_DIFFERENCE,TIMING_DIFFERENCE
EXC_001895,LED_003656,LED,entry_date,1,0,0,0.9,0.5,,,,0,3.0,1,507.31,,,,,,TIMING_DIFFERENCE,TIMING_DIFFERENCE
EXC_001896,LED_003657,LED,entry_date,1,0,0,0.7,0.2,,,,0,3.0,1,2623.14,,,,,,TIMING_DIFFERENCE,TIMING_DIFFERENCE
EXC_001897,LED_003658,LED,entry_date,1,0,0,0.7,0.2,,,,0,3.0,1,2223.0,,,,,,TIMING_DIFFERENCE,TIMING_DIFFERENCE
EXC_001899,LED_003664,LED,entry_date,1,0,0,0.9,0.5,,,,0,3.0,1,3779.0,,,,,,TIMING_DIFFERENCE,TIMING_DIFFERENCE
EXC_001900,LED_003665,LED,entry_date,1,0,0,0.9,0.5,,,,0,1.0,1,340.11,,,,,,TIMING_DIFFERENCE,TIMING_DIFFERENCE
EXC_001901,LED_003672,LED,entry_date,1,0,0,0.9,0.5,,,,0,1.0,1,13492.26,,,,,,TIMING_DIFFERENCE,TIMING_DIFFERENCE
EXC_001903,LED_003677,LED,entry_date,1,0,0,0.9,0.5,,,,0,1.0,1,3242.35,,,,,,TIMING_DIFFERENCE,TIMING_DIFFERENCE
EXC_001904,LED_003684,LED,entry_date,1,0,0,0.8,0.6666666666666666,,,,0,3.0,1,860.64,,,,,,TIMING_DIFFERENCE,TIMING_DIFFERENCE
EXC_001906,LED_003686,LED,entry_date,1,0,0,0.9,0.5,,,,0,1.0,1,38008.0,,,,,,TIMING_DIFFERENCE,TIMING_DIFFERENCE
EXC_001907,LED_003692,LED,entry_date,1,0,0,0.9,0.5,,,,0,1.0,1,6219.75,,,,,,TIMING_DIFFERENCE,TIMING_DIFFERENCE
EXC_001908,LED_003697,LED,entry_date,1,0,0,0.9,0.5,,,,0,3.0,1,54297.7,,,,,,TIMING_DIFFERENCE,TIMING_DIFFERENCE
EXC_001909,LED_003699,LED,entry_date,1,0,0,0.9,0.5,,,,0,3.0,1,8282.7,,,,,,TIMING_DIFFERENCE,TIMING_DIFFERENCE
EXC_001911,LED_003710,LED,entry_date,1,0,0,0.9,0.5,,,,0,3.0,1,19011.1,,,,,,TIMING_DIFFERENCE,TIMING_DIFFERENCE
EXC_001912,LED_003722,LED,entry_date,1,0,0,0.9,0.5,,,,0,2.0,1,24006.0,,,,,,TIMING_DIFFERENCE,TIMING_DIFFERENCE
EXC_001913,LED_003724,LED,entry_date,1,0,0,0.9,0.5,,,,0,1.0,1,98882.82,,,,,,TIMING_DIFFERENCE,TIMING_DIFFERENCE
EXC_001914,LED_003726,LED,entry_date,1,0,0,0.9,0.5,,,,0,2.0,1,15083.82,,,,,,TIMING_DIFFERENCE,TIMING_DIFFERENCE
EXC_001915,LED_003731,LED,entry_date,1,0,0,0.9,0.5,,,,0,3.0,1,3059.15,,,,,,TIMING_DIFFERENCE,TIMING_DIFFERENCE
EXC_001917,LED_003744,LED,entry_date,1,0,0,0.9,0.5,,,,0,2.0,1,4639.68,,,,,,TIMING_DIFFERENCE,TIMING_DIFFERENCE
EXC_001918,LED_003745,LED,entry_date,1,0,0,0.9,0.5,,,,0,3.0,1,8380.07,,,,,,TIMING_DIFFERENCE,TIMING_DIFFERENCE
EXC_001920,LED_003760,LED,entry_date,1,0,0,0.9,0.5,,,,0,2.0,1,4377.56,,,,,,TIMING_DIFFERENCE,TIMING_DIFFERENCE
EXC_001921,LED_003761,LED,entry_date,1,0,0,0.9,0.5,,,,0,3.0,1,53377.3,,,,,,TIMING_DIFFERENCE,TIMING_DIFFERENCE
EXC_001922,LED_003765,LED,entry_date,1,0,0,0.9,0.5,,,,0,3.0,1,12868.0,,,,,,TIMING_DIFFERENCE,TIMING_DIFFERENCE
EXC_001923,LED_003768,LED,entry_date,1,0,0,0.9,0.5,,,,0,1.0,1,5327.2,,,,,,TIMING_DIFFERENCE,TIMING_DIFFERENCE
EXC_001926,LED_003775,LED,entry_date,1,0,0,0.9,0.5,,,,0,1.0,1,350.55,,,,,,TIMING_DIFFERENCE,TIMING_DIFFERENCE
EXC_001928,LED_003783,LED,entry_date,1,0,0,0.9,0.5,,,,0,3.0,1,35615.94,,,,,,TIMING_DIFFERENCE,TIMING_DIFFERENCE
EXC_001929,LED_003810,LED,entry_date,1,0,0,0.9,0.5,,,,0,1.0,1,1353.46,,,,,,TIMING_DIFFERENCE,TIMING_DIFFERENCE
EXC_001930,LED_003811,LED,entry_date,1,0,0,0.9,0.5,,,,0,1.0,1,1147.0,,,,,,TIMING_DIFFERENCE,TIMING_DIFFERENCE
EXC_001931,LED_003820,LED,entry_date,1,0,0,0.9,0.5,,,,0,2.0,1,26309.25,,,,,,TIMING_DIFFERENCE,TIMING_DIFFERENCE
EXC_001932,LED_003826,LED,entry_date,1,0,0,0.9,0.5,,,,0,2.0,1,9456.0,,,,,,TIMING_DIFFERENCE,TIMING_DIFFERENCE
EXC_001934,LED_003829,LED,entry_date,1,0,0,0.9,0.5,,,,0,1.0,1,7428.05,,,,,,TIMING_DIFFERENCE,TIMING_DIFFERENCE
EXC_001935,LED_003840,LED,entry_date,1,0,0,0.9,0.5,,,,0,1.0,1,2962.98,,,,,,TIMING_DIFFERENCE,TIMING_DIFFERENCE
EXC_001936,LED_003848,LED,entry_date,1,0,0,0.9,0.5,,,,0,3.0,1,14380.54,,,,,,TIMING_DIFFERENCE,TIMING_DIFFERENCE
EXC_001937,LED_003849,LED,entry_date,1,0,0,0.9,0.5,,,,0,3.0,1,12186.9,,,,,,TIMING_DIFFERENCE,TIMING_DIFFERENCE
EXC_001938,LED_003850,LED,entry_date,1,0,0,0.9,0.5,,,,0,1.0,1,2193.64,,,,,,TIMING_DIFFERENCE,TIMING_DIFFERENCE
EXC_001939,LED_003852,LED,entry_date,1,0,0,0.9,0.5,,,,0,3.0,1,25765.9,,,,,,TIMING_DIFFERENCE,TIMING_DIFFERENCE
EXC_001942,LED_003858,LED,entry_date,1,0,0,0.9,0.5,,,,0,3.0,1,3256.74,,,,,,TIMING_DIFFERENCE,TIMING_DIFFERENCE
EXC_001945,LED_003868,LED,entry_date,1,0,0,0.9,0.5,,,,0,1.0,1,66790.0,,,,,,TIMING_DIFFERENCE,TIMING_DIFFERENCE
EXC_001946,LED_003883,LED,entry_date,1,0,0,0.9,0.5,,,,0,1.0,1,2339.2,,,,,,TIMING_DIFFERENCE,TIMING_DIFFERENCE
EXC_001947,LED_003884,LED,entry_date,1,0,0,0.9,0.5,,,,0,2.0,1,421.06,,,,,,TIMING_DIFFERENCE,TIMING_DIFFERENCE
EXC_001949,LED_003889,LED,entry_date,1,0,0,0.9,0.6666666666666666,,,,0,3.0,1,16926.15,,,,,,TIMING_DIFFERENCE,TIMING_DIFFERENCE
EXC_001950,LED_003893,LED,entry_date,1,0,0,0.9,0.5,,,,0,1.0,1,1008.99,,,,,,TIMING_DIFFERENCE,TIMING_DIFFERENCE
EXC_001952,LED_003915,LED,entry_date,1,0,0,0.9,0.5,,,,0,3.0,1,38358.38,,,,,,TIMING_DIFFERENCE,TIMING_DIFFERENCE
EXC_001953,LED_003921,LED,entry_date,1,0,0,0.8,0.5,,,,0,2.0,1,73417.71,,,,,,TIMING_DIFFERENCE,TIMING_DIFFERENCE
EXC_001955,LED_003926,LED,entry_date,1,0,0,0.9,0.5,,,,0,2.0,1,945.69,,,,,,TIMING_DIFFERENCE,TIMING_DIFFERENCE
EXC_001956,LED_003928,LED,entry_date,1,0,0,0.9,0.5,,,,0,3.0,1,10508.0,,,,,,TIMING_DIFFERENCE,TIMING_DIFFERENCE
EXC_001957,LED_003931,LED,entry_date,1,0,0,0.9,0.5,,,,0,2.0,1,6210.0,,,,,,TIMING_DIFFERENCE,TIMING_DIFFERENCE
EXC_001959,LED_003939,LED,entry_date,1,0,0,0.9,0.5,,,,0,1.0,1,28873.66,,,,,,TIMING_DIFFERENCE,TIMING_DIFFERENCE
EXC_001960,LED_003940,LED,entry_date,1,0,0,0.9,0.5,,,,0,1.0,1,24469.2,,,,,,TIMING_DIFFERENCE,TIMING_DIFFERENCE
EXC_001961,LED_003942,LED,entry_date,1,0,0,0.9,0.5,,,,0,1.0,1,53688.82,,,,,,TIMING_DIFFERENCE,TIMING_DIFFERENCE
EXC_001963,LED_003950,LED,entry_date,1,0,0,0.9,0.5,,,,0,1.0,1,31724.0,,,,,,TIMING_DIFFERENCE,TIMING_DIFFERENCE
EXC_001965,LED_003956,LED,entry_date,1,0,0,0.9,0.5,,,,0,3.0,1,5171.8,,,,,,TIMING_DIFFERENCE,TIMING_DIFFERENCE
EXC_001966,LED_003962,LED,entry_date,1,0,0,0.9,0.5,,,,0,1.0,1,46380.6,,,,,,TIMING_DIFFERENCE,TIMING_DIFFERENCE
EXC_001967,LED_003964,LED,entry_date,1,0,0,0.9,0.5,,,,0,2.0,1,48177.1,,,,,,TIMING_DIFFERENCE,TIMING_DIFFERENCE
EXC_001968,LED_003966,LED,entry_date,1,0,0,0.9,0.5,,,,0,3.0,1,7349.05,,,,,,TIMING_DIFFERENCE,TIMING_DIFFERENCE
EXC_001969,LED_003971,LED,entry_date,1,0,0,0.8,0.5,,,,0,2.0,1,10828.1,,,,,,TIMING_DIFFERENCE,TIMING_DIFFERENCE
EXC_001972,LED_003984,LED,entry_date,1,0,0,0.9,0.5,,,,0,1.0,1,2707.5,,,,,,TIMING_DIFFERENCE,TIMING_DIFFERENCE
EXC_001973,LED_003993,LED,entry_date,1,0,0,0.9,0.5,,,,0,1.0,1,1958.4,,,,,,TIMING_DIFFERENCE,TIMING_DIFFERENCE
EXC_001974,LED_003994,LED,entry_date,1,0,0,0.9,0.5,,,,0,3.0,1,352.51,,,,,,TIMING_DIFFERENCE,TIMING_DIFFERENCE
EXC_001975,LED_003998,LED,entry_date,1,0,0,0.8,0.5,,,,0,3.0,1,3963.86,,,,,,TIMING_DIFFERENCE,TIMING_DIFFERENCE
EXC_001976,LED_003999,LED,entry_date,1,0,0,0.9,0.5,,,,0,1.0,1,3359.2,,,,,,TIMING_DIFFERENCE,TIMING_DIFFERENCE
EXC_001978,LED_004006,LED,entry_date,1,0,0,0.9,0.5,,,,0,3.0,1,429.32,,,,,,TIMING_DIFFERENCE,TIMING_DIFFERENCE
EXC_001979,LED_004013,LED,entry_date,1,0,0,0.8,0.5,,,,0,3.0,1,3779.54,,,,,,TIMING_DIFFERENCE,TIMING_DIFFERENCE
EXC_001981,LED_004016,LED,entry_date,1,0,0,0.9,0.5,,,,0,3.0,1,17185.4,,,,,,TIMING_DIFFERENCE,TIMING_DIFFERENCE
EXC_001982,LED_004017,LED,entry_date,1,0,0,0.9,0.5,,,,0,3.0,1,14563.9,,,,,,TIMING_DIFFERENCE,TIMING_DIFFERENCE
EXC_001983,LED_004019,LED,entry_date,1,0,0,0.9,0.5,,,,0,1.0,1,781.34,,,,,,TIMING_DIFFERENCE,TIMING_DIFFERENCE
EXC_001988,LED_004034,LED,entry_date,1,0,0,0.9,0.5,,,,0,1.0,1,2843.0,,,,,,TIMING_DIFFERENCE,TIMING_DIFFERENCE
EXC_001993,LED_004049,LED,entry_date,1,0,0,0.9,0.5,,,,0,1.0,1,4350.05,,,,,,TIMING_DIFFERENCE,TIMING_DIFFERENCE
EXC_001994,LED_004053,LED,entry_date,1,0,0,0.7,0.2,,,,0,3.0,1,474.35,,,,,,TIMING_DIFFERENCE,TIMING_DIFFERENCE
EXC_001997,LED_004063,LED,entry_date,1,0,0,0.7,0.2,,,,0,2.0,1,8494.02,,,,,,TIMING_DIFFERENCE,TIMING_DIFFERENCE
EXC_001999,LED_004070,LED,entry_date,1,0,0,0.9,0.5,,,,0,1.0,1,10990.62,,,,,,TIMING_DIFFERENCE,TIMING_DIFFERENCE
EXC_002000,LED_004090,LED,entry_date,1,0,0,0.9,0.5,,,,0,2.0,1,3877.36,,,,,,TIMING_DIFFERENCE,TIMING_DIFFERENCE
EXC_002002,LED_004105,LED,entry_date,1,0,0,0.9,0.5,,,,0,1.0,1,150663.58,,,,,,TIMING_DIFFERENCE,TIMING_DIFFERENCE
EXC_002004,LED_004110,LED,entry_date,1,0,0,0.9,0.5,,,,0,2.0,1,2332.8,,,,,,TIMING_DIFFERENCE,TIMING_DIFFERENCE
EXC_002005,LED_004111,LED,entry_date,1,0,0,0.9,0.5,,,,0,1.0,1,10156.38,,,,,,TIMING_DIFFERENCE,TIMING_DIFFERENCE
EXC_002007,LED_004121,LED,entry_date,1,0,0,0.9,0.5,,,,0,2.0,1,2246.0,,,,,,TIMING_DIFFERENCE,TIMING_DIFFERENCE
EXC_002008,LED_004123,LED,entry_date,1,0,0,0.9,0.5,,,,0,3.0,1,25622.64,,,,,,TIMING_DIFFERENCE,TIMING_DIFFERENCE
EXC_002010,LED_004131,LED,entry_date,1,0,0,0.9,0.5,,,,0,3.0,1,2148.12,,,,,,TIMING_DIFFERENCE,TIMING_DIFFERENCE
EXC_002011,LED_004139,LED,entry_date,1,0,0,0.9,0.5,,,,0,1.0,1,28835.2,,,,,,TIMING_DIFFERENCE,TIMING_DIFFERENCE
EXC_002012,LED_004140,LED,entry_date,1,0,0,0.9,0.5,,,,0,2.0,1,5190.34,,,,,,TIMING_DIFFERENCE,TIMING_DIFFERENCE
EXC_002013,LED_004167,LED,entry_date,1,0,0,0.9,0.5,,,,0,1.0,1,13239.0,,,,,,TIMING_DIFFERENCE,TIMING_DIFFERENCE
EXC_002015,LED_004176,LED,entry_date,1,0,0,0.9,0.5,,,,0,2.0,1,256.5,,,,,,TIMING_DIFFERENCE,TIMING_DIFFERENCE
EXC_002016,LED_004182,LED,entry_date,1,0,0,0.9,0.5,,,,0,2.0,1,40104.9,,,,,,TIMING_DIFFERENCE,TIMING_DIFFERENCE
EXC_002017,LED_004188,LED,entry_date,1,0,0,0.9,0.6666666666666666,,,,0,2.0,1,440.14,,,,,,TIMING_DIFFERENCE,TIMING_DIFFERENCE
EXC_002018,LED_004191,LED,entry_date,1,0,0,0.9,0.5,,,,0,1.0,1,252.23,,,,,,TIMING_DIFFERENCE,TIMING_DIFFERENCE
EXC_002019,LED_004195,LED,entry_date,1,0,0,0.9,0.5,,,,0,1.0,1,26553.0,,,,,,TIMING_DIFFERENCE,TIMING_DIFFERENCE
EXC_002021,LED_004199,LED,entry_date,1,0,0,0.8,0.2,,,,0,1.0,1,384.92,,,,,,TIMING_DIFFERENCE,TIMING_DIFFERENCE
EXC_002022,LED_004202,LED,entry_date,1,0,0,0.9,0.5,,,,0,2.0,1,20864.7,,,,,,TIMING_DIFFERENCE,TIMING_DIFFERENCE
EXC_002023,LED_004203,LED,entry_date,1,0,0,0.9,0.5,,,,0,2.0,1,6053.4,,,,,,TIMING_DIFFERENCE,TIMING_DIFFERENCE
EXC_002024,LED_004207,LED,entry_date,1,0,0,0.9,0.5,,,,0,2.0,1,85706.94,,,,,,TIMING_DIFFERENCE,TIMING_DIFFERENCE
EXC_002025,LED_004209,LED,entry_date,1,0,0,0.9,0.5,,,,0,3.0,1,13073.94,,,,,,TIMING_DIFFERENCE,TIMING_DIFFERENCE
EXC_002030,LED_004220,LED,entry_date,1,0,0,0.9,0.5,,,,0,1.0,1,64400.86,,,,,,TIMING_DIFFERENCE,TIMING_DIFFERENCE
EXC_002032,LED_004233,LED,entry_date,1,0,0,0.8,0.5,,,,0,1.0,1,120662.0,,,,,,TIMING_DIFFERENCE,TIMING_DIFFERENCE
EXC_002033,LED_004235,LED,entry_date,1,0,0,0.9,0.5,,,,0,1.0,1,21406.73,,,,,,TIMING_DIFFERENCE,TIMING_DIFFERENCE
EXC_002034,LED_004239,LED,entry_date,1,0,0,0.9,0.5,,,,0,2.0,1,8826.0,,,,,,TIMING_DIFFERENCE,TIMING_DIFFERENCE
EXC_002035,LED_004240,LED,entry_date,1,0,0,0.9,0.5,,,,0,1.0,1,1588.68,,,,,,TIMING_DIFFERENCE,TIMING_DIFFERENCE
EXC_002036,LED_004243,LED,entry_date,1,0,0,0.8,0.5,,,,0,2.0,1,5405.48,,,,,,TIMING_DIFFERENCE,TIMING_DIFFERENCE
EXC_002038,LED_004250,LED,entry_date,1,0,0,0.9,0.6666666666666666,,,,0,3.0,1,46058.53,,,,,,TIMING_DIFFERENCE,TIMING_DIFFERENCE
EXC_002039,LED_004251,LED,entry_date,1,0,0,0.9,0.6666666666666666,,,,0,3.0,1,39032.65,,,,,,TIMING_DIFFERENCE,TIMING_DIFFERENCE
EXC_002041,LED_004256,LED,entry_date,1,0,0,0.9,0.5,,,,0,1.0,1,2476.29,,,,,,TIMING_DIFFERENCE,TIMING_DIFFERENCE
EXC_002043,LED_004265,LED,entry_date,1,0,0,0.9,0.5,,,,0,2.0,1,3944.74,,,,,,TIMING_DIFFERENCE,TIMING_DIFFERENCE
EXC_002044,LED_004266,LED,entry_date,1,0,0,0.8,0.5,,,,0,2.0,1,2220.76,,,,,,TIMING_DIFFERENCE,TIMING_DIFFERENCE
EXC_002045,LED_004267,LED,entry_date,1,0,0,0.9,0.5,,,,0,1.0,1,1882.0,,,,,,TIMING_DIFFERENCE,TIMING_DIFFERENCE
EXC_002046,LED_004268,LED,entry_date,1,0,0,0.8,0.5,,,,0,2.0,1,338.76,,,,,,TIMING_DIFFERENCE,TIMING_DIFFERENCE
EXC_002047,LED_004280,LED,entry_date,1,0,0,0.9,0.5,,,,0,3.0,1,6518.35,,,,,,TIMING_DIFFERENCE,TIMING_DIFFERENCE
EXC_002048,LED_004284,LED,entry_date,1,0,0,0.8,0.2,,,,0,1.0,1,12862.0,,,,,,TIMING_DIFFERENCE,TIMING_DIFFERENCE
EXC_002049,LED_004293,LED,entry_date,1,0,0,0.9,0.5,,,,0,2.0,1,3715.82,,,,,,TIMING_DIFFERENCE,TIMING_DIFFERENCE
EXC_002050,LED_004309,LED,entry_date,1,0,0,0.9,0.5,,,,0,2.0,1,1680.03,,,,,,TIMING_DIFFERENCE,TIMING_DIFFERENCE
EXC_002051,LED_004311,LED,entry_date,1,0,0,0.9,0.5,,,,0,3.0,1,256.28,,,,,,TIMING_DIFFERENCE,TIMING_DIFFERENCE
EXC_002052,LED_004313,LED,entry_date,1,0,0,0.9,0.5,,,,0,3.0,1,3515.2,,,,,,TIMING_DIFFERENCE,TIMING_DIFFERENCE
EXC_002053,LED_004314,LED,entry_date,1,0,0,0.9,0.5,,,,0,1.0,1,632.74,,,,,,TIMING_DIFFERENCE,TIMING_DIFFERENCE
EXC_002055,LED_004325,LED,entry_date,1,0,0,0.9,0.5,,,,0,3.0,1,47927.5,,,,,,TIMING_DIFFERENCE,TIMING_DIFFERENCE
EXC_002057,LED_004336,LED,entry_date,1,0,0,0.9,0.5,,,,0,2.0,1,68.28,,,,,,TIMING_DIFFERENCE,TIMING_DIFFERENCE
EXC_002059,LED_004348,LED,entry_date,1,0,0,0.9,0.5,,,,0,1.0,1,106585.0,,,,,,TIMING_DIFFERENCE,TIMING_DIFFERENCE
EXC_002060,LED_004350,LED,entry_date,1,0,0,0.9,0.5,,,,0,3.0,1,20677.14,,,,,,TIMING_DIFFERENCE,TIMING_DIFFERENCE
EXC_002061,LED_004355,LED,entry_date,1,0,0,0.9,0.5,,,,0,1.0,1,6820.99,,,,,,TIMING_DIFFERENCE,TIMING_DIFFERENCE
EXC_002062,LED_004359,LED,entry_date,1,0,0,0.9,0.5,,,,0,3.0,1,22864.86,,,,,,TIMING_DIFFERENCE,TIMING_DIFFERENCE
EXC_002064,LED_004362,LED,entry_date,1,0,0,0.8,0.5,,,,0,2.0,1,19027.5,,,,,,TIMING_DIFFERENCE,TIMING_DIFFERENCE
EXC_002065,LED_004379,LED,entry_date,1,0,0,0.9,0.5,,,,0,2.0,1,5085.54,,,,,,TIMING_DIFFERENCE,TIMING_DIFFERENCE
EXC_002066,LED_004386,LED,entry_date,1,0,0,0.9,0.5,,,,0,1.0,1,69786.14,,,,,,TIMING_DIFFERENCE,TIMING_DIFFERENCE
EXC_002069,LED_004426,LED,entry_date,1,0,0,0.9,0.5,,,,0,1.0,1,2453.1,,,,,,TIMING_DIFFERENCE,TIMING_DIFFERENCE
EXC_002074,LED_004464,LED,entry_date,1,0,0,0.9,0.5,,,,0,3.0,1,4365.0,,,,,,TIMING_DIFFERENCE,TIMING_DIFFERENCE
EXC_002077,LED_004486,LED,entry_date,1,0,0,0.9,0.5,,,,0,2.0,1,6105.79,,,,,,TIMING_DIFFERENCE,TIMING_DIFFERENCE
EXC_002078,LED_004488,LED,entry_date,1,0,0,0.9,0.5,,,,0,2.0,1,931.39,,,,,,TIMING_DIFFERENCE,TIMING_DIFFERENCE
EXC_002080,LED_004490,LED,entry_date,1,0,0,0.9,0.5,,,,0,1.0,1,5620.0,,,,,,TIMING_DIFFERENCE,TIMING_DIFFERENCE
EXC_002081,LED_004491,LED,entry_date,1,0,0,0.9,0.5,,,,0,2.0,1,1011.6,,,,,,TIMING_DIFFERENCE,TIMING_DIFFERENCE
EXC_002083,LED_004500,LED,entry_date,1,0,0,0.9,0.6666666666666666,,,,0,1.0,1,1110.19,,,,,,TIMING_DIFFERENCE,TIMING_DIFFERENCE
EXC_002084,LED_004507,LED,entry_date,1,0,0,0.9,0.5,,,,0,3.0,1,2603.67,,,,,,TIMING_DIFFERENCE,TIMING_DIFFERENCE
EXC_002085,LED_004510,LED,entry_date,1,0,0,0.9,0.5,,,,0,3.0,1,8740.44,,,,,,TIMING_DIFFERENCE,TIMING_DIFFERENCE
EXC_002086,LED_004512,LED,entry_date,1,0,0,0.9,0.5,,,,0,2.0,1,1333.29,,,,,,TIMING_DIFFERENCE,TIMING_DIFFERENCE
EXC_002087,LED_004519,LED,entry_date,1,0,0,0.9,0.5,,,,0,1.0,1,2081.7,,,,,,TIMING_DIFFERENCE,TIMING_DIFFERENCE
EXC_002088,LED_004520,LED,entry_date,1,0,0,0.9,0.5,,,,0,3.0,1,1764.15,,,,,,TIMING_DIFFERENCE,TIMING_DIFFERENCE
EXC_002091,LED_004527,LED,entry_date,1,0,0,0.9,0.5,,,,0,3.0,1,4488.66,,,,,,TIMING_DIFFERENCE,TIMING_DIFFERENCE
EXC_002092,LED_004529,LED,entry_date,1,0,0,0.9,0.5,,,,0,3.0,1,11049.0,,,,,,TIMING_DIFFERENCE,TIMING_DIFFERENCE
EXC_002093,LED_004531,LED,entry_date,1,0,0,0.8,0.5,,,,0,3.0,1,7434.47,,,,,,TIMING_DIFFERENCE,TIMING_DIFFERENCE
EXC_002097,LED_004558,LED,entry_date,1,0,0,0.9,0.5,,,,0,2.0,1,7569.7,,,,,,TIMING_DIFFERENCE,TIMING_DIFFERENCE
EXC_002098,LED_004572,LED,entry_date,1,0,0,0.9,0.5,,,,0,2.0,1,13830.0,,,,,,TIMING_DIFFERENCE,TIMING_DIFFERENCE
EXC_002100,LED_004575,LED,entry_date,1,0,0,0.9,0.5,,,,0,2.0,1,3128.8,,,,,,TIMING_DIFFERENCE,TIMING_DIFFERENCE
EXC_002102,LED_004599,LED,entry_date,1,0,0,0.8,0.2,,,,0,2.0,1,54577.07,,,,,,TIMING_DIFFERENCE,TIMING_DIFFERENCE
EXC_002103,LED_004606,LED,entry_date,1,0,0,0.9,0.5,,,,0,1.0,1,2453.85,,,,,,TIMING_DIFFERENCE,TIMING_DIFFERENCE
EXC_002104,LED_004615,LED,entry_date,1,0,0,0.9,0.5,,,,0,1.0,1,6898.75,,,,,,TIMING_DIFFERENCE,TIMING_DIFFERENCE
EXC_002105,LED_004622,LED,entry_date,1,0,0,0.9,0.5,,,,0,3.0,1,75434.75,,,,,,TIMING_DIFFERENCE,TIMING_DIFFERENCE
EXC_002106,LED_004636,LED,entry_date,1,0,0,0.8,0.5,,,,0,2.0,1,1039.97,,,,,,TIMING_DIFFERENCE,TIMING_DIFFERENCE
EXC_002107,LED_004639,LED,entry_date,1,0,0,0.9,0.6666666666666666,,,,0,2.0,1,1105.79,,,,,,TIMING_DIFFERENCE,TIMING_DIFFERENCE
EXC_002108,LED_004646,LED,entry_date,1,0,0,0.9,0.5,,,,0,2.0,1,68736.18,,,,,,TIMING_DIFFERENCE,TIMING_DIFFERENCE
EXC_002109,LED_004649,LED,entry_date,1,0,0,0.8,0.5,,,,0,2.0,1,5943.78,,,,,,TIMING_DIFFERENCE,TIMING_DIFFERENCE
EXC_002110,LED_004651,LED,entry_date,1,0,0,0.8,0.5,,,,0,2.0,1,906.68,,,,,,TIMING_DIFFERENCE,TIMING_DIFFERENCE
EXC_002111,LED_004654,LED,entry_date,1,0,0,0.9,0.5,,,,0,2.0,1,238.22,,,,,,TIMING_DIFFERENCE,TIMING_DIFFERENCE
EXC_002112,LED_004655,LED,entry_date,1,0,0,0.9,0.5,,,,0,1.0,1,238.22,,,,,,TIMING_DIFFERENCE,TIMING_DIFFERENCE
EXC_002113,LED_004662,LED,entry_date,1,0,0,0.9,0.5,,,,0,3.0,1,22126.18,,,,,,TIMING_DIFFERENCE,TIMING_DIFFERENCE
EXC_002115,LED_004673,LED,entry_date,1,0,0,0.9,0.5,,,,0,1.0,1,5807.16,,,,,,TIMING_DIFFERENCE,TIMING_DIFFERENCE
EXC_002116,LED_004675,LED,entry_date,1,0,0,0.9,0.5,,,,0,1.0,1,37566.9,,,,,,TIMING_DIFFERENCE,TIMING_DIFFERENCE
EXC_002117,LED_004680,LED,entry_date,1,0,0,0.9,0.6666666666666666,,,,0,2.0,1,23656.05,,,,,,TIMING_DIFFERENCE,TIMING_DIFFERENCE
EXC_002118,LED_004683,LED,entry_date,1,0,0,0.9,0.5,,,,0,1.0,1,29550.68,,,,,,TIMING_DIFFERENCE,TIMING_DIFFERENCE
EXC_002120,LED_004690,LED,entry_date,1,0,0,0.9,0.5,,,,0,2.0,1,2968.0,,,,,,TIMING_DIFFERENCE,TIMING_DIFFERENCE
EXC_002121,LED_004722,LED,entry_date,1,0,0,0.8,0.5,,,,0,3.0,1,18296.0,,,,,,TIMING_DIFFERENCE,TIMING_DIFFERENCE
EXC_002123,LED_004737,LED,entry_date,1,0,0,0.9,0.5,,,,0,1.0,1,103.07,,,,,,TIMING_DIFFERENCE,TIMING_DIFFERENCE
EXC_002125,LED_004747,LED,entry_date,1,0,0,0.9,0.5,,,,0,2.0,1,3008.7,,,,,,TIMING_DIFFERENCE,TIMING_DIFFERENCE
EXC_002126,LED_004754,LED,entry_date,1,0,0,0.9,0.5,,,,0,3.0,1,75744.85,,,,,,TIMING_DIFFERENCE,TIMING_DIFFERENCE
EXC_002128,LED_004763,LED,entry_date,1,0,0,0.9,0.5,,,,0,1.0,1,12137.6,,,,,,TIMING_DIFFERENCE,TIMING_DIFFERENCE
EXC_002129,LED_004771,LED,entry_date,1,0,0,0.9,0.5,,,,0,1.0,1,1310.4,,,,,,TIMING_DIFFERENCE,TIMING_DIFFERENCE
EXC_002134,LED_004807,LED,entry_date,1,0,0,0.9,0.5,,,,0,1.0,1,7857.0,,,,,,TIMING_DIFFERENCE,TIMING_DIFFERENCE
EXC_002135,LED_004818,LED,entry_date,1,0,0,0.9,0.5,,,,0,1.0,1,10520.18,,,,,,TIMING_DIFFERENCE,TIMING_DIFFERENCE
EXC_002137,LED_004824,LED,entry_date,1,0,0,0.8,0.5,,,,0,2.0,1,309.78,,,,,,TIMING_DIFFERENCE,TIMING_DIFFERENCE
EXC_002138,LED_004830,LED,entry_date,1,0,0,0.9,0.5,,,,0,1.0,1,9177.84,,,,,,TIMING_DIFFERENCE,TIMING_DIFFERENCE
EXC_002139,LED_004835,LED,entry_date,1,0,0,0.9,0.5,,,,0,2.0,1,346.0,,,,,,TIMING_DIFFERENCE,TIMING_DIFFERENCE
EXC_002142,LED_004843,LED,entry_date,1,0,0,0.9,0.5,,,,0,1.0,1,9598.71,,,,,,TIMING_DIFFERENCE,TIMING_DIFFERENCE
EXC_002143,LED_004845,LED,entry_date,1,0,0,0.9,0.5,,,,0,1.0,1,1464.21,,,,,,TIMING_DIFFERENCE,TIMING_DIFFERENCE
EXC_002144,LED_004846,LED,entry_date,1,0,0,0.8,0.5,,,,0,3.0,1,153455.7,,,,,,TIMING_DIFFERENCE,TIMING_DIFFERENCE
EXC_002145,LED_004848,LED,entry_date,1,0,0,0.9,0.5,,,,0,2.0,1,23408.5,,,,,,TIMING_DIFFERENCE,TIMING_DIFFERENCE
EXC_002146,LED_004853,LED,entry_date,1,0,0,0.9,0.5,,,,0,2.0,1,27639.0,,,,,,TIMING_DIFFERENCE,TIMING_DIFFERENCE
EXC_002148,LED_004867,LED,entry_date,1,0,0,0.9,0.5,,,,0,1.0,1,1794.78,,,,,,TIMING_DIFFERENCE,TIMING_DIFFERENCE
EXC_002149,LED_004871,LED,entry_date,1,0,0,0.9,0.6666666666666666,,,,0,1.0,1,38114.95,,,,,,TIMING_DIFFERENCE,TIMING_DIFFERENCE
EXC_002150,LED_004872,LED,entry_date,1,0,0,0.9,0.5,,,,0,2.0,1,3430.35,,,,,,TIMING_DIFFERENCE,TIMING_DIFFERENCE
EXC_002152,LED_004885,LED,entry_date,1,0,0,0.9,0.6666666666666666,,,,0,1.0,1,46526.0,,,,,,TIMING_DIFFERENCE,TIMING_DIFFERENCE
EXC_002154,LED_004912,LED,entry_date,1,0,0,0.9,0.5,,,,0,2.0,1,16235.62,,,,,,TIMING_DIFFERENCE,TIMING_DIFFERENCE
EXC_002156,LED_004932,LED,entry_date,1,0,0,0.9,0.5,,,,0,2.0,1,1407.24,,,,,,TIMING_DIFFERENCE,TIMING_DIFFERENCE
EXC_002159,LED_004951,LED,entry_date,1,0,0,0.9,0.5,,,,0,2.0,1,4524.32,,,,,,TIMING_DIFFERENCE,TIMING_DIFFERENCE
EXC_002160,LED_004956,LED,entry_date,1,0,0,0.9,0.5,,,,0,1.0,1,14141.0,,,,,,TIMING_DIFFERENCE,TIMING_DIFFERENCE
EXC_002161,LED_004958,LED,entry_date,1,0,0,0.9,0.5,,,,0,2.0,1,3773.64,,,,,,TIMING_DIFFERENCE,TIMING_DIFFERENCE
EXC_002163,LED_004965,LED,entry_date,1,0,0,0.9,0.5,,,,0,1.0,1,81363.36,,,,,,TIMING_DIFFERENCE,TIMING_DIFFERENCE
EXC_002164,LED_004968,LED,entry_date,1,0,0,0.9,0.5,,,,0,2.0,1,6205.68,,,,,,TIMING_DIFFERENCE,TIMING_DIFFERENCE
EXC_002165,LED_004974,LED,entry_date,1,0,0,0.9,0.5,,,,0,1.0,1,2525.76,,,,,,TIMING_DIFFERENCE,TIMING_DIFFERENCE
EXC_002167,LED_004978,LED,entry_date,1,0,0,0.8,0.6666666666666666,,,,0,3.0,1,53627.46,,,,,,TIMING_DIFFERENCE,TIMING_DIFFERENCE
EXC_002168,LED_004982,LED,entry_date,1,0,0,0.9,0.5,,,,0,2.0,1,11533.95,,,,,,TIMING_DIFFERENCE,TIMING_DIFFERENCE
EXC_002169,LED_004994,LED,entry_date,1,0,0,0.9,0.5,,,,0,1.0,1,12943.0,,,,,,TIMING_DIFFERENCE,TIMING_DIFFERENCE
EXC_002170,LED_004995,LED,entry_date,1,0,0,0.9,0.5,,,,0,1.0,1,2329.74,,,,,,TIMING_DIFFERENCE,TIMING_DIFFERENCE
EXC_002171,LED_004996,LED,entry_date,1,0,0,0.9,0.6666666666666666,,,,0,1.0,1,25281.91,,,,,,TIMING_DIFFERENCE,TIMING_DIFFERENCE
EXC_002172,LED_004997,LED,entry_date,1,0,0,0.9,0.6666666666666666,,,,0,2.0,1,21425.35,,,,,,TIMING_DIFFERENCE,TIMING_DIFFERENCE
EXC_002173,LED_005003,LED,entry_date,1,0,0,0.9,0.5,,,,0,3.0,1,3154.0,,,,,,TIMING_DIFFERENCE,TIMING_DIFFERENCE
EXC_002174,LED_005006,LED,entry_date,1,0,0,0.9,0.5,,,,0,2.0,1,43902.9,,,,,,TIMING_DIFFERENCE,TIMING_DIFFERENCE
EXC_002175,LED_005007,LED,entry_date,1,0,0,0.9,0.5,,,,0,1.0,1,7902.52,,,,,,TIMING_DIFFERENCE,TIMING_DIFFERENCE
EXC_002176,LED_005008,LED,entry_date,1,0,0,0.9,0.5,,,,0,2.0,1,3957.24,,,,,,TIMING_DIFFERENCE,TIMING_DIFFERENCE
EXC_002177,LED_005009,LED,entry_date,1,0,0,0.9,0.5,,,,0,2.0,1,3353.6,,,,,,TIMING_DIFFERENCE,TIMING_DIFFERENCE
EXC_002178,LED_005014,LED,entry_date,1,0,0,0.9,0.5,,,,0,3.0,1,2952.94,,,,,,TIMING_DIFFERENCE,TIMING_DIFFERENCE
EXC_002180,LED_005025,LED,entry_date,1,0,0,0.9,0.5,,,,0,1.0,1,74423.95,,,,,,TIMING_DIFFERENCE,TIMING_DIFFERENCE
EXC_002181,LED_005030,LED,entry_date,1,0,0,0.9,0.5,,,,0,1.0,1,72698.62,,,,,,TIMING_DIFFERENCE,TIMING_DIFFERENCE
EXC_002182,LED_005035,LED,entry_date,1,0,0,0.9,0.5,,,,0,3.0,1,4874.45,,,,,,TIMING_DIFFERENCE,TIMING_DIFFERENCE
EXC_002183,LED_005037,LED,entry_date,1,0,0,0.9,0.5,,,,0,3.0,1,63050.55,,,,,,TIMING_DIFFERENCE,TIMING_DIFFERENCE
EXC_002184,LED_005042,LED,entry_date,1,0,0,0.8,0.5,,,,0,2.0,1,7509.58,,,,,,TIMING_DIFFERENCE,TIMING_DIFFERENCE
EXC_002185,LED_005049,LED,entry_date,1,0,0,0.9,0.5,,,,0,2.0,1,49475.95,,,,,,TIMING_DIFFERENCE,TIMING_DIFFERENCE
EXC_002186,LED_005065,LED,entry_date,1,0,0,0.9,0.5,,,,0,1.0,1,1708.74,,,,,,TIMING_DIFFERENCE,TIMING_DIFFERENCE
EXC_002187,LED_005069,LED,entry_date,1,0,0,0.9,0.5,,,,0,1.0,1,10257.15,,,,,,TIMING_DIFFERENCE,TIMING_DIFFERENCE
EXC_002188,LED_005081,LED,entry_date,1,0,0,0.9,0.5,,,,0,3.0,1,11198.2,,,,,,TIMING_DIFFERENCE,TIMING_DIFFERENCE
EXC_002189,LED_005084,LED,entry_date,1,0,0,0.9,0.6666666666666666,,,,0,2.0,1,29241.58,,,,,,TIMING_DIFFERENCE,TIMING_DIFFERENCE
EXC_002190,LED_005090,LED,entry_date,1,0,0,0.9,0.5,,,,0,2.0,1,63455.68,,,,,,TIMING_DIFFERENCE,TIMING_DIFFERENCE
EXC_002191,LED_005091,LED,entry_date,1,0,0,0.9,0.5,,,,0,3.0,1,53776.0,,,,,,TIMING_DIFFERENCE,TIMING_DIFFERENCE
EXC_002192,LED_005093,LED,entry_date,1,0,0,0.8,0.5,,,,0,3.0,1,30798.12,,,,,,TIMING_DIFFERENCE,TIMING_DIFFERENCE
EXC_002193,LED_005095,LED,entry_date,1,0,0,0.9,0.5,,,,0,1.0,1,4698.02,,,,,,TIMING_DIFFERENCE,TIMING_DIFFERENCE
EXC_002195,LED_005105,LED,entry_date,1,0,0,0.8,0.5,,,,0,1.0,1,10561.0,,,,,,TIMING_DIFFERENCE,TIMING_DIFFERENCE
EXC_002196,LED_005110,LED,entry_date,1,0,0,0.8,0.5,,,,0,2.0,1,72.0,,,,,,TIMING_DIFFERENCE,TIMING_DIFFERENCE
EXC_002200,LED_005118,LED,entry_date,1,0,0,0.9,0.5,,,,0,1.0,1,31098.25,,,,,,TIMING_DIFFERENCE,TIMING_DIFFERENCE
EXC_002201,LED_005119,LED,entry_date,1,0,0,0.9,0.5,,,,0,1.0,1,5597.69,,,,,,TIMING_DIFFERENCE,TIMING_DIFFERENCE
EXC_002203,LED_005126,LED,entry_date,1,0,0,0.9,0.5,,,,0,1.0,1,91188.04,,,,,,TIMING_DIFFERENCE,TIMING_DIFFERENCE
EXC_002205,LED_005129,LED,entry_date,1,0,0,0.9,0.5,,,,0,3.0,1,3200.57,,,,,,TIMING_DIFFERENCE,TIMING_DIFFERENCE
EXC_002208,LED_005142,LED,entry_date,1,0,0,0.9,0.5,,,,0,2.0,1,2891.7,,,,,,TIMING_DIFFERENCE,TIMING_DIFFERENCE
EXC_002209,LED_005143,LED,entry_date,1,0,0,0.9,0.5,,,,0,3.0,1,520.51,,,,,,TIMING_DIFFERENCE,TIMING_DIFFERENCE
EXC_002210,LED_005151,LED,entry_date,1,0,0,0.9,0.5,,,,0,3.0,1,5872.34,,,,,,TIMING_DIFFERENCE,TIMING_DIFFERENCE
EXC_002212,LED_005159,LED,entry_date,1,0,0,0.9,0.5,,,,0,2.0,1,365.75,,,,,,TIMING_DIFFERENCE,TIMING_DIFFERENCE
EXC_002213,LED_005169,LED,entry_date,1,0,0,0.9,0.5,,,,0,2.0,1,623.86,,,,,,TIMING_DIFFERENCE,TIMING_DIFFERENCE
EXC_002215,LED_005175,LED,entry_date,1,0,0,0.9,0.5,,,,0,2.0,1,1460.34,,,,,,TIMING_DIFFERENCE,TIMING_DIFFERENCE
EXC_002216,LED_005177,LED,entry_date,1,0,0,0.9,0.5,,,,0,3.0,1,3792.6,,,,,,TIMING_DIFFERENCE,TIMING_DIFFERENCE
EXC_002217,LED_005194,LED,entry_date,1,0,0,0.9,0.5,,,,0,1.0,1,19928.34,,,,,,TIMING_DIFFERENCE,TIMING_DIFFERENCE
EXC_002218,LED_005197,LED,entry_date,1,0,0,0.9,0.5,,,,0,1.0,1,6444.54,,,,,,TIMING_DIFFERENCE,TIMING_DIFFERENCE
EXC_002220,LED_005208,LED,entry_date,1,0,0,0.9,0.5,,,,0,1.0,1,29226.75,,,,,,TIMING_DIFFERENCE,TIMING_DIFFERENCE
EXC_002223,LED_005216,LED,entry_date,1,0,0,0.8,0.2,,,,0,3.0,1,13598.32,,,,,,TIMING_DIFFERENCE,TIMING_DIFFERENCE
EXC_002225,LED_005225,LED,entry_date,1,0,0,0.8,0.6666666666666666,,,,0,3.0,1,52321.2,,,,,,TIMING_DIFFERENCE,TIMING_DIFFERENCE
EXC_002226,LED_005229,LED,entry_date,1,0,0,0.9,0.5,,,,0,2.0,1,1078.0,,,,,,TIMING_DIFFERENCE,TIMING_DIFFERENCE
EXC_002227,LED_005234,LED,entry_date,1,0,0,0.9,0.5,,,,0,3.0,1,155286.82,,,,,,TIMING_DIFFERENCE,TIMING_DIFFERENCE
EXC_002228,LED_005235,LED,entry_date,1,0,0,0.9,0.5,,,,0,3.0,1,131599.0,,,,,,TIMING_DIFFERENCE,TIMING_DIFFERENCE
EXC_002229,LED_005242,LED,entry_date,1,0,0,0.9,0.5,,,,0,3.0,1,3049.2,,,,,,TIMING_DIFFERENCE,TIMING_DIFFERENCE
EXC_002230,LED_005246,LED,entry_date,1,0,0,0.9,0.5,,,,0,3.0,1,56590.44,,,,,,TIMING_DIFFERENCE,TIMING_DIFFERENCE
EXC_002233,LED_005250,LED,entry_date,1,0,0,0.9,0.6666666666666666,,,,0,2.0,1,12190.0,,,,,,TIMING_DIFFERENCE,TIMING_DIFFERENCE
EXC_002235,LED_005273,LED,entry_date,1,0,0,0.9,0.5,,,,0,1.0,1,561.2,,,,,,TIMING_DIFFERENCE,TIMING_DIFFERENCE
EXC_002236,LED_005275,LED,entry_date,1,0,0,0.9,0.5,,,,0,3.0,1,3053.0,,,,,,TIMING_DIFFERENCE,TIMING_DIFFERENCE
EXC_002240,LED_005296,LED,entry_date,1,0,0,0.9,0.5,,,,0,1.0,1,7539.2,,,,,,TIMING_DIFFERENCE,TIMING_DIFFERENCE
EXC_002241,LED_005308,LED,entry_date,1,0,0,0.9,0.5,,,,0,2.0,1,16144.3,,,,,,TIMING_DIFFERENCE,TIMING_DIFFERENCE
EXC_002242,LED_005314,LED,entry_date,1,0,0,0.7,0.2,,,,0,3.0,1,109.0,,,,,,TIMING_DIFFERENCE,TIMING_DIFFERENCE
EXC_002244,LED_005338,LED,entry_date,1,0,0,0.7,0.2,,,,0,2.0,1,85858.51,,,,,,TIMING_DIFFERENCE,TIMING_DIFFERENCE
EXC_002245,LED_005341,LED,entry_date,1,0,0,0.9,0.5,,,,0,3.0,1,5198.49,,,,,,TIMING_DIFFERENCE,TIMING_DIFFERENCE
EXC_002246,LED_005342,LED,entry_date,1,0,0,0.9,0.5,,,,0,1.0,1,5198.49,,,,,,TIMING_DIFFERENCE,TIMING_DIFFERENCE
EXC_002247,LED_005344,LED,entry_date,1,0,0,0.9,0.5,,,,0,3.0,1,22803.38,,,,,,TIMING_DIFFERENCE,TIMING_DIFFERENCE
EXC_002248,LED_005350,LED,entry_date,1,0,0,0.9,0.5,,,,0,3.0,1,14135.81,,,,,,TIMING_DIFFERENCE,TIMING_DIFFERENCE
EXC_002249,LED_005351,LED,entry_date,1,0,0,0.9,0.5,,,,0,3.0,1,5455.14,,,,,,TIMING_DIFFERENCE,TIMING_DIFFERENCE
EXC_002252,LED_005361,LED,entry_date,1,0,0,0.9,0.5,,,,0,3.0,1,44692.15,,,,,,TIMING_DIFFERENCE,TIMING_DIFFERENCE
EXC_002253,LED_005368,LED,entry_date,1,0,0,0.9,0.5,,,,0,3.0,1,10060.98,,,,,,TIMING_DIFFERENCE,TIMING_DIFFERENCE
EXC_002254,LED_005371,LED,entry_date,1,0,0,0.9,0.5,,,,0,1.0,1,85429.64,,,,,,TIMING_DIFFERENCE,TIMING_DIFFERENCE
EXC_002256,LED_005375,LED,entry_date,1,0,0,0.9,0.5,,,,0,1.0,1,122140.62,,,,,,TIMING_DIFFERENCE,TIMING_DIFFERENCE
EXC_002257,LED_005378,LED,entry_date,1,0,0,0.8,0.5,,,,0,3.0,1,6565.52,,,,,,TIMING_DIFFERENCE,TIMING_DIFFERENCE
EXC_002258,LED_005385,LED,entry_date,1,0,0,0.9,0.5,,,,0,1.0,1,4332.96,,,,,,TIMING_DIFFERENCE,TIMING_DIFFERENCE
EXC_002259,LED_005387,LED,entry_date,1,0,0,0.9,0.5,,,,0,1.0,1,5452.54,,,,,,TIMING_DIFFERENCE,TIMING_DIFFERENCE
EXC_002260,LED_005391,LED,entry_date,1,0,0,0.8,0.5,,,,0,1.0,1,30410.49,,,,,,TIMING_DIFFERENCE,TIMING_DIFFERENCE
EXC_002262,LED_005395,LED,entry_date,1,0,0,0.9,0.5,,,,0,2.0,1,23108.29,,,,,,TIMING_DIFFERENCE,TIMING_DIFFERENCE
EXC_002263,LED_005396,LED,entry_date,1,0,0,0.9,0.5,,,,0,2.0,1,23108.29,,,,,,TIMING_DIFFERENCE,TIMING_DIFFERENCE
EXC_002264,LED_005405,LED,entry_date,1,0,0,0.9,0.6666666666666666,,,,0,2.0,1,1987.12,,,,,,TIMING_DIFFERENCE,TIMING_DIFFERENCE
EXC_002269,LED_005424,LED,entry_date,1,0,0,0.7,0.2,,,,0,2.0,1,33016.52,,,,,,TIMING_DIFFERENCE,TIMING_DIFFERENCE
EXC_002271,LED_005429,LED,entry_date,1,0,0,0.8,0.5,,,,0,3.0,1,156080.96,,,,,,TIMING_DIFFERENCE,TIMING_DIFFERENCE
EXC_002272,LED_005433,LED,entry_date,1,0,0,0.9,0.5,,,,0,3.0,1,9923.09,,,,,,TIMING_DIFFERENCE,TIMING_DIFFERENCE
EXC_002273,LED_005439,LED,entry_date,1,0,0,0.9,0.6666666666666666,,,,0,1.0,1,65685.76,,,,,,TIMING_DIFFERENCE,TIMING_DIFFERENCE
EXC_002274,LED_005444,LED,entry_date,1,0,0,0.8,0.5,,,,0,3.0,1,51243.86,,,,,,TIMING_DIFFERENCE,TIMING_DIFFERENCE
EXC_002275,LED_005447,LED,entry_date,1,0,0,0.9,0.5,,,,0,2.0,1,5850.5,,,,,,TIMING_DIFFERENCE,TIMING_DIFFERENCE
EXC_002276,LED_005449,LED,entry_date,1,0,0,0.9,0.5,,,,0,1.0,1,15445.14,,,,,,TIMING_DIFFERENCE,TIMING_DIFFERENCE
EXC_002277,LED_005461,LED,entry_date,1,0,0,0.9,0.5,,,,0,3.0,1,71996.34,,,,,,TIMING_DIFFERENCE,TIMING_DIFFERENCE
EXC_002279,LED_005469,LED,entry_date,1,0,0,0.9,0.5,,,,0,2.0,1,14170.62,,,,,,TIMING_DIFFERENCE,TIMING_DIFFERENCE
EXC_002282,LED_005476,LED,entry_date,1,0,0,0.9,0.5,,,,0,3.0,1,23313.02,,,,,,TIMING_DIFFERENCE,TIMING_DIFFERENCE
EXC_002283,LED_005477,LED,entry_date,1,0,0,0.9,0.5,,,,0,3.0,1,14488.93,,,,,,TIMING_DIFFERENCE,TIMING_DIFFERENCE
EXC_002284,LED_005478,LED,entry_date,1,0,0,0.9,0.5,,,,0,1.0,1,14488.93,,,,,,TIMING_DIFFERENCE,TIMING_DIFFERENCE
EXC_002285,LED_005483,LED,entry_date,1,0,0,0.9,0.5,,,,0,1.0,1,36760.54,,,,,,TIMING_DIFFERENCE,TIMING_DIFFERENCE
EXC_002288,LED_005517,LED,entry_date,1,0,0,0.9,0.5,,,,0,3.0,1,3403.12,,,,,,TIMING_DIFFERENCE,TIMING_DIFFERENCE
EXC_002293,LED_005534,LED,entry_date,1,0,0,0.9,0.5,,,,0,2.0,1,12193.12,,,,,,TIMING_DIFFERENCE,TIMING_DIFFERENCE
EXC_002295,LED_005539,LED,entry_date,1,0,0,0.9,0.5,,,,0,1.0,1,25905.37,,,,,,TIMING_DIFFERENCE,TIMING_DIFFERENCE
EXC_002298,LED_005558,LED,entry_date,1,0,0,0.9,0.5,,,,0,2.0,1,9409.14,,,,,,TIMING_DIFFERENCE,TIMING_DIFFERENCE
EXC_002299,LED_005560,LED,entry_date,1,0,0,0.7,0.2,,,,0,3.0,1,1362.02,,,,,,TIMING_DIFFERENCE,TIMING_DIFFERENCE
EXC_002301,LED_005574,LED,entry_date,1,0,0,0.9,0.5,,,,0,1.0,1,54711.53,,,,,,TIMING_DIFFERENCE,TIMING_DIFFERENCE
EXC_002303,LED_005578,LED,entry_date,1,0,0,0.9,0.5,,,,0,3.0,1,30054.6,,,,,,TIMING_DIFFERENCE,TIMING_DIFFERENCE
EXC_002304,LED_005581,LED,entry_date,1,0,0,0.9,0.5,,,,0,2.0,1,137597.44,,,,,,TIMING_DIFFERENCE,TIMING_DIFFERENCE
EXC_002305,LED_005602,LED,entry_date,1,0,0,0.9,0.5,,,,0,1.0,1,10460.05,,,,,,TIMING_DIFFERENCE,TIMING_DIFFERENCE
EXC_002306,LED_005605,LED,entry_date,1,0,0,0.9,0.5,,,,0,2.0,1,23648.38,,,,,,TIMING_DIFFERENCE,TIMING_DIFFERENCE
EXC_002308,LED_005609,LED,entry_date,1,0,0,0.9,0.5,,,,0,2.0,1,4037.84,,,,,,TIMING_DIFFERENCE,TIMING_DIFFERENCE
EXC_002312,LED_005630,LED,entry_date,1,0,0,0.9,0.5,,,,0,2.0,1,4157.14,,,,,,TIMING_DIFFERENCE,TIMING_DIFFERENCE
EXC_002314,LED_005634,LED,entry_date,1,0,0,0.8,0.5,,,,0,2.0,1,2667.74,,,,,,TIMING_DIFFERENCE,TIMING_DIFFERENCE
EXC_002315,LED_005637,LED,entry_date,1,0,0,0.9,0.5,,,,0,3.0,1,104477.2,,,,,,TIMING_DIFFERENCE,TIMING_DIFFERENCE
EXC_002316,LED_005640,LED,entry_date,1,0,0,0.9,0.5,,,,0,3.0,1,62643.84,,,,,,TIMING_DIFFERENCE,TIMING_DIFFERENCE
EXC_002317,LED_005641,LED,entry_date,1,0,0,0.9,0.5,,,,0,3.0,1,3869.57,,,,,,TIMING_DIFFERENCE,TIMING_DIFFERENCE
EXC_002318,LED_005642,LED,entry_date,1,0,0,0.9,0.5,,,,0,1.0,1,3869.57,,,,,,TIMING_DIFFERENCE,TIMING_DIFFERENCE
EXC_002321,LED_005657,LED,entry_date,1,0,0,0.8,0.5,,,,0,2.0,1,6663.46,,,,,,TIMING_DIFFERENCE,TIMING_DIFFERENCE
EXC_002323,LED_005661,LED,entry_date,1,0,0,0.9,0.5,,,,0,1.0,1,62437.34,,,,,,TIMING_DIFFERENCE,TIMING_DIFFERENCE
EXC_002324,LED_005664,LED,entry_date,1,0,0,0.9,0.5,,,,0,3.0,1,20399.96,,,,,,TIMING_DIFFERENCE,TIMING_DIFFERENCE
EXC_002325,LED_005667,LED,entry_date,1,0,0,0.8,0.2,,,,0,2.0,1,3174.5,,,,,,TIMING_DIFFERENCE,TIMING_DIFFERENCE
EXC_002326,LED_005670,LED,entry_date,1,0,0,0.8,0.5,,,,0,3.0,1,43755.34,,,,,,TIMING_DIFFERENCE,TIMING_DIFFERENCE
EXC_002327,LED_005674,LED,entry_date,1,0,0,0.9,0.5,,,,0,3.0,1,1693.01,,,,,,TIMING_DIFFERENCE,TIMING_DIFFERENCE
EXC_002328,LED_005675,LED,entry_date,1,0,0,0.9,0.5,,,,0,1.0,1,134549.5,,,,,,TIMING_DIFFERENCE,TIMING_DIFFERENCE
EXC_002329,LED_005686,LED,entry_date,1,0,0,0.9,0.5,,,,0,3.0,1,130074.94,,,,,,TIMING_DIFFERENCE,TIMING_DIFFERENCE
EXC_002330,LED_005689,LED,entry_date,1,0,0,0.9,0.5,,,,0,3.0,1,9799.31,,,,,,TIMING_DIFFERENCE,TIMING_DIFFERENCE
EXC_002334,LED_005726,LED,entry_date,1,0,0,0.9,0.5,,,,0,2.0,1,2833.18,,,,,,TIMING_DIFFERENCE,TIMING_DIFFERENCE
EXC_002337,LED_005737,LED,entry_date,1,0,0,0.9,0.5,,,,0,2.0,1,224181.12,,,,,,TIMING_DIFFERENCE,TIMING_DIFFERENCE
EXC_002338,LED_005750,LED,entry_date,1,0,0,0.9,0.5,,,,0,1.0,1,6944.42,,,,,,TIMING_DIFFERENCE,TIMING_DIFFERENCE
EXC_002339,LED_005754,LED,entry_date,1,0,0,0.9,0.5,,,,0,3.0,1,7144.9,,,,,,TIMING_DIFFERENCE,TIMING_DIFFERENCE
EXC_002340,LED_005757,LED,entry_date,1,0,0,0.9,0.5,,,,0,2.0,1,72302.73,,,,,,TIMING_DIFFERENCE,TIMING_DIFFERENCE
EXC_002342,LED_005770,LED,entry_date,1,0,0,0.9,0.5,,,,0,1.0,1,7083.19,,,,,,TIMING_DIFFERENCE,TIMING_DIFFERENCE
EXC_002343,LED_005775,LED,entry_date,1,0,0,0.9,0.6666666666666666,,,,0,2.0,1,17181.98,,,,,,TIMING_DIFFERENCE,TIMING_DIFFERENCE
EXC_002344,LED_005777,LED,entry_date,1,0,0,0.8,0.2,,,,0,3.0,1,82511.5,,,,,,TIMING_DIFFERENCE,TIMING_DIFFERENCE
EXC_002345,LED_005782,LED,entry_date,1,0,0,0.9,0.5,,,,0,1.0,1,7500.91,,,,,,TIMING_DIFFERENCE,TIMING_DIFFERENCE
EXC_002346,LED_005783,LED,entry_date,1,0,0,0.9,0.5,,,,0,3.0,1,60464.38,,,,,,TIMING_DIFFERENCE,TIMING_DIFFERENCE
EXC_002347,LED_005786,LED,entry_date,1,0,0,0.9,0.5,,,,0,1.0,1,8970.36,,,,,,TIMING_DIFFERENCE,TIMING_DIFFERENCE
EXC_002350,LED_005810,LED,entry_date,1,0,0,0.9,0.5,,,,0,1.0,1,1791.24,,,,,,TIMING_DIFFERENCE,TIMING_DIFFERENCE
EXC_002351,LED_005817,LED,entry_date,1,0,0,0.9,0.5,,,,0,1.0,1,3819.66,,,,,,TIMING_DIFFERENCE,TIMING_DIFFERENCE
EXC_002352,LED_005821,LED,entry_date,1,0,0,0.9,0.5,,,,0,2.0,1,7282.96,,,,,,TIMING_DIFFERENCE,TIMING_DIFFERENCE
EXC_002353,LED_005822,LED,entry_date,1,0,0,0.9,0.5,,,,0,3.0,1,7282.96,,,,,,TIMING_DIFFERENCE,TIMING_DIFFERENCE
EXC_002354,LED_005831,LED,entry_date,1,0,0,0.9,0.5,,,,0,1.0,1,4541.17,,,,,,TIMING_DIFFERENCE,TIMING_DIFFERENCE
EXC_002357,LED_005843,LED,entry_date,1,0,0,0.9,0.5,,,,0,2.0,1,64677.22,,,,,,TIMING_DIFFERENCE,TIMING_DIFFERENCE
EXC_002359,LED_005845,LED,entry_date,1,0,0,0.8,0.5,,,,0,1.0,1,1635.48,,,,,,TIMING_DIFFERENCE,TIMING_DIFFERENCE
EXC_002361,LED_005862,LED,entry_date,1,0,0,0.9,0.5,,,,0,1.0,1,3433.62,,,,,,TIMING_DIFFERENCE,TIMING_DIFFERENCE
EXC_002362,LED_005863,LED,entry_date,1,0,0,0.8,0.5,,,,0,2.0,1,1768.94,,,,,,TIMING_DIFFERENCE,TIMING_DIFFERENCE
EXC_002363,LED_005866,LED,entry_date,1,0,0,0.8,0.5,,,,0,2.0,1,90444.64,,,,,,TIMING_DIFFERENCE,TIMING_DIFFERENCE
EXC_002367,LED_005878,LED,entry_date,1,0,0,0.9,0.5,,,,0,3.0,1,1836.2,,,,,,TIMING_DIFFERENCE,TIMING_DIFFERENCE
EXC_002368,LED_005880,LED,entry_date,1,0,0,0.9,0.5,,,,0,2.0,1,35285.54,,,,,,TIMING_DIFFERENCE,TIMING_DIFFERENCE
EXC_002369,LED_005883,LED,entry_date,1,0,0,0.9,0.5,,,,0,3.0,1,32332.71,,,,,,TIMING_DIFFERENCE,TIMING_DIFFERENCE
EXC_002370,LED_005893,LED,entry_date,1,0,0,0.9,0.5,,,,0,3.0,1,35231.91,,,,,,TIMING_DIFFERENCE,TIMING_DIFFERENCE
EXC_002372,LED_005899,LED,entry_date,1,0,0,0.9,0.5,,,,0,2.0,1,5616.8,,,,,,TIMING_DIFFERENCE,TIMING_DIFFERENCE
EXC_002373,LED_005909,LED,entry_date,1,0,0,0.9,0.5,,,,0,2.0,1,4171.3,,,,,,TIMING_DIFFERENCE,TIMING_DIFFERENCE
EXC_002376,LED_005922,LED,entry_date,1,0,0,0.9,0.5,,,,0,2.0,1,57438.92,,,,,,TIMING_DIFFERENCE,TIMING_DIFFERENCE
EXC_002378,LED_005941,LED,entry_date,1,0,0,0.9,0.5,,,,0,2.0,1,60226.85,,,,,,TIMING_DIFFERENCE,TIMING_DIFFERENCE
EXC_002380,LED_005964,LED,entry_date,1,0,0,0.9,0.5,,,,0,1.0,1,3621.42,,,,,,TIMING_DIFFERENCE,TIMING_DIFFERENCE
EXC_002381,LED_005966,LED,entry_date,1,0,0,0.9,0.5,,,,0,2.0,1,93584.62,,,,,,TIMING_DIFFERENCE,TIMING_DIFFERENCE
EXC_002382,LED_005968,LED,entry_date,1,0,0,0.8,0.5,,,,0,1.0,1,37532.26,,,,,,TIMING_DIFFERENCE,TIMING_DIFFERENCE
EXC_002383,LED_005972,LED,entry_date,1,0,0,0.8,0.5,,,,0,3.0,1,2736.37,,,,,,TIMING_DIFFERENCE,TIMING_DIFFERENCE
EXC_002384,LED_005978,LED,entry_date,1,0,0,0.9,0.5,,,,0,3.0,1,7000.94,,,,,,TIMING_DIFFERENCE,TIMING_DIFFERENCE
EXC_002385,LED_005982,LED,entry_date,1,0,0,0.9,0.5,,,,0,2.0,1,1181.89,,,,,,TIMING_DIFFERENCE,TIMING_DIFFERENCE
EXC_002386,LED_005984,LED,entry_date,1,0,0,0.9,0.5,,,,0,3.0,1,4322.34,,,,,,TIMING_DIFFERENCE,TIMING_DIFFERENCE
EXC_002388,LED_005988,LED,entry_date,1,0,0,0.9,0.5,,,,0,1.0,1,4015.54,,,,,,TIMING_DIFFERENCE,TIMING_DIFFERENCE
EXC_002389,LED_005996,LED,entry_date,1,0,0,0.9,0.5,,,,0,1.0,1,8094.8,,,,,,TIMING_DIFFERENCE,TIMING_DIFFERENCE
EXC_002393,LED_006021,LED,entry_date,1,0,0,0.9,0.5,,,,0,3.0,1,36194.14,,,,,,TIMING_DIFFERENCE,TIMING_DIFFERENCE
EXC_002394,LED_006026,LED,entry_date,1,0,0,0.8,0.5,,,,0,2.0,1,2074.09,,,,,,TIMING_DIFFERENCE,TIMING_DIFFERENCE
EXC_002395,LED_006033,LED,entry_date,1,0,0,0.9,0.5,,,,0,3.0,1,34148.02,,,,,,TIMING_DIFFERENCE,TIMING_DIFFERENCE
EXC_002396,LED_006036,LED,entry_date,1,0,0,0.9,0.5,,,,0,3.0,1,51623.82,,,,,,TIMING_DIFFERENCE,TIMING_DIFFERENCE
EXC_002398,LED_006051,LED,entry_date,1,0,0,0.9,0.5,,,,0,2.0,1,9647.33,,,,,,TIMING_DIFFERENCE,TIMING_DIFFERENCE
EXC_002401,LED_006060,LED,entry_date,1,0,0,0.8,0.5,,,,0,2.0,1,1751.24,,,,,,TIMING_DIFFERENCE,TIMING_DIFFERENCE
EXC_002402,LED_006061,LED,entry_date,1,0,0,0.9,0.5,,,,0,1.0,1,79857.8,,,,,,TIMING_DIFFERENCE,TIMING_DIFFERENCE
EXC_002403,LED_006062,LED,entry_date,1,0,0,0.9,0.5,,,,0,2.0,1,79857.8,,,,,,TIMING_DIFFERENCE,TIMING_DIFFERENCE
EXC_002404,LED_006068,LED,entry_date,1,0,0,0.9,0.5,,,,0,2.0,1,88092.66,,,,,,TIMING_DIFFERENCE,TIMING_DIFFERENCE
EXC_002405,LED_006070,LED,entry_date,1,0,0,0.9,0.5,,,,0,1.0,1,3385.42,,,,,,TIMING_DIFFERENCE,TIMING_DIFFERENCE
EXC_002406,LED_006073,LED,entry_date,1,0,0,0.8,0.2,,,,0,1.0,1,70607.66,,,,,,TIMING_DIFFERENCE,TIMING_DIFFERENCE
EXC_002407,LED_006075,LED,entry_date,1,0,0,0.9,0.5,,,,0,3.0,1,4312.9,,,,,,TIMING_DIFFERENCE,TIMING_DIFFERENCE
EXC_002408,LED_006084,LED,entry_date,1,0,0,0.9,0.5,,,,0,1.0,1,12380.32,,,,,,TIMING_DIFFERENCE,TIMING_DIFFERENCE
EXC_002410,LED_006116,LED,entry_date,1,0,0,0.7,0.2,,,,0,2.0,1,23286.53,,,,,,TIMING_DIFFERENCE,TIMING_DIFFERENCE
EXC_002411,LED_006123,LED,entry_date,1,0,0,0.9,0.5,,,,0,1.0,1,22656.0,,,,,,TIMING_DIFFERENCE,TIMING_DIFFERENCE
EXC_002412,LED_006124,LED,entry_date,1,0,0,0.9,0.5,,,,0,2.0,1,22656.0,,,,,,TIMING_DIFFERENCE,TIMING_DIFFERENCE
EXC_002413,LED_006128,LED,entry_date,1,0,0,0.8,0.5,,,,0,1.0,1,1904.52,,,,,,TIMING_DIFFERENCE,TIMING_DIFFERENCE
EXC_002414,LED_006132,LED,entry_date,1,0,0,0.8,0.5,,,,0,2.0,1,11749.2,,,,,,TIMING_DIFFERENCE,TIMING_DIFFERENCE
EXC_002415,LED_006133,LED,entry_date,1,0,0,0.8,0.2,,,,0,2.0,1,22625.14,,,,,,TIMING_DIFFERENCE,TIMING_DIFFERENCE
EXC_002416,LED_006135,LED,entry_date,1,0,0,0.9,0.5,,,,0,3.0,1,8195.1,,,,,,TIMING_DIFFERENCE,TIMING_DIFFERENCE
EXC_002418,LED_006155,LED,entry_date,1,0,0,0.9,0.5,,,,0,1.0,1,4220.86,,,,,,TIMING_DIFFERENCE,TIMING_DIFFERENCE
EXC_002421,LED_006165,LED,entry_date,1,0,0,0.8,0.5,,,,0,1.0,1,2348.67,,,,,,TIMING_DIFFERENCE,TIMING_DIFFERENCE
EXC_002422,LED_006167,LED,entry_date,1,0,0,0.9,0.5,,,,0,3.0,1,17461.4,,,,,,TIMING_DIFFERENCE,TIMING_DIFFERENCE
EXC_002425,LED_006173,LED,entry_date,1,0,0,0.9,0.5,,,,0,2.0,1,1161.12,,,,,,TIMING_DIFFERENCE,TIMING_DIFFERENCE
EXC_002426,LED_006174,LED,entry_date,1,0,0,0.9,0.5,,,,0,2.0,1,1161.12,,,,,,TIMING_DIFFERENCE,TIMING_DIFFERENCE
EXC_002427,LED_006178,LED,entry_date,1,0,0,0.9,0.5,,,,0,2.0,1,15644.44,,,,,,TIMING_DIFFERENCE,TIMING_DIFFERENCE
EXC_002428,LED_006199,LED,entry_date,1,0,0,0.9,0.5,,,,0,1.0,1,21130.26,,,,,,TIMING_DIFFERENCE,TIMING_DIFFERENCE
EXC_002429,LED_006201,LED,entry_date,1,0,0,0.9,0.5,,,,0,3.0,1,31946.26,,,,,,TIMING_DIFFERENCE,TIMING_DIFFERENCE
EXC_002430,LED_006208,LED,entry_date,1,0,0,0.8,0.2,,,,0,2.0,1,14387.74,,,,,,TIMING_DIFFERENCE,TIMING_DIFFERENCE
EXC_002431,LED_006209,LED,entry_date,1,0,0,0.9,0.5,,,,0,3.0,1,7180.06,,,,,,TIMING_DIFFERENCE,TIMING_DIFFERENCE
EXC_002432,LED_006214,LED,entry_date,1,0,0,0.9,0.5,,,,0,3.0,1,8768.46,,,,,,TIMING_DIFFERENCE,TIMING_DIFFERENCE
EXC_002433,LED_006218,LED,entry_date,1,0,0,0.9,0.6666666666666666,,,,0,1.0,1,133473.34,,,,,,TIMING_DIFFERENCE,TIMING_DIFFERENCE
EXC_002434,LED_006220,LED,entry_date,1,0,0,0.9,0.5,,,,0,2.0,1,6673.61,,,,,,TIMING_DIFFERENCE,TIMING_DIFFERENCE
EXC_002435,LED_006245,LED,entry_date,1,0,0,0.9,0.5,,,,0,3.0,1,8255.28,,,,,,TIMING_DIFFERENCE,TIMING_DIFFERENCE
EXC_002436,LED_006249,LED,entry_date,1,0,0,0.9,0.5,,,,0,2.0,1,67765.04,,,,,,TIMING_DIFFERENCE,TIMING_DIFFERENCE
EXC_002438,LED_006256,LED,entry_date,1,0,0,0.9,0.5,,,,0,3.0,1,262.31,,,,,,TIMING_DIFFERENCE,TIMING_DIFFERENCE
EXC_002439,LED_006263,LED,entry_date,1,0,0,0.9,0.5,,,,0,1.0,1,1000.64,,,,,,TIMING_DIFFERENCE,TIMING_DIFFERENCE
EXC_002440,LED_006269,LED,entry_date,1,0,0,0.9,0.5,,,,0,2.0,1,3604.43,,,,,,TIMING_DIFFERENCE,TIMING_DIFFERENCE
EXC_002442,LED_006295,LED,entry_date,1,0,0,0.9,0.5,,,,0,1.0,1,5474.96,,,,,,TIMING_DIFFERENCE,TIMING_DIFFERENCE
EXC_002443,LED_006303,LED,entry_date,1,0,0,0.9,0.5,,,,0,3.0,1,30680.0,,,,,,TIMING_DIFFERENCE,TIMING_DIFFERENCE
EXC_002444,LED_006309,LED,entry_date,1,0,0,0.9,0.5,,,,0,1.0,1,4206.58,,,,,,TIMING_DIFFERENCE,TIMING_DIFFERENCE
EXC_002445,LED_006313,LED,entry_date,1,0,0,0.9,0.5,,,,0,1.0,1,41710.64,,,,,,TIMING_DIFFERENCE,TIMING_DIFFERENCE
EXC_002446,LED_006316,LED,entry_date,1,0,0,0.9,0.5,,,,0,1.0,1,103.84,,,,,,TIMING_DIFFERENCE,TIMING_DIFFERENCE
EXC_002447,LED_006318,LED,entry_date,1,0,0,0.9,0.5,,,,0,1.0,1,34835.19,,,,,,TIMING_DIFFERENCE,TIMING_DIFFERENCE
EXC_002448,LED_006321,LED,entry_date,1,0,0,0.9,0.5,,,,0,1.0,1,3383.3,,,,,,TIMING_DIFFERENCE,TIMING_DIFFERENCE
EXC_002450,LED_006330,LED,entry_date,1,0,0,0.9,0.5,,,,0,2.0,1,16866.44,,,,,,TIMING_DIFFERENCE,TIMING_DIFFERENCE
EXC_002451,LED_006331,LED,entry_date,1,0,0,0.9,0.6666666666666666,,,,0,1.0,1,8601.14,,,,,,TIMING_DIFFERENCE,TIMING_DIFFERENCE
EXC_002452,LED_006332,LED,entry_date,1,0,0,0.9,0.5,,,,0,2.0,1,8601.14,,,,,,TIMING_DIFFERENCE,TIMING_DIFFERENCE
EXC_002453,LED_006333,LED,entry_date,1,0,0,0.9,0.5,,,,0,3.0,1,16915.01,,,,,,TIMING_DIFFERENCE,TIMING_DIFFERENCE
EXC_002454,LED_006342,LED,entry_date,1,0,0,0.9,0.5,,,,0,2.0,1,29489.62,,,,,,TIMING_DIFFERENCE,TIMING_DIFFERENCE
EXC_002455,LED_006344,LED,entry_date,1,0,0,0.9,0.5,,,,0,2.0,1,9250.49,,,,,,TIMING_DIFFERENCE,TIMING_DIFFERENCE
EXC_002456,LED_006349,LED,entry_date,1,0,0,0.9,0.5,,,,0,1.0,1,3977.19,,,,,,TIMING_DIFFERENCE,TIMING_DIFFERENCE
EXC_002458,LED_006354,LED,entry_date,1,0,0,0.9,0.5,,,,0,1.0,1,87185.48,,,,,,TIMING_DIFFERENCE,TIMING_DIFFERENCE
EXC_002459,LED_006357,LED,entry_date,1,0,0,0.9,0.5,,,,0,2.0,1,92964.29,,,,,,TIMING_DIFFERENCE,TIMING_DIFFERENCE
EXC_002460,LED_006358,LED,entry_date,1,0,0,0.9,0.5,,,,0,3.0,1,92964.29,,,,,,TIMING_DIFFERENCE,TIMING_DIFFERENCE
EXC_002461,LED_006366,LED,entry_date,1,0,0,0.8,0.5,,,,0,3.0,1,142508.6,,,,,,TIMING_DIFFERENCE,TIMING_DIFFERENCE
EXC_002464,LED_006379,LED,entry_date,1,0,0,0.9,0.5,,,,0,2.0,1,3910.28,,,,,,TIMING_DIFFERENCE,TIMING_DIFFERENCE
EXC_002465,LED_006383,LED,entry_date,1,0,0,0.9,0.5,,,,0,1.0,1,19294.65,,,,,,TIMING_DIFFERENCE,TIMING_DIFFERENCE
EXC_002466,LED_006386,LED,entry_date,1,0,0,0.9,0.5,,,,0,3.0,1,17123.28,,,,,,TIMING_DIFFERENCE,TIMING_DIFFERENCE
EXC_002467,LED_006388,LED,entry_date,1,0,0,0.8,0.5,,,,0,2.0,1,11034.18,,,,,,TIMING_DIFFERENCE,TIMING_DIFFERENCE
EXC_002468,LED_006393,LED,entry_date,1,0,0,0.9,0.5,,,,0,1.0,1,26015.46,,,,,,TIMING_DIFFERENCE,TIMING_DIFFERENCE
EXC_002469,LED_006394,LED,entry_date,1,0,0,0.9,0.5,,,,0,3.0,1,26015.46,,,,,,TIMING_DIFFERENCE,TIMING_DIFFERENCE
EXC_002470,LED_006407,LED,entry_date,1,0,0,0.9,0.5,,,,0,2.0,1,48555.82,,,,,,TIMING_DIFFERENCE,TIMING_DIFFERENCE
EXC_002472,LED_006426,LED,entry_date,1,0,0,0.9,0.5,,,,0,1.0,1,2435.28,,,,,,TIMING_DIFFERENCE,TIMING_DIFFERENCE
EXC_002473,LED_006429,LED,entry_date,1,0,0,0.9,0.5,,,,0,3.0,1,54340.06,,,,,,TIMING_DIFFERENCE,TIMING_DIFFERENCE
EXC_002474,LED_006432,LED,entry_date,1,0,0,0.9,0.6666666666666666,,,,0,2.0,1,73273.28,,,,,,TIMING_DIFFERENCE,TIMING_DIFFERENCE
EXC_002476,LED_006441,LED,entry_date,1,0,0,0.9,0.5,,,,0,3.0,1,12390.94,,,,,,TIMING_DIFFERENCE,TIMING_DIFFERENCE
EXC_002478,LED_006443,LED,entry_date,1,0,0,0.9,0.6666666666666666,,,,0,1.0,1,4747.14,,,,,,TIMING_DIFFERENCE,TIMING_DIFFERENCE
EXC_002479,LED_006446,LED,entry_date,1,0,0,0.9,0.5,,,,0,2.0,1,7297.0,,,,,,TIMING_DIFFERENCE,TIMING_DIFFERENCE
EXC_002480,LED_006455,LED,entry_date,1,0,0,0.9,0.5,,,,0,1.0,1,2683.67,,,,,,TIMING_DIFFERENCE,TIMING_DIFFERENCE
EXC_002482,LED_006457,LED,entry_date,1,0,0,0.9,0.5,,,,0,1.0,1,15985.46,,,,,,TIMING_DIFFERENCE,TIMING_DIFFERENCE
EXC_002483,LED_006472,LED,entry_date,1,0,0,0.9,0.5,,,,0,2.0,1,5150.7,,,,,,TIMING_DIFFERENCE,TIMING_DIFFERENCE
EXC_002485,LED_006477,LED,entry_date,1,0,0,0.9,0.5,,,,0,1.0,1,1390.04,,,,,,TIMING_DIFFERENCE,TIMING_DIFFERENCE
EXC_002486,LED_006480,LED,entry_date,1,0,0,0.8,0.5,,,,0,2.0,1,311.64,,,,,,TIMING_DIFFERENCE,TIMING_DIFFERENCE
EXC_002487,LED_006482,LED,entry_date,1,0,0,0.9,0.5,,,,0,3.0,1,57765.25,,,,,,TIMING_DIFFERENCE,TIMING_DIFFERENCE
EXC_002488,LED_006486,LED,entry_date,1,0,0,0.8,0.5,,,,0,3.0,1,1326.44,,,,,,TIMING_DIFFERENCE,TIMING_DIFFERENCE
EXC_002489,LED_006489,LED,entry_date,1,0,0,0.9,0.6666666666666666,,,,0,3.0,1,1320.95,,,,,,TIMING_DIFFERENCE,TIMING_DIFFERENCE
EXC_002490,LED_006503,LED,entry_date,1,0,0,0.9,0.5,,,,0,3.0,1,1876.2,,,,,,TIMING_DIFFERENCE,TIMING_DIFFERENCE
EXC_002491,LED_006505,LED,entry_date,1,0,0,0.9,0.5,,,,0,3.0,1,3447.96,,,,,,TIMING_DIFFERENCE,TIMING_DIFFERENCE
EXC_002492,LED_006514,LED,entry_date,1,0,0,0.9,0.5,,,,0,3.0,1,7203.02,,,,,,TIMING_DIFFERENCE,TIMING_DIFFERENCE
EXC_002493,LED_006515,LED,entry_date,1,0,0,0.9,0.5,,,,0,2.0,1,6055.64,,,,,,TIMING_DIFFERENCE,TIMING_DIFFERENCE
EXC_002494,LED_006518,LED,entry_date,1,0,0,0.9,0.5,,,,0,1.0,1,2253.8,,,,,,TIMING_DIFFERENCE,TIMING_DIFFERENCE
EXC_002495,LED_006519,LED,entry_date,1,0,0,0.9,0.5,,,,0,2.0,1,3858.48,,,,,,TIMING_DIFFERENCE,TIMING_DIFFERENCE
EXC_002496,LED_006533,LED,entry_date,1,0,0,0.9,0.5,,,,0,1.0,1,47719.85,,,,,,TIMING_DIFFERENCE,TIMING_DIFFERENCE
EXC_002497,LED_006534,LED,entry_date,1,0,0,0.9,0.5,,,,0,1.0,1,47719.85,,,,,,TIMING_DIFFERENCE,TIMING_DIFFERENCE
EXC_002498,LED_006538,LED,entry_date,1,0,0,0.9,0.5,,,,0,2.0,1,492.95,,,,,,TIMING_DIFFERENCE,TIMING_DIFFERENCE
EXC_002499,LED_006539,LED,entry_date,1,0,0,0.8,0.2,,,,0,3.0,1,17635.1,,,,,,TIMING_DIFFERENCE,TIMING_DIFFERENCE
EXC_002502,LED_006561,LED,entry_date,1,0,0,0.9,0.5,,,,0,1.0,1,11796.7,,,,,,TIMING_DIFFERENCE,TIMING_DIFFERENCE
EXC_002503,LED_006574,LED,entry_date,1,0,0,0.9,0.5,,,,0,2.0,1,10549.73,,,,,,TIMING_DIFFERENCE,TIMING_DIFFERENCE
EXC_002504,LED_006585,LED,entry_date,1,0,0,0.8,0.5,,,,0,2.0,1,5919.77,,,,,,TIMING_DIFFERENCE,TIMING_DIFFERENCE
EXC_002505,LED_006591,LED,entry_date,1,0,0,0.9,0.5,,,,0,2.0,1,39226.03,,,,,,TIMING_DIFFERENCE,TIMING_DIFFERENCE
EXC_002510,LED_006632,LED,entry_date,1,0,0,0.8,0.5,,,,0,3.0,1,3537.52,,,,,,TIMING_DIFFERENCE,TIMING_DIFFERENCE
EXC_002511,LED_006642,LED,entry_date,1,0,0,0.9,0.6666666666666666,,,,0,1.0,1,50863.9,,,,,,TIMING_DIFFERENCE,TIMING_DIFFERENCE
EXC_002512,LED_006643,LED,entry_date,1,0,0,0.8,0.5,,,,0,1.0,1,2415.46,,,,,,TIMING_DIFFERENCE,TIMING_DIFFERENCE
EXC_002513,LED_006645,LED,entry_date,1,0,0,0.9,0.5,,,,0,3.0,1,6190.75,,,,,,TIMING_DIFFERENCE,TIMING_DIFFERENCE
EXC_002514,LED_006650,LED,entry_date,1,0,0,0.9,0.5,,,,0,2.0,1,5970.45,,,,,,TIMING_DIFFERENCE,TIMING_DIFFERENCE
EXC_002516,LED_006664,LED,entry_date,1,0,0,0.9,0.5,,,,0,1.0,1,6260.49,,,,,,TIMING_DIFFERENCE,TIMING_DIFFERENCE
EXC_002517,LED_006677,LED,entry_date,1,0,0,0.9,0.5,,,,0,2.0,1,6118.42,,,,,,TIMING_DIFFERENCE,TIMING_DIFFERENCE
EXC_002518,LED_006682,LED,entry_date,1,0,0,0.9,0.5,,,,0,2.0,1,488.76,,,,,,TIMING_DIFFERENCE,TIMING_DIFFERENCE
EXC_002519,LED_006684,LED,entry_date,1,0,0,0.9,0.5,,,,0,3.0,1,1532.82,,,,,,TIMING_DIFFERENCE,TIMING_DIFFERENCE
EXC_002521,LED_006689,LED,entry_date,1,0,0,0.8,0.5,,,,0,3.0,1,3287.95,,,,,,TIMING_DIFFERENCE,TIMING_DIFFERENCE
EXC_002522,LED_006690,LED,entry_date,1,0,0,0.8,0.5,,,,0,3.0,1,3287.95,,,,,,TIMING_DIFFERENCE,TIMING_DIFFERENCE
EXC_002523,LED_006691,LED,entry_date,1,0,0,0.9,0.5,,,,0,3.0,1,17401.46,,,,,,TIMING_DIFFERENCE,TIMING_DIFFERENCE
EXC_002524,LED_006693,LED,entry_date,1,0,0,0.7,0.2,,,,0,2.0,1,3004.4,,,,,,TIMING_DIFFERENCE,TIMING_DIFFERENCE
EXC_002525,LED_006699,LED,entry_date,1,0,0,0.9,0.5,,,,0,3.0,1,19606.3,,,,,,TIMING_DIFFERENCE,TIMING_DIFFERENCE
EXC_002526,LED_006710,LED,entry_date,1,0,0,0.9,0.6666666666666666,,,,0,2.0,1,9991.3,,,,,,TIMING_DIFFERENCE,TIMING_DIFFERENCE
EXC_002527,LED_006733,LED,entry_date,1,0,0,0.9,0.5,,,,0,3.0,1,160.48,,,,,,TIMING_DIFFERENCE,TIMING_DIFFERENCE
EXC_002528,LED_006737,LED,entry_date,1,0,0,0.9,0.5,,,,0,3.0,1,13056.29,,,,,,TIMING_DIFFERENCE,TIMING_DIFFERENCE
EXC_002529,LED_006739,LED,entry_date,1,0,0,0.9,0.5,,,,0,2.0,1,27820.86,,,,,,TIMING_DIFFERENCE,TIMING_DIFFERENCE
EXC_002530,LED_006743,LED,entry_date,1,0,0,0.9,0.5,,,,0,1.0,1,9572.63,,,,,,TIMING_DIFFERENCE,TIMING_DIFFERENCE
EXC_002531,LED_006756,LED,entry_date,1,0,0,0.9,0.5,,,,0,2.0,1,44889.09,,,,,,TIMING_DIFFERENCE,TIMING_DIFFERENCE
EXC_002534,LED_006763,LED,entry_date,1,0,0,0.9,0.5,,,,0,2.0,1,22563.84,,,,,,TIMING_DIFFERENCE,TIMING_DIFFERENCE
EXC_002536,LED_006786,LED,entry_date,1,0,0,0.9,0.5,,,,0,1.0,1,10805.26,,,,,,TIMING_DIFFERENCE,TIMING_DIFFERENCE
EXC_002537,LED_006793,LED,entry_date,1,0,0,0.9,0.5,,,,0,2.0,1,9586.32,,,,,,TIMING_DIFFERENCE,TIMING_DIFFERENCE
EXC_002538,LED_006795,LED,entry_date,1,0,0,0.9,0.5,,,,0,3.0,1,19789.31,,,,,,TIMING_DIFFERENCE,TIMING_DIFFERENCE
EXC_002540,LED_006801,LED,entry_date,1,0,0,0.9,0.5,,,,0,2.0,1,2947.05,,,,,,TIMING_DIFFERENCE,TIMING_DIFFERENCE
EXC_002541,LED_006802,LED,entry_date,1,0,0,0.9,0.5,,,,0,2.0,1,2947.05,,,,,,TIMING_DIFFERENCE,TIMING_DIFFERENCE
EXC_002542,LED_006807,LED,entry_date,1,0,0,0.9,0.5,,,,0,3.0,1,2910.94,,,,,,TIMING_DIFFERENCE,TIMING_DIFFERENCE
EXC_002543,LED_006808,LED,entry_date,1,0,0,0.9,0.5,,,,0,1.0,1,2910.94,,,,,,TIMING_DIFFERENCE,TIMING_DIFFERENCE
EXC_002544,LED_006809,LED,entry_date,1,0,0,0.9,0.5,,,,0,3.0,1,31137.84,,,,,,TIMING_DIFFERENCE,TIMING_DIFFERENCE
EXC_002545,LED_006811,LED,entry_date,1,0,0,0.8,0.2,,,,0,3.0,1,83061.38,,,,,,TIMING_DIFFERENCE,TIMING_DIFFERENCE
EXC_002546,LED_006815,LED,entry_date,1,0,0,0.9,0.5,,,,0,1.0,1,12197.42,,,,,,TIMING_DIFFERENCE,TIMING_DIFFERENCE
EXC_002549,LED_006833,LED,entry_date,1,0,0,0.9,0.5,,,,0,1.0,1,5205.57,,,,,,TIMING_DIFFERENCE,TIMING_DIFFERENCE
EXC_002553,LED_006856,LED,entry_date,1,0,0,0.9,0.5,,,,0,2.0,1,16965.57,,,,,,TIMING_DIFFERENCE,TIMING_DIFFERENCE
EXC_002554,LED_006861,LED,entry_date,1,0,0,0.8,0.5,,,,0,1.0,1,2944.87,,,,,,TIMING_DIFFERENCE,TIMING_DIFFERENCE
EXC_002555,LED_006862,LED,entry_date,1,0,0,0.8,0.5,,,,0,1.0,1,2944.87,,,,,,TIMING_DIFFERENCE,TIMING_DIFFERENCE
EXC_002558,LED_006882,LED,entry_date,1,0,0,0.9,0.5,,,,0,2.0,1,15375.4,,,,,,TIMING_DIFFERENCE,TIMING_DIFFERENCE
EXC_002559,LED_006884,LED,entry_date,1,0,0,0.9,0.6666666666666666,,,,0,1.0,1,33958.34,,,,,,TIMING_DIFFERENCE,TIMING_DIFFERENCE
EXC_002560,LED_006888,LED,entry_date,1,0,0,0.9,0.5,,,,0,3.0,1,5751.85,,,,,,TIMING_DIFFERENCE,TIMING_DIFFERENCE
EXC_002563,LED_006896,LED,entry_date,1,0,0,0.9,0.5,,,,0,3.0,1,792.02,,,,,,TIMING_DIFFERENCE,TIMING_DIFFERENCE
EXC_002564,LED_006897,LED,entry_date,1,0,0,0.9,0.5,,,,0,2.0,1,7288.86,,,,,,TIMING_DIFFERENCE,TIMING_DIFFERENCE
EXC_002565,LED_006903,LED,entry_date,1,0,0,0.9,0.5,,,,0,2.0,1,973.03,,,,,,TIMING_DIFFERENCE,TIMING_DIFFERENCE
EXC_002567,LED_006915,LED,entry_date,1,0,0,0.9,0.5,,,,0,1.0,1,7518.96,,,,,,TIMING_DIFFERENCE,TIMING_DIFFERENCE
EXC_002568,LED_006917,LED,entry_date,1,0,0,0.9,0.5,,,,0,3.0,1,23255.44,,,,,,TIMING_DIFFERENCE,TIMING_DIFFERENCE
EXC_002569,LED_006935,LED,entry_date,1,0,0,0.9,0.5,,,,0,3.0,1,1937.56,,,,,,TIMING_DIFFERENCE,TIMING_DIFFERENCE
EXC_002570,LED_006936,LED,entry_date,1,0,0,0.9,0.5,,,,0,1.0,1,1937.56,,,,,,TIMING_DIFFERENCE,TIMING_DIFFERENCE
EXC_002571,LED_006937,LED,entry_date,1,0,0,0.9,0.5,,,,0,3.0,1,12893.86,,,,,,TIMING_DIFFERENCE,TIMING_DIFFERENCE
EXC_002574,LED_006948,LED,entry_date,1,0,0,0.9,0.5,,,,0,3.0,1,3732.34,,,,,,TIMING_DIFFERENCE,TIMING_DIFFERENCE
EXC_002575,LED_006958,LED,entry_date,1,0,0,0.9,0.5,,,,0,1.0,1,1902.16,,,,,,TIMING_DIFFERENCE,TIMING_DIFFERENCE
EXC_002577,LED_006960,LED,entry_date,1,0,0,0.9,0.5,,,,0,1.0,1,19827.54,,,,,,TIMING_DIFFERENCE,TIMING_DIFFERENCE
EXC_002578,LED_006962,LED,entry_date,1,0,0,0.9,0.5,,,,0,2.0,1,44056.78,,,,,,TIMING_DIFFERENCE,TIMING_DIFFERENCE
EXC_002580,LED_006971,LED,entry_date,1,0,0,0.9,0.5,,,,0,2.0,1,150393.36,,,,,,TIMING_DIFFERENCE,TIMING_DIFFERENCE
EXC_002581,LED_006972,LED,entry_date,1,0,0,0.9,0.5,,,,0,1.0,1,150393.36,,,,,,TIMING_DIFFERENCE,TIMING_DIFFERENCE
EXC_002582,LED_006980,LED,entry_date,1,0,0,0.9,0.5,,,,0,2.0,1,49076.2,,,,,,TIMING_DIFFERENCE,TIMING_DIFFERENCE
EXC_002584,LED_006990,LED,entry_date,1,0,0,0.9,0.5,,,,0,1.0,1,72061.18,,,,,,TIMING_DIFFERENCE,TIMING_DIFFERENCE
EXC_002585,LED_006996,LED,entry_date,1,0,0,0.9,0.5,,,,0,2.0,1,15685.74,,,,,,TIMING_DIFFERENCE,TIMING_DIFFERENCE
EXC_002586,LED_007000,LED,entry_date,1,0,0,0.8,0.2,,,,0,3.0,1,6062.84,,,,,,TIMING_DIFFERENCE,TIMING_DIFFERENCE
EXC_002587,LED_007001,LED,entry_date,1,0,0,0.9,0.5,,,,0,3.0,1,5698.04,,,,,,TIMING_DIFFERENCE,TIMING_DIFFERENCE
EXC_002588,LED_007004,LED,entry_date,1,0,0,0.9,0.5,,,,0,2.0,1,64938.23,,,,,,TIMING_DIFFERENCE,TIMING_DIFFERENCE
EXC_002589,LED_007006,LED,entry_date,1,0,0,0.9,0.5,,,,0,3.0,1,49380.76,,,,,,TIMING_DIFFERENCE,TIMING_DIFFERENCE
EXC_002592,LED_007026,LED,entry_date,1,0,0,0.9,0.5,,,,0,3.0,1,31397.44,,,,,,TIMING_DIFFERENCE,TIMING_DIFFERENCE
EXC_002593,LED_007039,LED,entry_date,1,0,0,0.9,0.6666666666666666,,,,0,1.0,1,1471.46,,,,,,TIMING_DIFFERENCE,TIMING_DIFFERENCE
EXC_002594,LED_007042,LED,entry_date,1,0,0,0.9,0.5,,,,0,1.0,1,5044.5,,,,,,TIMING_DIFFERENCE,TIMING_DIFFERENCE
EXC_002596,LED_007054,LED,entry_date,1,0,0,0.9,0.5,,,,0,3.0,1,53059.29,,,,,,TIMING_DIFFERENCE,TIMING_DIFFERENCE
EXC_002597,LED_007056,LED,entry_date,1,0,0,0.8,0.2,,,,0,2.0,1,3224.65,,,,,,TIMING_DIFFERENCE,TIMING_DIFFERENCE
EXC_002598,LED_007060,LED,entry_date,1,0,0,0.9,0.5,,,,0,2.0,1,45951.56,,,,,,TIMING_DIFFERENCE,TIMING_DIFFERENCE
EXC_002599,LED_007062,LED,entry_date,1,0,0,0.9,0.5,,,,0,2.0,1,10980.84,,,,,,TIMING_DIFFERENCE,TIMING_DIFFERENCE
EXC_002600,LED_007066,LED,entry_date,1,0,0,0.9,0.5,,,,0,2.0,1,6008.97,,,,,,TIMING_DIFFERENCE,TIMING_DIFFERENCE
EXC_002601,LED_007067,LED,entry_date,1,0,0,0.9,0.5,,,,0,1.0,1,5548.36,,,,,,TIMING_DIFFERENCE,TIMING_DIFFERENCE
EXC_002602,LED_007069,LED,entry_date,1,0,0,0.9,0.5,,,,0,3.0,1,3414.92,,,,,,TIMING_DIFFERENCE,TIMING_DIFFERENCE
EXC_002603,LED_007080,LED,entry_date,1,0,0,0.9,0.5,,,,0,3.0,1,40174.4,,,,,,TIMING_DIFFERENCE,TIMING_DIFFERENCE
EXC_002604,LED_007086,LED,entry_date,1,0,0,0.9,0.5,,,,0,1.0,1,1920.1,,,,,,TIMING_DIFFERENCE,TIMING_DIFFERENCE
EXC_002605,LED_007091,LED,entry_date,1,0,0,0.9,0.5,,,,0,1.0,1,103552.38,,,,,,TIMING_DIFFERENCE,TIMING_DIFFERENCE
EXC_002606,LED_007097,LED,entry_date,1,0,0,0.9,0.5,,,,0,1.0,1,88160.87,,,,,,TIMING_DIFFERENCE,TIMING_DIFFERENCE
EXC_002609,LED_007114,LED,entry_date,1,0,0,0.9,0.5,,,,0,1.0,1,51182.5,,,,,,TIMING_DIFFERENCE,TIMING_DIFFERENCE
EXC_002610,LED_007121,LED,entry_date,1,0,0,0.9,0.5,,,,0,3.0,1,4534.74,,,,,,TIMING_DIFFERENCE,TIMING_DIFFERENCE
EXC_002611,LED_007124,LED,entry_date,1,0,0,0.8,0.6666666666666666,,,,0,3.0,1,3796.66,,,,,,TIMING_DIFFERENCE,TIMING_DIFFERENCE
EXC_002612,LED_007126,LED,entry_date,1,0,0,0.9,0.5,,,,0,2.0,1,2573.82,,,,,,TIMING_DIFFERENCE,TIMING_DIFFERENCE
EXC_002613,LED_007128,LED,entry_date,1,0,0,0.8,0.2,,,,0,2.0,1,49905.74,,,,,,TIMING_DIFFERENCE,TIMING_DIFFERENCE
EXC_002616,LED_007136,LED,entry_date,1,0,0,0.9,0.6666666666666666,,,,0,1.0,1,70569.9,,,,,,TIMING_DIFFERENCE,TIMING_DIFFERENCE
EXC_002617,LED_007140,LED,entry_date,1,0,0,0.9,0.5,,,,0,2.0,1,23607.56,,,,,,TIMING_DIFFERENCE,TIMING_DIFFERENCE
EXC_002619,LED_007164,LED,entry_date,1,0,0,0.9,0.6666666666666666,,,,0,1.0,1,13447.22,,,,,,TIMING_DIFFERENCE,TIMING_DIFFERENCE
EXC_002621,LED_007169,LED,entry_date,1,0,0,0.9,0.5,,,,0,3.0,1,29073.96,,,,,,TIMING_DIFFERENCE,TIMING_DIFFERENCE
EXC_002622,LED_007173,LED,entry_date,1,0,0,0.9,0.5,,,,0,1.0,1,104117.3,,,,,,TIMING_DIFFERENCE,TIMING_DIFFERENCE
EXC_002623,LED_007182,LED,entry_date,1,0,0,0.9,0.5,,,,0,2.0,1,57379.86,,,,,,TIMING_DIFFERENCE,TIMING_DIFFERENCE
EXC_002624,LED_007194,LED,entry_date,1,0,0,0.9,0.5,,,,0,1.0,1,75351.26,,,,,,TIMING_DIFFERENCE,TIMING_DIFFERENCE
EXC_002625,LED_007202,LED,entry_date,1,0,0,0.8,0.2,,,,0,2.0,1,14835.31,,,,,,TIMING_DIFFERENCE,TIMING_DIFFERENCE
EXC_002626,LED_007207,LED,entry_date,1,0,0,0.9,0.5,,,,0,2.0,1,7214.52,,,,,,TIMING_DIFFERENCE,TIMING_DIFFERENCE
EXC_002627,LED_007213,LED,entry_date,1,0,0,0.9,0.5,,,,0,3.0,1,4782.3,,,,,,TIMING_DIFFERENCE,TIMING_DIFFERENCE
EXC_002628,LED_007214,LED,entry_date,1,0,0,0.9,0.5,,,,0,2.0,1,4782.3,,,,,,TIMING_DIFFERENCE,TIMING_DIFFERENCE
EXC_002629,LED_007215,LED,entry_date,1,0,0,0.8,0.5,,,,0,3.0,1,24160.5,,,,,,TIMING_DIFFERENCE,TIMING_DIFFERENCE
EXC_002631,LED_007227,LED,entry_date,1,0,0,0.7,0.2,,,,0,3.0,1,11990.69,,,,,,TIMING_DIFFERENCE,TIMING_DIFFERENCE
EXC_002633,LED_007243,LED,entry_date,1,0,0,0.9,0.5,,,,0,3.0,1,25372.36,,,,,,TIMING_DIFFERENCE,TIMING_DIFFERENCE
EXC_002634,LED_007246,LED,entry_date,1,0,0,0.8,0.5,,,,0,3.0,1,30243.64,,,,,,TIMING_DIFFERENCE,TIMING_DIFFERENCE
EXC_002635,LED_007248,LED,entry_date,1,0,0,0.8,0.2,,,,0,2.0,1,10149.53,,,,,,TIMING_DIFFERENCE,TIMING_DIFFERENCE
EXC_002636,LED_007251,LED,entry_date,1,0,0,0.8,0.2,,,,0,3.0,1,6884.42,,,,,,TIMING_DIFFERENCE,TIMING_DIFFERENCE
EXC_002638,LED_007268,LED,entry_date,1,0,0,0.9,0.5,,,,0,3.0,1,11030.64,,,,,,TIMING_DIFFERENCE,TIMING_DIFFERENCE
EXC_002639,LED_007270,LED,entry_date,1,0,0,0.9,0.5,,,,0,2.0,1,33804.88,,,,,,TIMING_DIFFERENCE,TIMING_DIFFERENCE
EXC_002640,LED_007278,LED,entry_date,1,0,0,0.9,0.5,,,,0,2.0,1,76267.24,,,,,,TIMING_DIFFERENCE,TIMING_DIFFERENCE
EXC_002644,LED_007296,LED,entry_date,1,0,0,0.9,0.5,,,,0,2.0,1,28915.07,,,,,,TIMING_DIFFERENCE,TIMING_DIFFERENCE
EXC_002645,LED_007297,LED,entry_date,1,0,0,0.9,0.5,,,,0,2.0,1,22697.89,,,,,,TIMING_DIFFERENCE,TIMING_DIFFERENCE
EXC_002646,LED_007306,LED,entry_date,1,0,0,0.9,0.5,,,,0,3.0,1,10441.58,,,,,,TIMING_DIFFERENCE,TIMING_DIFFERENCE
EXC_002648,LED_007315,LED,entry_date,1,0,0,0.9,0.5,,,,0,2.0,1,16894.53,,,,,,TIMING_DIFFERENCE,TIMING_DIFFERENCE
EXC_002649,LED_007320,LED,entry_date,1,0,0,0.8,0.5,,,,0,2.0,1,27321.6,,,,,,TIMING_DIFFERENCE,TIMING_DIFFERENCE
EXC_002650,LED_007323,LED,entry_date,1,0,0,0.9,0.5,,,,0,1.0,1,18893.22,,,,,,TIMING_DIFFERENCE,TIMING_DIFFERENCE
EXC_002652,LED_007329,LED,entry_date,1,0,0,0.9,0.5,,,,0,1.0,1,30615.34,,,,,,TIMING_DIFFERENCE,TIMING_DIFFERENCE
EXC_002653,LED_007341,LED,entry_date,1,0,0,0.9,0.5,,,,0,3.0,1,73695.72,,,,,,TIMING_DIFFERENCE,TIMING_DIFFERENCE
EXC_002654,LED_007347,LED,entry_date,1,0,0,0.9,0.5,,,,0,1.0,1,22598.18,,,,,,TIMING_DIFFERENCE,TIMING_DIFFERENCE
EXC_002655,LED_007353,LED,entry_date,1,0,0,0.9,0.5,,,,0,1.0,1,3197.09,,,,,,TIMING_DIFFERENCE,TIMING_DIFFERENCE
EXC_002660,LED_007378,LED,entry_date,1,0,0,0.9,0.5,,,,0,2.0,1,7730.18,,,,,,TIMING_DIFFERENCE,TIMING_DIFFERENCE
EXC_002665,LED_007402,LED,entry_date,1,0,0,0.8,0.2,,,,0,3.0,1,3956.54,,,,,,TIMING_DIFFERENCE,TIMING_DIFFERENCE
EXC_002668,LED_007413,LED,entry_date,1,0,0,0.8,0.2,,,,0,3.0,1,22852.71,,,,,,TIMING_DIFFERENCE,TIMING_DIFFERENCE
EXC_002669,LED_007422,LED,entry_date,1,0,0,0.9,0.6666666666666666,,,,0,3.0,1,5283.27,,,,,,TIMING_DIFFERENCE,TIMING_DIFFERENCE
EXC_002670,LED_007423,LED,entry_date,1,0,0,0.9,0.5,,,,0,1.0,1,2339.53,,,,,,TIMING_DIFFERENCE,TIMING_DIFFERENCE
EXC_002672,LED_007427,LED,entry_date,1,0,0,0.9,0.5,,,,0,1.0,1,4980.78,,,,,,TIMING_DIFFERENCE,TIMING_DIFFERENCE
EXC_002674,LED_007434,LED,entry_date,1,0,0,0.9,0.5,,,,0,1.0,1,3445.6,,,,,,TIMING_DIFFERENCE,TIMING_DIFFERENCE
EXC_002675,LED_007439,LED,entry_date,1,0,0,0.9,0.5,,,,0,3.0,1,29190.84,,,,,,TIMING_DIFFERENCE,TIMING_DIFFERENCE
EXC_002677,LED_007441,LED,entry_date,1,0,0,0.9,0.5,,,,0,1.0,1,9088.36,,,,,,TIMING_DIFFERENCE,TIMING_DIFFERENCE
EXC_002678,LED_007444,LED,entry_date,1,0,0,0.8,0.5,,,,0,1.0,1,50840.06,,,,,,TIMING_DIFFERENCE,TIMING_DIFFERENCE
EXC_002681,LED_007451,LED,entry_date,1,0,0,0.9,0.5,,,,0,1.0,1,5874.04,,,,,,TIMING_DIFFERENCE,TIMING_DIFFERENCE
EXC_002682,LED_007454,LED,entry_date,1,0,0,0.8,0.5,,,,0,2.0,1,68445.9,,,,,,TIMING_DIFFERENCE,TIMING_DIFFERENCE
EXC_002684,LED_007471,LED,entry_date,1,0,0,0.9,0.5,,,,0,3.0,1,56685.61,,,,,,TIMING_DIFFERENCE,TIMING_DIFFERENCE
EXC_002685,LED_007474,LED,entry_date,1,0,0,0.9,0.5,,,,0,2.0,1,84409.06,,,,,,TIMING_DIFFERENCE,TIMING_DIFFERENCE
EXC_002686,LED_007481,LED,entry_date,1,0,0,0.9,0.5,,,,0,1.0,1,7347.03,,,,,,TIMING_DIFFERENCE,TIMING_DIFFERENCE
EXC_002687,LED_007484,LED,entry_date,1,0,0,0.9,0.5,,,,0,2.0,1,34870.18,,,,,,TIMING_DIFFERENCE,TIMING_DIFFERENCE
EXC_002689,LED_007495,LED,entry_date,1,0,0,0.9,0.5,,,,0,2.0,1,42802.02,,,,,,TIMING_DIFFERENCE,TIMING_DIFFERENCE
EXC_002690,LED_007507,LED,entry_date,1,0,0,0.8,0.2,,,,0,3.0,1,27428.27,,,,,,TIMING_DIFFERENCE,TIMING_DIFFERENCE
EXC_002692,LED_007511,LED,entry_date,1,0,0,0.9,0.5,,,,0,2.0,1,40739.38,,,,,,TIMING_DIFFERENCE,TIMING_DIFFERENCE
EXC_002695,LED_007522,LED,entry_date,1,0,0,0.8,0.6666666666666666,,,,0,3.0,1,1041.94,,,,,,TIMING_DIFFERENCE,TIMING_DIFFERENCE
EXC_002696,LED_007527,LED,entry_date,1,0,0,0.9,0.5,,,,0,1.0,1,2418.23,,,,,,TIMING_DIFFERENCE,TIMING_DIFFERENCE
EXC_002697,LED_007551,LED,entry_date,1,0,0,0.9,0.5,,,,0,1.0,1,47054.86,,,,,,TIMING_DIFFERENCE,TIMING_DIFFERENCE
EXC_002699,LED_007583,LED,entry_date,1,0,0,0.9,0.5,,,,0,2.0,1,50653.86,,,,,,TIMING_DIFFERENCE,TIMING_DIFFERENCE
EXC_002700,LED_007584,LED,entry_date,1,0,0,0.9,0.5,,,,0,2.0,1,50653.86,,,,,,TIMING_DIFFERENCE,TIMING_DIFFERENCE
EXC_002701,LED_007586,LED,entry_date,1,0,0,0.9,0.5,,,,0,3.0,1,57015.24,,,,,,TIMING_DIFFERENCE,TIMING_DIFFERENCE
EXC_002703,LED_007594,LED,entry_date,1,0,0,0.9,0.5,,,,0,3.0,1,23886.74,,,,,,TIMING_DIFFERENCE,TIMING_DIFFERENCE
EXC_002704,LED_007598,LED,entry_date,1,0,0,0.9,0.5,,,,0,1.0,1,19665.88,,,,,,TIMING_DIFFERENCE,TIMING_DIFFERENCE
EXC_002706,LED_007603,LED,entry_date,1,0,0,0.9,0.6666666666666666,,,,0,2.0,1,33457.37,,,,,,TIMING_DIFFERENCE,TIMING_DIFFERENCE
EXC_002709,LED_007620,LED,entry_date,1,0,0,0.9,0.5,,,,0,1.0,1,9090.72,,,,,,TIMING_DIFFERENCE,TIMING_DIFFERENCE
EXC_002711,LED_007624,LED,entry_date,1,0,0,0.9,0.5,,,,0,1.0,1,8549.1,,,,,,TIMING_DIFFERENCE,TIMING_DIFFERENCE
EXC_002713,LED_007628,LED,entry_date,1,0,0,0.9,0.5,,,,0,3.0,1,13854.5,,,,,,TIMING_DIFFERENCE,TIMING_DIFFERENCE
EXC_002714,LED_007638,LED,entry_date,1,0,0,0.9,0.6666666666666666,,,,0,1.0,1,113086.48,,,,,,TIMING_DIFFERENCE,TIMING_DIFFERENCE
EXC_002715,LED_007640,LED,entry_date,1,0,0,0.8,0.5,,,,0,3.0,1,5495.26,,,,,,TIMING_DIFFERENCE,TIMING_DIFFERENCE
EXC_002716,LED_007651,LED,entry_date,1,0,0,0.9,0.5,,,,0,1.0,1,2830.82,,,,,,TIMING_DIFFERENCE,TIMING_DIFFERENCE
EXC_002717,LED_007652,LED,entry_date,1,0,0,0.9,0.5,,,,0,3.0,1,2830.82,,,,,,TIMING_DIFFERENCE,TIMING_DIFFERENCE
EXC_002719,LED_007658,LED,entry_date,1,0,0,0.9,0.5,,,,0,2.0,1,142041.32,,,,,,TIMING_DIFFERENCE,TIMING_DIFFERENCE
EXC_002720,LED_007661,LED,entry_date,1,0,0,0.9,0.5,,,,0,1.0,1,65806.06,,,,,,TIMING_DIFFERENCE,TIMING_DIFFERENCE
EXC_002722,LED_007668,LED,entry_date,1,0,0,0.9,0.6666666666666666,,,,0,1.0,1,9705.62,,,,,,TIMING_DIFFERENCE,TIMING_DIFFERENCE
EXC_002723,LED_007679,LED,entry_date,1,0,0,0.9,0.5,,,,0,1.0,1,35162.82,,,,,,TIMING_DIFFERENCE,TIMING_DIFFERENCE
EXC_002724,LED_007680,LED,entry_date,1,0,0,0.9,0.5,,,,0,3.0,1,35162.82,,,,,,TIMING_DIFFERENCE,TIMING_DIFFERENCE
EXC_002725,LED_007686,LED,entry_date,1,0,0,0.8,0.6666666666666666,,,,0,3.0,1,5591.55,,,,,,TIMING_DIFFERENCE,TIMING_DIFFERENCE
EXC_002726,LED_007698,LED,entry_date,1,0,0,0.9,0.5,,,,0,1.0,1,3325.71,,,,,,TIMING_DIFFERENCE,TIMING_DIFFERENCE
EXC_002727,LED_007700,LED,entry_date,1,0,0,0.8,0.5,,,,0,1.0,1,2623.14,,,,,,TIMING_DIFFERENCE,TIMING_DIFFERENCE
EXC_002728,LED_007708,LED,entry_date,1,0,0,0.9,0.5,,,,0,2.0,1,88449.26,,,,,,TIMING_DIFFERENCE,TIMING_DIFFERENCE
EXC_002730,LED_007711,LED,entry_date,1,0,0,0.9,0.5,,,,0,3.0,1,3825.97,,,,,,TIMING_DIFFERENCE,TIMING_DIFFERENCE
EXC_002732,LED_007716,LED,entry_date,1,0,0,0.9,0.6666666666666666,,,,0,1.0,1,5641.99,,,,,,TIMING_DIFFERENCE,TIMING_DIFFERENCE
EXC_002733,LED_007718,LED,entry_date,1,0,0,0.9,0.5,,,,0,1.0,1,44849.44,,,,,,TIMING_DIFFERENCE,TIMING_DIFFERENCE
EXC_002734,LED_007719,LED,entry_date,1,0,0,0.9,0.5,,,,0,2.0,1,3046.88,,,,,,TIMING_DIFFERENCE,TIMING_DIFFERENCE
EXC_002736,LED_007738,LED,entry_date,1,0,0,0.9,0.5,,,,0,1.0,1,1951.84,,,,,,TIMING_DIFFERENCE,TIMING_DIFFERENCE
EXC_002737,LED_007741,LED,entry_date,1,0,0,0.9,0.5,,,,0,3.0,1,28327.08,,,,,,TIMING_DIFFERENCE,TIMING_DIFFERENCE
EXC_002739,LED_007756,LED,entry_date,1,0,0,0.9,0.5,,,,0,3.0,1,30415.68,,,,,,TIMING_DIFFERENCE,TIMING_DIFFERENCE
EXC_002742,LED_007772,LED,entry_date,1,0,0,0.9,0.5,,,,0,1.0,1,6286.1,,,,,,TIMING_DIFFERENCE,TIMING_DIFFERENCE
EXC_002744,LED_007780,LED,entry_date,1,0,0,0.9,0.5,,,,0,3.0,1,15816.72,,,,,,TIMING_DIFFERENCE,TIMING_DIFFERENCE
EXC_002745,LED_007787,LED,entry_date,1,0,0,0.9,0.5,,,,0,2.0,1,9054.14,,,,,,TIMING_DIFFERENCE,TIMING_DIFFERENCE
EXC_002746,LED_007788,LED,entry_date,1,0,0,0.9,0.5,,,,0,2.0,1,9054.14,,,,,,TIMING_DIFFERENCE,TIMING_DIFFERENCE
EXC_002747,LED_007796,LED,entry_date,1,0,0,0.9,0.5,,,,0,2.0,1,26638.5,,,,,,TIMING_DIFFERENCE,TIMING_DIFFERENCE
EXC_002748,LED_007798,LED,entry_date,1,0,0,0.8,0.5,,,,0,3.0,1,9395.16,,,,,,TIMING_DIFFERENCE,TIMING_DIFFERENCE
EXC_002749,LED_007805,LED,entry_date,1,0,0,0.9,0.5,,,,0,1.0,1,31044.92,,,,,,TIMING_DIFFERENCE,TIMING_DIFFERENCE
EXC_002750,LED_007807,LED,entry_date,1,0,0,0.9,0.5,,,,0,2.0,1,13836.68,,,,,,TIMING_DIFFERENCE,TIMING_DIFFERENCE
EXC_002751,LED_007810,LED,entry_date,1,0,0,0.9,0.5,,,,0,1.0,1,11158.08,,,,,,TIMING_DIFFERENCE,TIMING_DIFFERENCE
EXC_002752,LED_007811,LED,entry_date,1,0,0,0.9,0.5,,,,0,1.0,1,8765.1,,,,,,TIMING_DIFFERENCE,TIMING_DIFFERENCE
EXC_002753,LED_007825,LED,entry_date,1,0,0,0.9,0.5,,,,0,2.0,1,30403.76,,,,,,TIMING_DIFFERENCE,TIMING_DIFFERENCE
EXC_002754,LED_007829,LED,entry_date,1,0,0,0.9,0.5,,,,0,3.0,1,3256.74,,,,,,TIMING_DIFFERENCE,TIMING_DIFFERENCE
EXC_002755,LED_007851,LED,entry_date,1,0,0,0.9,0.5,,,,0,1.0,1,13228.98,,,,,,TIMING_DIFFERENCE,TIMING_DIFFERENCE
EXC_002756,LED_007853,LED,entry_date,1,0,0,0.9,0.5,,,,0,1.0,1,1398.06,,,,,,TIMING_DIFFERENCE,TIMING_DIFFERENCE
EXC_002757,LED_007856,LED,entry_date,1,0,0,0.9,0.5,,,,0,2.0,1,31148.46,,,,,,TIMING_DIFFERENCE,TIMING_DIFFERENCE
EXC_002758,LED_007863,LED,entry_date,1,0,0,0.9,0.5,,,,0,1.0,1,28399.41,,,,,,TIMING_DIFFERENCE,TIMING_DIFFERENCE
EXC_002759,LED_007864,LED,entry_date,1,0,0,0.8,0.5,,,,0,2.0,1,28399.41,,,,,,TIMING_DIFFERENCE,TIMING_DIFFERENCE
EXC_002760,LED_007881,LED,entry_date,1,0,0,0.9,0.5,,,,0,2.0,1,28873.66,,,,,,TIMING_DIFFERENCE,TIMING_DIFFERENCE
EXC_002762,LED_007889,LED,entry_date,1,0,0,0.9,0.5,,,,0,1.0,1,7032.8,,,,,,TIMING_DIFFERENCE,TIMING_DIFFERENCE
EXC_002764,LED_007895,LED,entry_date,1,0,0,0.9,0.5,,,,0,2.0,1,54729.11,,,,,,TIMING_DIFFERENCE,TIMING_DIFFERENCE
EXC_002765,LED_007896,LED,entry_date,1,0,0,0.9,0.5,,,,0,2.0,1,54729.11,,,,,,TIMING_DIFFERENCE,TIMING_DIFFERENCE
EXC_002766,LED_007920,LED,entry_date,1,0,0,0.8,0.5,,,,0,3.0,1,3963.86,,,,,,TIMING_DIFFERENCE,TIMING_DIFFERENCE
EXC_002767,LED_007921,LED,entry_date,1,0,0,0.8,0.5,,,,0,3.0,1,311.52,,,,,,TIMING_DIFFERENCE,TIMING_DIFFERENCE
EXC_002769,LED_007949,LED,entry_date,1,0,0,0.7,0.2,,,,0,3.0,1,56599.88,,,,,,TIMING_DIFFERENCE,TIMING_DIFFERENCE
EXC_002770,LED_007951,LED,entry_date,1,0,0,0.9,0.5,,,,0,1.0,1,5133.06,,,,,,TIMING_DIFFERENCE,TIMING_DIFFERENCE
EXC_002771,LED_007963,LED,entry_date,1,0,0,0.9,0.5,,,,0,1.0,1,72049.62,,,,,,TIMING_DIFFERENCE,TIMING_DIFFERENCE
EXC_002773,LED_007969,LED,entry_date,1,0,0,0.9,0.5,,,,0,3.0,1,12880.88,,,,,,TIMING_DIFFERENCE,TIMING_DIFFERENCE
EXC_002775,LED_007973,LED,entry_date,1,0,0,0.9,0.5,,,,0,1.0,1,2706.92,,,,,,TIMING_DIFFERENCE,TIMING_DIFFERENCE
EXC_002778,LED_007993,LED,entry_date,1,0,0,0.9,0.5,,,,0,3.0,1,3825.56,,,,,,TIMING_DIFFERENCE,TIMING_DIFFERENCE
EXC_002779,LED_007995,LED,entry_date,1,0,0,0.9,0.5,,,,0,2.0,1,38812.91,,,,,,TIMING_DIFFERENCE,TIMING_DIFFERENCE
EXC_002784,LED_008016,LED,entry_date,1,0,0,0.9,0.5,,,,0,2.0,1,2050.84,,,,,,TIMING_DIFFERENCE,TIMING_DIFFERENCE
EXC_002787,LED_008027,LED,entry_date,1,0,0,0.9,0.5,,,,0,3.0,1,15622.02,,,,,,TIMING_DIFFERENCE,TIMING_DIFFERENCE
EXC_002788,LED_008031,LED,entry_date,1,0,0,0.9,0.5,,,,0,2.0,1,85722.52,,,,,,TIMING_DIFFERENCE,TIMING_DIFFERENCE
EXC_002791,LED_008038,LED,entry_date,1,0,0,0.9,0.5,,,,0,1.0,1,40104.9,,,,,,TIMING_DIFFERENCE,TIMING_DIFFERENCE
EXC_002792,LED_008039,LED,entry_date,1,0,0,0.9,0.5,,,,0,2.0,1,2658.54,,,,,,TIMING_DIFFERENCE,TIMING_DIFFERENCE
EXC_002794,LED_008061,LED,entry_date,1,0,0,0.9,0.5,,,,0,1.0,1,64400.86,,,,,,TIMING_DIFFERENCE,TIMING_DIFFERENCE
EXC_002795,LED_008062,LED,entry_date,1,0,0,0.9,0.5,,,,0,1.0,1,64400.86,,,,,,TIMING_DIFFERENCE,TIMING_DIFFERENCE
EXC_002796,LED_008071,LED,entry_date,1,0,0,0.8,0.5,,,,0,3.0,1,21406.73,,,,,,TIMING_DIFFERENCE,TIMING_DIFFERENCE
EXC_002797,LED_008073,LED,entry_date,1,0,0,0.9,0.5,,,,0,1.0,1,10414.68,,,,,,TIMING_DIFFERENCE,TIMING_DIFFERENCE
EXC_002798,LED_008075,LED,entry_date,1,0,0,0.9,0.5,,,,0,3.0,1,35435.93,,,,,,TIMING_DIFFERENCE,TIMING_DIFFERENCE
EXC_002799,LED_008079,LED,entry_date,1,0,0,0.9,0.5,,,,0,2.0,1,2939.26,,,,,,TIMING_DIFFERENCE,TIMING_DIFFERENCE
EXC_002800,LED_008093,LED,entry_date,1,0,0,0.9,0.5,,,,0,1.0,1,2880.14,,,,,,TIMING_DIFFERENCE,TIMING_DIFFERENCE
EXC_002801,LED_008101,LED,entry_date,1,0,0,0.9,0.5,,,,0,1.0,1,63132.36,,,,,,TIMING_DIFFERENCE,TIMING_DIFFERENCE
EXC_002803,LED_008110,LED,entry_date,1,0,0,0.9,0.5,,,,0,2.0,1,3715.82,,,,,,TIMING_DIFFERENCE,TIMING_DIFFERENCE
EXC_002806,LED_008115,LED,entry_date,1,0,0,0.9,0.5,,,,0,3.0,1,35239.76,,,,,,TIMING_DIFFERENCE,TIMING_DIFFERENCE
EXC_002809,LED_008136,LED,entry_date,1,0,0,0.9,0.5,,,,0,1.0,1,895.26,,,,,,TIMING_DIFFERENCE,TIMING_DIFFERENCE
EXC_002810,LED_008137,LED,entry_date,1,0,0,0.9,0.5,,,,0,2.0,1,858.57,,,,,,TIMING_DIFFERENCE,TIMING_DIFFERENCE
EXC_002811,LED_008141,LED,entry_date,1,0,0,0.9,0.5,,,,0,2.0,1,3269.78,,,,,,TIMING_DIFFERENCE,TIMING_DIFFERENCE
EXC_002813,LED_008144,LED,entry_date,1,0,0,0.9,0.5,,,,0,3.0,1,125770.3,,,,,,TIMING_DIFFERENCE,TIMING_DIFFERENCE
EXC_002815,LED_008163,LED,entry_date,1,0,0,0.8,0.5,,,,0,1.0,1,33338.54,,,,,,TIMING_DIFFERENCE,TIMING_DIFFERENCE
EXC_002818,LED_008174,LED,entry_date,1,0,0,0.9,0.5,,,,0,3.0,1,17584.71,,,,,,TIMING_DIFFERENCE,TIMING_DIFFERENCE
EXC_002820,LED_008178,LED,entry_date,1,0,0,0.9,0.5,,,,0,2.0,1,12288.52,,,,,,TIMING_DIFFERENCE,TIMING_DIFFERENCE
EXC_002821,LED_008180,LED,entry_date,1,0,0,0.8,0.2,,,,0,3.0,1,918.04,,,,,,TIMING_DIFFERENCE,TIMING_DIFFERENCE
EXC_002824,LED_008188,LED,entry_date,1,0,0,0.9,0.5,,,,0,1.0,1,66724.4,,,,,,TIMING_DIFFERENCE,TIMING_DIFFERENCE
EXC_002825,LED_008189,LED,entry_date,1,0,0,0.9,0.5,,,,0,1.0,1,13894.8,,,,,,TIMING_DIFFERENCE,TIMING_DIFFERENCE
EXC_002826,LED_008190,LED,entry_date,1,0,0,0.9,0.5,,,,0,2.0,1,13894.8,,,,,,TIMING_DIFFERENCE,TIMING_DIFFERENCE
EXC_002827,LED_008197,LED,entry_date,1,0,0,0.9,0.5,,,,0,1.0,1,3569.38,,,,,,TIMING_DIFFERENCE,TIMING_DIFFERENCE
EXC_002828,LED_008202,LED,entry_date,1,0,0,0.9,0.5,,,,0,1.0,1,2540.3,,,,,,TIMING_DIFFERENCE,TIMING_DIFFERENCE
EXC_002829,LED_008208,LED,entry_date,1,0,0,0.8,0.5,,,,0,3.0,1,5186.1,,,,,,TIMING_DIFFERENCE,TIMING_DIFFERENCE
EXC_002831,LED_008214,LED,entry_date,1,0,0,0.8,0.2,,,,0,1.0,1,2474.46,,,,,,TIMING_DIFFERENCE,TIMING_DIFFERENCE
EXC_002832,LED_008216,LED,entry_date,1,0,0,0.9,0.5,,,,0,1.0,1,45006.38,,,,,,TIMING_DIFFERENCE,TIMING_DIFFERENCE
EXC_002833,LED_008228,LED,entry_date,1,0,0,0.9,0.6666666666666666,,,,0,3.0,1,2614.82,,,,,,TIMING_DIFFERENCE,TIMING_DIFFERENCE
EXC_002834,LED_008231,LED,entry_date,1,0,0,0.9,0.6666666666666666,,,,0,2.0,1,86353.34,,,,,,TIMING_DIFFERENCE,TIMING_DIFFERENCE
EXC_002837,LED_008258,LED,entry_date,1,0,0,0.9,0.5,,,,0,1.0,1,2081.7,,,,,,TIMING_DIFFERENCE,TIMING_DIFFERENCE
EXC_002838,LED_008259,LED,entry_date,1,0,0,0.9,0.5,,,,0,1.0,1,61729.1,,,,,,TIMING_DIFFERENCE,TIMING_DIFFERENCE
EXC_002839,LED_008264,LED,entry_date,1,0,0,0.9,0.5,,,,0,3.0,1,13037.82,,,,,,TIMING_DIFFERENCE,TIMING_DIFFERENCE
EXC_002840,LED_008269,LED,entry_date,1,0,0,0.9,0.5,,,,0,1.0,1,4773.1,,,,,,TIMING_DIFFERENCE,TIMING_DIFFERENCE
EXC_002842,LED_008278,LED,entry_date,1,0,0,0.8,0.5,,,,0,1.0,1,644.63,,,,,,TIMING_DIFFERENCE,TIMING_DIFFERENCE
EXC_002843,LED_008285,LED,entry_date,1,0,0,0.9,0.5,,,,0,1.0,1,25799.52,,,,,,TIMING_DIFFERENCE,TIMING_DIFFERENCE
EXC_002845,LED_008290,LED,entry_date,1,0,0,0.9,0.5,,,,0,2.0,1,9362.59,,,,,,TIMING_DIFFERENCE,TIMING_DIFFERENCE
EXC_002846,LED_008296,LED,entry_date,1,0,0,0.9,0.5,,,,0,3.0,1,319.78,,,,,,TIMING_DIFFERENCE,TIMING_DIFFERENCE
EXC_002847,LED_008304,LED,entry_date,1,0,0,0.9,0.5,,,,0,3.0,1,50966.56,,,,,,TIMING_DIFFERENCE,TIMING_DIFFERENCE
EXC_002848,LED_008306,LED,entry_date,1,0,0,0.9,0.5,,,,0,2.0,1,50991.34,,,,,,TIMING_DIFFERENCE,TIMING_DIFFERENCE
EXC_002850,LED_008317,LED,entry_date,1,0,0,0.9,0.5,,,,0,3.0,1,1367.86,,,,,,TIMING_DIFFERENCE,TIMING_DIFFERENCE
EXC_002851,LED_008318,LED,entry_date,1,0,0,0.9,0.5,,,,0,1.0,1,1367.86,,,,,,TIMING_DIFFERENCE,TIMING_DIFFERENCE
EXC_002852,LED_008320,LED,entry_date,1,0,0,0.9,0.5,,,,0,3.0,1,6898.75,,,,,,TIMING_DIFFERENCE,TIMING_DIFFERENCE
EXC_002853,LED_008323,LED,entry_date,1,0,0,0.9,0.5,,,,0,1.0,1,89013.01,,,,,,TIMING_DIFFERENCE,TIMING_DIFFERENCE
EXC_002854,LED_008324,LED,entry_date,1,0,0,0.9,0.5,,,,0,1.0,1,89013.01,,,,,,TIMING_DIFFERENCE,TIMING_DIFFERENCE
EXC_002855,LED_008327,LED,entry_date,1,0,0,0.9,0.5,,,,0,2.0,1,65788.54,,,,,,TIMING_DIFFERENCE,TIMING_DIFFERENCE
EXC_002856,LED_008340,LED,entry_date,1,0,0,0.9,0.5,,,,0,2.0,1,68736.18,,,,,,TIMING_DIFFERENCE,TIMING_DIFFERENCE
EXC_002857,LED_008344,LED,entry_date,1,0,0,0.9,0.5,,,,0,3.0,1,3123.34,,,,,,TIMING_DIFFERENCE,TIMING_DIFFERENCE
EXC_002860,LED_008358,LED,entry_date,1,0,0,0.8,0.5,,,,0,3.0,1,44328.94,,,,,,TIMING_DIFFERENCE,TIMING_DIFFERENCE
EXC_002862,LED_008365,LED,entry_date,1,0,0,0.9,0.5,,,,0,3.0,1,53661.68,,,,,,TIMING_DIFFERENCE,TIMING_DIFFERENCE
EXC_002863,LED_008367,LED,entry_date,1,0,0,0.9,0.5,,,,0,1.0,1,3502.24,,,,,,TIMING_DIFFERENCE,TIMING_DIFFERENCE
EXC_002864,LED_008384,LED,entry_date,1,0,0,0.9,0.5,,,,0,2.0,1,9405.78,,,,,,TIMING_DIFFERENCE,TIMING_DIFFERENCE
EXC_002865,LED_008387,LED,entry_date,1,0,0,0.8,0.5,,,,0,3.0,1,21589.28,,,,,,TIMING_DIFFERENCE,TIMING_DIFFERENCE
EXC_002866,LED_008400,LED,entry_date,1,0,0,0.9,0.5,,,,0,3.0,1,20582.62,,,,,,TIMING_DIFFERENCE,TIMING_DIFFERENCE
EXC_002867,LED_008403,LED,entry_date,1,0,0,0.9,0.5,,,,0,1.0,1,13123.96,,,,,,TIMING_DIFFERENCE,TIMING_DIFFERENCE
EXC_002869,LED_008417,LED,entry_date,1,0,0,0.9,0.5,,,,0,1.0,1,8590.4,,,,,,TIMING_DIFFERENCE,TIMING_DIFFERENCE
EXC_002871,LED_008422,LED,entry_date,1,0,0,0.9,0.5,,,,0,2.0,1,20786.7,,,,,,TIMING_DIFFERENCE,TIMING_DIFFERENCE
EXC_002872,LED_008425,LED,entry_date,1,0,0,0.9,0.5,,,,0,2.0,1,17337.39,,,,,,TIMING_DIFFERENCE,TIMING_DIFFERENCE
EXC_002874,LED_008444,LED,entry_date,1,0,0,0.9,0.5,,,,0,2.0,1,2556.23,,,,,,TIMING_DIFFERENCE,TIMING_DIFFERENCE
EXC_002875,LED_008446,LED,entry_date,1,0,0,0.8,0.5,,,,0,1.0,1,1641.38,,,,,,TIMING_DIFFERENCE,TIMING_DIFFERENCE
EXC_002876,LED_008455,LED,entry_date,1,0,0,0.9,0.5,,,,0,2.0,1,60165.84,,,,,,TIMING_DIFFERENCE,TIMING_DIFFERENCE
EXC_002877,LED_008459,LED,entry_date,1,0,0,0.9,0.5,,,,0,3.0,1,408.28,,,,,,TIMING_DIFFERENCE,TIMING_DIFFERENCE
EXC_002878,LED_008464,LED,entry_date,1,0,0,0.9,0.5,,,,0,3.0,1,14280.42,,,,,,TIMING_DIFFERENCE,TIMING_DIFFERENCE
EXC_002879,LED_008468,LED,entry_date,1,0,0,0.8,0.5,,,,0,1.0,1,153455.7,,,,,,TIMING_DIFFERENCE,TIMING_DIFFERENCE
EXC_002883,LED_008484,LED,entry_date,1,0,0,0.9,0.6666666666666666,,,,0,1.0,1,44975.65,,,,,,TIMING_DIFFERENCE,TIMING_DIFFERENCE
EXC_002884,LED_008485,LED,entry_date,1,0,0,0.9,0.5,,,,0,3.0,1,10679.0,,,,,,TIMING_DIFFERENCE,TIMING_DIFFERENCE
EXC_002885,LED_008488,LED,entry_date,1,0,0,0.9,0.5,,,,0,1.0,1,74264.6,,,,,,TIMING_DIFFERENCE,TIMING_DIFFERENCE
EXC_002886,LED_008489,LED,entry_date,1,0,0,0.9,0.5,,,,0,1.0,1,9959.44,,,,,,TIMING_DIFFERENCE,TIMING_DIFFERENCE
EXC_002887,LED_008496,LED,entry_date,1,0,0,0.8,0.5,,,,0,2.0,1,26620.62,,,,,,TIMING_DIFFERENCE,TIMING_DIFFERENCE
EXC_002888,LED_008505,LED,entry_date,1,0,0,0.7,0.2,,,,0,3.0,1,54953.78,,,,,,TIMING_DIFFERENCE,TIMING_DIFFERENCE
EXC_002889,LED_008507,LED,entry_date,1,0,0,0.9,0.5,,,,0,1.0,1,60151.68,,,,,,TIMING_DIFFERENCE,TIMING_DIFFERENCE
EXC_002890,LED_008511,LED,entry_date,1,0,0,0.9,0.5,,,,0,1.0,1,7184.78,,,,,,TIMING_DIFFERENCE,TIMING_DIFFERENCE
EXC_002891,LED_008517,LED,entry_date,1,0,0,0.9,0.5,,,,0,1.0,1,3182.81,,,,,,TIMING_DIFFERENCE,TIMING_DIFFERENCE
EXC_002892,LED_008522,LED,entry_date,1,0,0,0.9,0.5,,,,0,3.0,1,9225.24,,,,,,TIMING_DIFFERENCE,TIMING_DIFFERENCE
EXC_002893,LED_008530,LED,entry_date,1,0,0,0.9,0.5,,,,0,1.0,1,560.68,,,,,,TIMING_DIFFERENCE,TIMING_DIFFERENCE
EXC_002894,LED_008539,LED,entry_date,1,0,0,0.9,0.5,,,,0,1.0,1,3773.64,,,,,,TIMING_DIFFERENCE,TIMING_DIFFERENCE
EXC_002895,LED_008541,LED,entry_date,1,0,0,0.9,0.5,,,,0,2.0,1,1207.14,,,,,,TIMING_DIFFERENCE,TIMING_DIFFERENCE
EXC_002898,LED_008555,LED,entry_date,1,0,0,0.8,0.5,,,,0,3.0,1,37918.95,,,,,,TIMING_DIFFERENCE,TIMING_DIFFERENCE
EXC_002901,LED_008565,LED,entry_date,1,0,0,0.8,0.2,,,,0,3.0,1,6274.3,,,,,,TIMING_DIFFERENCE,TIMING_DIFFERENCE
EXC_002902,LED_008570,LED,entry_date,1,0,0,0.9,0.5,,,,0,3.0,1,51805.42,,,,,,TIMING_DIFFERENCE,TIMING_DIFFERENCE
EXC_002903,LED_008573,LED,entry_date,1,0,0,0.9,0.5,,,,0,2.0,1,19358.14,,,,,,TIMING_DIFFERENCE,TIMING_DIFFERENCE
EXC_002904,LED_008577,LED,entry_date,1,0,0,0.9,0.6666666666666666,,,,0,1.0,1,27617.9,,,,,,TIMING_DIFFERENCE,TIMING_DIFFERENCE
EXC_002905,LED_008579,LED,entry_date,1,0,0,0.9,0.5,,,,0,1.0,1,13868.54,,,,,,TIMING_DIFFERENCE,TIMING_DIFFERENCE
EXC_002906,LED_008589,LED,entry_date,1,0,0,0.9,0.5,,,,0,2.0,1,74399.65,,,,,,TIMING_DIFFERENCE,TIMING_DIFFERENCE
EXC_002908,LED_008603,LED,entry_date,1,0,0,0.9,0.5,,,,0,2.0,1,62106.7,,,,,,TIMING_DIFFERENCE,TIMING_DIFFERENCE
EXC_002909,LED_008612,LED,entry_date,1,0,0,0.9,0.6666666666666666,,,,0,2.0,1,10257.15,,,,,,TIMING_DIFFERENCE,TIMING_DIFFERENCE
EXC_002910,LED_008614,LED,entry_date,1,0,0,0.9,0.5,,,,0,3.0,1,12938.7,,,,,,TIMING_DIFFERENCE,TIMING_DIFFERENCE
EXC_002911,LED_008616,LED,entry_date,1,0,0,0.9,0.5,,,,0,3.0,1,8637.6,,,,,,TIMING_DIFFERENCE,TIMING_DIFFERENCE
EXC_002913,LED_008640,LED,entry_date,1,0,0,0.9,0.5,,,,0,1.0,1,33168.62,,,,,,TIMING_DIFFERENCE,TIMING_DIFFERENCE
EXC_002915,LED_008660,LED,entry_date,1,0,0,0.9,0.5,,,,0,1.0,1,3412.21,,,,,,TIMING_DIFFERENCE,TIMING_DIFFERENCE
EXC_002916,LED_008663,LED,entry_date,1,0,0,0.9,0.5,,,,0,3.0,1,76992.88,,,,,,TIMING_DIFFERENCE,TIMING_DIFFERENCE
EXC_002917,LED_008664,LED,entry_date,1,0,0,0.9,0.5,,,,0,3.0,1,76992.88,,,,,,TIMING_DIFFERENCE,TIMING_DIFFERENCE
EXC_002919,LED_008668,LED,entry_date,1,0,0,0.9,0.5,,,,0,3.0,1,6872.2,,,,,,TIMING_DIFFERENCE,TIMING_DIFFERENCE
EXC_002920,LED_008677,LED,entry_date,1,0,0,0.9,0.5,,,,0,1.0,1,112340.72,,,,,,TIMING_DIFFERENCE,TIMING_DIFFERENCE
EXC_002921,LED_008681,LED,entry_date,1,0,0,0.9,0.5,,,,0,2.0,1,4475.27,,,,,,TIMING_DIFFERENCE,TIMING_DIFFERENCE
EXC_002922,LED_008685,LED,entry_date,1,0,0,0.9,0.5,,,,0,3.0,1,14247.32,,,,,,TIMING_DIFFERENCE,TIMING_DIFFERENCE
EXC_002923,LED_008693,LED,entry_date,1,0,0,0.9,0.5,,,,0,1.0,1,42247.54,,,,,,TIMING_DIFFERENCE,TIMING_DIFFERENCE
EXC_002924,LED_008695,LED,entry_date,1,0,0,0.9,0.5,,,,0,3.0,1,1799.5,,,,,,TIMING_DIFFERENCE,TIMING_DIFFERENCE
EXC_002925,LED_008696,LED,entry_date,1,0,0,0.9,0.5,,,,0,3.0,1,1799.5,,,,,,TIMING_DIFFERENCE,TIMING_DIFFERENCE
EXC_002926,LED_008697,LED,entry_date,1,0,0,0.8,0.2,,,,0,2.0,1,36309.19,,,,,,TIMING_DIFFERENCE,TIMING_DIFFERENCE
EXC_002927,LED_008698,LED,entry_date,1,0,0,0.8,0.2,,,,0,2.0,1,36309.19,,,,,,TIMING_DIFFERENCE,TIMING_DIFFERENCE
EXC_002928,LED_008699,LED,entry_date,1,0,0,0.9,0.6666666666666666,,,,0,1.0,1,7232.22,,,,,,TIMING_DIFFERENCE,TIMING_DIFFERENCE
EXC_002929,LED_008704,LED,entry_date,1,0,0,0.9,0.5,,,,0,1.0,1,13279.37,,,,,,TIMING_DIFFERENCE,TIMING_DIFFERENCE
EXC_002930,LED_008706,LED,entry_date,1,0,0,0.9,0.5,,,,0,2.0,1,3067.17,,,,,,TIMING_DIFFERENCE,TIMING_DIFFERENCE
EXC_002931,LED_008716,LED,entry_date,1,0,0,0.9,0.5,,,,0,1.0,1,1272.04,,,,,,TIMING_DIFFERENCE,TIMING_DIFFERENCE
EXC_002933,LED_008730,LED,entry_date,1,0,0,0.9,0.6666666666666666,,,,0,2.0,1,14384.2,,,,,,TIMING_DIFFERENCE,TIMING_DIFFERENCE
EXC_002934,LED_008732,LED,entry_date,1,0,0,0.9,0.6666666666666666,,,,0,2.0,1,807.12,,,,,,TIMING_DIFFERENCE,TIMING_DIFFERENCE
EXC_002935,LED_008736,LED,entry_date,1,0,0,0.9,0.6666666666666666,,,,0,1.0,1,109546.48,,,,,,TIMING_DIFFERENCE,TIMING_DIFFERENCE
EXC_002937,LED_008740,LED,entry_date,1,0,0,0.9,0.5,,,,0,3.0,1,34668.4,,,,,,TIMING_DIFFERENCE,TIMING_DIFFERENCE
EXC_002938,LED_008743,LED,entry_date,1,0,0,0.9,0.5,,,,0,1.0,1,3679.0,,,,,,TIMING_DIFFERENCE,TIMING_DIFFERENCE
EXC_002939,LED_008748,LED,entry_date,1,0,0,0.8,0.2,,,,0,2.0,1,16665.14,,,,,,TIMING_DIFFERENCE,TIMING_DIFFERENCE
EXC_002940,LED_008749,LED,entry_date,1,0,0,0.8,0.5,,,,0,2.0,1,58613.73,,,,,,TIMING_DIFFERENCE,TIMING_DIFFERENCE
EXC_002941,LED_008754,LED,entry_date,1,0,0,0.8,0.5,,,,0,3.0,1,8520.78,,,,,,TIMING_DIFFERENCE,TIMING_DIFFERENCE
EXC_002942,LED_008767,LED,entry_date,1,0,0,0.8,0.5,,,,0,1.0,1,19050.27,,,,,,TIMING_DIFFERENCE,TIMING_DIFFERENCE
EXC_002943,LED_008773,LED,entry_date,1,0,0,0.9,0.5,,,,0,2.0,1,1895.61,,,,,,TIMING_DIFFERENCE,TIMING_DIFFERENCE
EXC_002944,LED_008784,LED,entry_date,1,0,0,0.8,0.5,,,,0,2.0,1,12.4,,,,,,TIMING_DIFFERENCE,TIMING_DIFFERENCE
EXC_002945,LED_008791,LED,entry_date,1,0,0,0.9,0.5,,,,0,1.0,1,664.4,,,,,,TIMING_DIFFERENCE,TIMING_DIFFERENCE
EXC_002946,LED_008800,LED,entry_date,1,0,0,0.9,0.5,,,,0,2.0,1,78.68,,,,,,TIMING_DIFFERENCE,TIMING_DIFFERENCE
EXC_002947,LED_008803,LED,entry_date,1,0,0,0.9,0.5,,,,0,1.0,1,115.86,,,,,,TIMING_DIFFERENCE,TIMING_DIFFERENCE
EXC_002948,LED_008806,LED,entry_date,1,0,0,0.9,0.5,,,,0,3.0,1,1738.56,,,,,,TIMING_DIFFERENCE,TIMING_DIFFERENCE
EXC_002949,LED_008815,LED,entry_date,1,0,0,0.9,0.5,,,,0,1.0,1,75.84,,,,,,TIMING_DIFFERENCE,TIMING_DIFFERENCE
EXC_002950,LED_008829,LED,entry_date,1,0,0,0.9,0.5,,,,0,1.0,1,230.66,,,,,,TIMING_DIFFERENCE,TIMING_DIFFERENCE
EXC_002951,LED_008831,LED,entry_date,1,0,0,0.9,0.5,,,,0,3.0,1,627.66,,,,,,TIMING_DIFFERENCE,TIMING_DIFFERENCE
EXC_002952,LED_008838,LED,entry_date,1,0,0,0.9,0.5,,,,0,2.0,1,21.27,,,,,,TIMING_DIFFERENCE,TIMING_DIFFERENCE
EXC_002954,LED_008842,LED,entry_date,1,0,0,0.9,0.5,,,,0,1.0,1,49.27,,,,,,TIMING_DIFFERENCE,TIMING_DIFFERENCE
EXC_002955,LED_008848,LED,entry_date,1,0,0,0.8,0.2,,,,0,1.0,1,125.21,,,,,,TIMING_DIFFERENCE,TIMING_DIFFERENCE
EXC_002957,LED_008852,LED,entry_date,1,0,0,0.9,0.5,,,,0,1.0,1,98.15,,,,,,TIMING_DIFFERENCE,TIMING_DIFFERENCE
EXC_002958,LED_008857,LED,entry_date,1,0,0,0.9,0.5,,,,0,3.0,1,113.08,,,,,,TIMING_DIFFERENCE,TIMING_DIFFERENCE
EXC_002959,LED_008859,LED,entry_date,1,0,0,0.9,0.5,,,,0,1.0,1,74.87,,,,,,TIMING_DIFFERENCE,TIMING_DIFFERENCE
EXC_002960,LED_008871,LED,entry_date,1,0,0,0.9,0.5,,,,0,2.0,1,6.24,,,,,,TIMING_DIFFERENCE,TIMING_DIFFERENCE
EXC_002961,LED_008874,LED,entry_date,1,0,0,0.9,0.5,,,,0,2.0,1,7.73,,,,,,TIMING_DIFFERENCE,TIMING_DIFFERENCE
EXC_002962,LED_008878,LED,entry_date,1,0,0,0.9,0.5,,,,0,1.0,1,5.9,,,,,,TIMING_DIFFERENCE,TIMING_DIFFERENCE
EXC_002964,LED_008883,LED,entry_date,1,0,0,0.9,0.5,,,,0,1.0,1,230.58,,,,,,TIMING_DIFFERENCE,TIMING_DIFFERENCE
EXC_002965,LED_008884,LED,entry_date,1,0,0,0.9,0.5,,,,0,1.0,1,1511.56,,,,,,TIMING_DIFFERENCE,TIMING_DIFFERENCE
EXC_002966,LED_008888,LED,entry_date,1,0,0,0.9,0.5,,,,0,1.0,1,62.67,,,,,,TIMING_DIFFERENCE,TIMING_DIFFERENCE
EXC_002968,LED_008893,LED,entry_date,1,0,0,0.8,0.2,,,,0,1.0,1,2209.64,,,,,,TIMING_DIFFERENCE,TIMING_DIFFERENCE
EXC_002972,LED_008904,LED,entry_date,1,0,0,0.9,0.5,,,,0,3.0,1,14.55,,,,,,TIMING_DIFFERENCE,TIMING_DIFFERENCE
EXC_002973,LED_008906,LED,entry_date,1,0,0,0.9,0.5,,,,0,1.0,1,585.35,,,,,,TIMING_DIFFERENCE,TIMING_DIFFERENCE
EXC_002977,LED_008923,LED,entry_date,1,0,0,0.9,0.5,,,,0,2.0,1,328.05,,,,,,TIMING_DIFFERENCE,TIMING_DIFFERENCE
EXC_002978,LED_008925,LED,entry_date,1,0,0,0.9,0.6666666666666666,,,,0,1.0,1,61.06,,,,,,TIMING_DIFFERENCE,TIMING_DIFFERENCE
EXC_002979,LED_008930,LED,entry_date,1,0,0,0.8,0.2,,,,0,1.0,1,559.25,,,,,,TIMING_DIFFERENCE,TIMING_DIFFERENCE
EXC_002987,LED_008989,LED,entry_date,1,0,0,0.9,0.5,,,,0,3.0,1,176.41,,,,,,TIMING_DIFFERENCE,TIMING_DIFFERENCE
EXC_002988,LED_008990,LED,entry_date,1,0,0,0.9,0.5,,,,0,3.0,1,407.95,,,,,,TIMING_DIFFERENCE,TIMING_DIFFERENCE
EXC_002989,LED_008992,LED,entry_date,1,0,0,0.9,0.5,,,,0,2.0,1,481.38,,,,,,TIMING_DIFFERENCE,TIMING_DIFFERENCE
EXC_002991,LED_009002,LED,entry_date,1,0,0,0.9,0.5,,,,0,2.0,1,984.81,,,,,,TIMING_DIFFERENCE,TIMING_DIFFERENCE
EXC_002993,LED_009012,LED,entry_date,1,0,0,0.9,0.6666666666666666,,,,0,1.0,1,212.64,,,,,,TIMING_DIFFERENCE,TIMING_DIFFERENCE
EXC_002994,LED_009013,LED,entry_date,1,0,0,0.9,0.6666666666666666,,,,0,1.0,1,1393.97,,,,,,TIMING_DIFFERENCE,TIMING_DIFFERENCE
EXC_002996,LED_009019,LED,entry_date,1,0,0,0.9,0.5,,,,0,1.0,1,386.86,,,,,,TIMING_DIFFERENCE,TIMING_DIFFERENCE
EXC_002997,LED_009020,LED,entry_date,1,0,0,0.9,0.5,,,,0,1.0,1,411.66,,,,,,TIMING_DIFFERENCE,TIMING_DIFFERENCE
EXC_002998,LED_009029,LED,entry_date,1,0,0,0.9,0.5,,,,0,1.0,1,20.69,,,,,,TIMING_DIFFERENCE,TIMING_DIFFERENCE
EXC_002999,LED_009032,LED,entry_date,1,0,0,0.9,0.5,,,,0,2.0,1,354.73,,,,,,TIMING_DIFFERENCE,TIMING_DIFFERENCE
EXC_003003,LED_009053,LED,entry_date,1,0,0,0.9,0.5,,,,0,3.0,1,62.36,,,,,,TIMING_DIFFERENCE,TIMING_DIFFERENCE
EXC_003004,LED_009059,LED,entry_date,1,0,0,0.9,0.5,,,,0,3.0,1,49.61,,,,,,TIMING_DIFFERENCE,TIMING_DIFFERENCE
EXC_003005,LED_009062,LED,entry_date,1,0,0,0.9,0.5,,,,0,3.0,1,1252.88,,,,,,TIMING_DIFFERENCE,TIMING_DIFFERENCE
EXC_003006,LED_009074,LED,entry_date,1,0,0,0.9,0.5,,,,0,3.0,1,792.87,,,,,,TIMING_DIFFERENCE,TIMING_DIFFERENCE
EXC_003007,LED_009075,LED,entry_date,1,0,0,0.9,0.5,,,,0,1.0,1,142.72,,,,,,TIMING_DIFFERENCE,TIMING_DIFFERENCE
EXC_003008,LED_009079,LED,entry_date,1,0,0,0.9,0.5,,,,0,2.0,1,927.2,,,,,,TIMING_DIFFERENCE,TIMING_DIFFERENCE
EXC_003011,LED_009094,LED,entry_date,1,0,0,0.9,0.5,,,,0,1.0,1,31.39,,,,,,TIMING_DIFFERENCE,TIMING_DIFFERENCE
EXC_003012,LED_009100,LED,entry_date,1,0,0,0.9,0.6666666666666666,,,,0,1.0,1,2762.79,,,,,,TIMING_DIFFERENCE,TIMING_DIFFERENCE
EXC_003013,LED_009101,LED,entry_date,1,0,0,0.9,0.5,,,,0,3.0,1,176.39,,,,,,TIMING_DIFFERENCE,TIMING_DIFFERENCE
EXC_003014,LED_009111,LED,entry_date,1,0,0,0.9,0.5,,,,0,2.0,1,127.13,,,,,,TIMING_DIFFERENCE,TIMING_DIFFERENCE
EXC_003016,LED_009114,LED,entry_date,1,0,0,0.8,0.2,,,,0,3.0,1,162.54,,,,,,TIMING_DIFFERENCE,TIMING_DIFFERENCE
EXC_003017,LED_009125,LED,entry_date,1,0,0,0.9,0.5,,,,0,1.0,1,52.08,,,,,,TIMING_DIFFERENCE,TIMING_DIFFERENCE
EXC_003018,LED_009127,LED,entry_date,1,0,0,0.9,0.5,,,,0,1.0,1,61.45,,,,,,TIMING_DIFFERENCE,TIMING_DIFFERENCE
EXC_003020,LED_009129,LED,entry_date,1,0,0,0.9,0.5,,,,0,1.0,1,183.58,,,,,,TIMING_DIFFERENCE,TIMING_DIFFERENCE
EXC_003021,LED_009133,LED,entry_date,1,0,0,0.9,0.5,,,,0,1.0,1,2261.68,,,,,,TIMING_DIFFERENCE,TIMING_DIFFERENCE
EXC_003022,LED_009135,LED,entry_date,1,0,0,0.9,0.5,,,,0,1.0,1,10.2,,,,,,TIMING_DIFFERENCE,TIMING_DIFFERENCE
EXC_003023,LED_009137,LED,entry_date,1,0,0,0.9,0.5,,,,0,3.0,1,55.61,,,,,,TIMING_DIFFERENCE,TIMING_DIFFERENCE
EXC_003024,LED_009139,LED,entry_date,1,0,0,0.9,0.5,,,,0,2.0,1,65.62,,,,,,TIMING_DIFFERENCE,TIMING_DIFFERENCE
EXC_003026,LED_009156,LED,entry_date,1,0,0,0.9,0.5,,,,0,2.0,1,19.13,,,,,,TIMING_DIFFERENCE,TIMING_DIFFERENCE
EXC_003029,LED_009171,LED,entry_date,1,0,0,0.9,0.5,,,,0,3.0,1,195.9,,,,,,TIMING_DIFFERENCE,TIMING_DIFFERENCE
EXC_003030,LED_009182,LED,entry_date,1,0,0,0.9,0.5,,,,0,2.0,1,58.86,,,,,,TIMING_DIFFERENCE,TIMING_DIFFERENCE
EXC_003031,LED_009199,LED,entry_date,1,0,0,0.9,0.5,,,,0,3.0,1,1488.46,,,,,,TIMING_DIFFERENCE,TIMING_DIFFERENCE
EXC_003032,LED_009204,LED,entry_date,1,0,0,0.9,0.5,,,,0,2.0,1,336.84,,,,,,TIMING_DIFFERENCE,TIMING_DIFFERENCE
EXC_003033,LED_009211,LED,entry_date,1,0,0,0.9,0.5,,,,0,1.0,1,130.01,,,,,,TIMING_DIFFERENCE,TIMING_DIFFERENCE
EXC_003034,LED_009212,LED,entry_date,1,0,0,0.9,0.5,,,,0,2.0,1,1164.19,,,,,,TIMING_DIFFERENCE,TIMING_DIFFERENCE
EXC_003035,LED_009215,LED,entry_date,1,0,0,0.9,0.5,,,,0,3.0,1,15.82,,,,,,TIMING_DIFFERENCE,TIMING_DIFFERENCE
EXC_003036,LED_009217,LED,entry_date,1,0,0,0.9,0.5,,,,0,3.0,1,18.67,,,,,,TIMING_DIFFERENCE,TIMING_DIFFERENCE
EXC_003037,LED_009221,LED,entry_date,1,0,0,0.9,0.5,,,,0,1.0,1,35.6,,,,,,TIMING_DIFFERENCE,TIMING_DIFFERENCE
EXC_003039,LED_009236,LED,entry_date,1,0,0,0.9,0.5,,,,0,3.0,1,75.28,,,,,,TIMING_DIFFERENCE,TIMING_DIFFERENCE
EXC_003040,LED_009240,LED,entry_date,1,0,0,0.9,0.5,,,,0,2.0,1,4.96,,,,,,TIMING_DIFFERENCE,TIMING_DIFFERENCE
EXC_003041,LED_009244,LED,entry_date,1,0,0,0.9,0.5,,,,0,1.0,1,131.23,,,,,,TIMING_DIFFERENCE,TIMING_DIFFERENCE
EXC_003042,LED_009245,LED,entry_date,1,0,0,0.9,0.5,,,,0,2.0,1,484.99,,,,,,TIMING_DIFFERENCE,TIMING_DIFFERENCE
EXC_003043,LED_009250,LED,entry_date,1,0,0,0.9,0.5,,,,0,1.0,1,446.83,,,,,,TIMING_DIFFERENCE,TIMING_DIFFERENCE
EXC_003045,LED_009255,LED,entry_date,1,0,0,0.9,0.5,,,,0,1.0,1,128.79,,,,,,TIMING_DIFFERENCE,TIMING_DIFFERENCE
EXC_003046,LED_009258,LED,entry_date,1,0,0,0.9,0.6666666666666666,,,,0,1.0,1,11.13,,,,,,TIMING_DIFFERENCE,TIMING_DIFFERENCE
EXC_003047,LED_009264,LED,entry_date,1,0,0,0.9,0.5,,,,0,1.0,1,20.83,,,,,,TIMING_DIFFERENCE,TIMING_DIFFERENCE
EXC_003049,LED_009271,LED,entry_date,1,0,0,0.8,0.5,,,,0,3.0,1,23.53,,,,,,TIMING_DIFFERENCE,TIMING_DIFFERENCE
EXC_003053,LED_009294,LED,entry_date,1,0,0,0.9,0.5,,,,0,3.0,1,195.13,,,,,,TIMING_DIFFERENCE,TIMING_DIFFERENCE
EXC_003055,LED_009303,LED,entry_date,1,0,0,0.9,0.5,,,,0,1.0,1,35.9,,,,,,TIMING_DIFFERENCE,TIMING_DIFFERENCE
EXC_003056,LED_009310,LED,entry_date,1,0,0,0.8,0.5,,,,0,3.0,1,318.45,,,,,,TIMING_DIFFERENCE,TIMING_DIFFERENCE
EXC_003057,LED_009320,LED,entry_date,1,0,0,0.8,0.5,,,,0,3.0,1,909.36,,,,,,TIMING_DIFFERENCE,TIMING_DIFFERENCE
EXC_003058,LED_009323,LED,entry_date,1,0,0,0.9,0.5,,,,0,3.0,1,5.03,,,,,,TIMING_DIFFERENCE,TIMING_DIFFERENCE
EXC_003060,LED_009327,LED,entry_date,1,0,0,0.9,0.5,,,,0,3.0,1,3.19,,,,,,TIMING_DIFFERENCE,TIMING_DIFFERENCE
EXC_003061,LED_009330,LED,entry_date,1,0,0,0.9,0.5,,,,0,1.0,1,11.67,,,,,,TIMING_DIFFERENCE,TIMING_DIFFERENCE
EXC_003062,LED_009333,LED,entry_date,1,0,0,0.8,0.5,,,,0,2.0,1,9.52,,,,,,TIMING_DIFFERENCE,TIMING_DIFFERENCE
EXC_003063,LED_009346,LED,entry_date,1,0,0,0.9,0.5,,,,0,1.0,1,411.24,,,,,,TIMING_DIFFERENCE,TIMING_DIFFERENCE
EXC_003064,LED_009353,LED,entry_date,1,0,0,0.7,0.2,,,,0,3.0,1,152.7,,,,,,TIMING_DIFFERENCE,TIMING_DIFFERENCE
EXC_003067,LED_009358,LED,entry_date,1,0,0,0.9,0.5,,,,0,3.0,1,231.43,,,,,,TIMING_DIFFERENCE,TIMING_DIFFERENCE
EXC_003068,LED_009365,LED,entry_date,1,0,0,0.9,0.5,,,,0,3.0,1,651.49,,,,,,TIMING_DIFFERENCE,TIMING_DIFFERENCE
EXC_003069,LED_009366,LED,entry_date,1,0,0,0.9,0.5,,,,0,3.0,1,117.27,,,,,,TIMING_DIFFERENCE,TIMING_DIFFERENCE
EXC_003070,LED_009367,LED,entry_date,1,0,0,0.9,0.5,,,,0,1.0,1,768.76,,,,,,TIMING_DIFFERENCE,TIMING_DIFFERENCE
EXC_003071,LED_009369,LED,entry_date,1,0,0,0.9,0.5,,,,0,3.0,1,41.6,,,,,,TIMING_DIFFERENCE,TIMING_DIFFERENCE
EXC_003072,LED_009371,LED,entry_date,1,0,0,0.9,0.5,,,,0,2.0,1,1180.02,,,,,,TIMING_DIFFERENCE,TIMING_DIFFERENCE
EXC_003073,LED_009373,LED,entry_date,1,0,0,0.9,0.5,,,,0,2.0,1,1392.42,,,,,,TIMING_DIFFERENCE,TIMING_DIFFERENCE
EXC_003076,LED_009393,LED,entry_date,1,0,0,0.9,0.5,,,,0,1.0,1,258.74,,,,,,TIMING_DIFFERENCE,TIMING_DIFFERENCE
EXC_003077,LED_009399,LED,entry_date,1,0,0,0.9,0.5,,,,0,2.0,1,46.39,,,,,,TIMING_DIFFERENCE,TIMING_DIFFERENCE
EXC_003078,LED_009402,LED,entry_date,1,0,0,0.9,0.5,,,,0,3.0,1,285.42,,,,,,TIMING_DIFFERENCE,TIMING_DIFFERENCE
EXC_003079,LED_009410,LED,entry_date,1,0,0,0.9,0.5,,,,0,1.0,1,247.61,,,,,,TIMING_DIFFERENCE,TIMING_DIFFERENCE
EXC_003080,LED_009413,LED,entry_date,1,0,0,0.9,0.5,,,,0,2.0,1,2064.21,,,,,,TIMING_DIFFERENCE,TIMING_DIFFERENCE
EXC_003081,LED_009420,LED,entry_date,1,0,0,0.9,0.5,,,,0,2.0,1,21.58,,,,,,TIMING_DIFFERENCE,TIMING_DIFFERENCE
EXC_003082,LED_009421,LED,entry_date,1,0,0,0.9,0.5,,,,0,1.0,1,141.46,,,,,,TIMING_DIFFERENCE,TIMING_DIFFERENCE
EXC_003083,LED_009422,LED,entry_date,1,0,0,0.9,0.5,,,,0,1.0,1,28.87,,,,,,TIMING_DIFFERENCE,TIMING_DIFFERENCE
EXC_003084,LED_009435,LED,entry_date,1,0,0,0.9,0.5,,,,0,2.0,1,108.13,,,,,,TIMING_DIFFERENCE,TIMING_DIFFERENCE
EXC_003086,LED_009442,LED,entry_date,1,0,0,0.9,0.5,,,,0,2.0,1,44.95,,,,,,TIMING_DIFFERENCE,TIMING_DIFFERENCE
EXC_003087,LED_009447,LED,entry_date,1,0,0,0.9,0.5,,,,0,1.0,1,22.13,,,,,,TIMING_DIFFERENCE,TIMING_DIFFERENCE
EXC_003088,LED_009453,LED,entry_date,1,0,0,0.8,0.5,,,,0,3.0,1,22.2,,,,,,TIMING_DIFFERENCE,TIMING_DIFFERENCE
EXC_003090,LED_009463,LED,entry_date,1,0,0,0.9,0.5,,,,0,1.0,1,98.91,,,,,,TIMING_DIFFERENCE,TIMING_DIFFERENCE
EXC_003091,LED_009468,LED,entry_date,1,0,0,0.9,0.5,,,,0,2.0,1,44.25,,,,,,TIMING_DIFFERENCE,TIMING_DIFFERENCE
EXC_003095,LED_009485,LED,entry_date,1,0,0,0.9,0.5,,,,0,3.0,1,109.94,,,,,,TIMING_DIFFERENCE,TIMING_DIFFERENCE
EXC_003096,LED_009496,LED,entry_date,1,0,0,0.8,0.5,,,,0,1.0,1,276.91,,,,,,TIMING_DIFFERENCE,TIMING_DIFFERENCE
EXC_003099,LED_009507,LED,entry_date,1,0,0,0.9,0.5,,,,0,1.0,1,5.97,,,,,,TIMING_DIFFERENCE,TIMING_DIFFERENCE
EXC_003100,LED_009515,LED,entry_date,1,0,0,0.9,0.5,,,,0,1.0,1,422.61,,,,,,TIMING_DIFFERENCE,TIMING_DIFFERENCE
EXC_003103,LED_009525,LED,entry_date,1,0,0,0.9,0.5,,,,0,1.0,1,23.26,,,,,,TIMING_DIFFERENCE,TIMING_DIFFERENCE
EXC_003104,LED_009526,LED,entry_date,1,0,0,0.9,0.5,,,,0,3.0,1,152.5,,,,,,TIMING_DIFFERENCE,TIMING_DIFFERENCE
EXC_003106,LED_009535,LED,entry_date,1,0,0,0.9,0.5,,,,0,1.0,1,141.74,,,,,,TIMING_DIFFERENCE,TIMING_DIFFERENCE
EXC_003107,LED_009541,LED,entry_date,1,0,0,0.8,0.5,,,,0,2.0,1,222.03,,,,,,TIMING_DIFFERENCE,TIMING_DIFFERENCE
EXC_003108,LED_009543,LED,entry_date,1,0,0,0.8,0.2,,,,0,3.0,1,7.19,,,,,,TIMING_DIFFERENCE,TIMING_DIFFERENCE
EXC_003109,LED_009544,LED,entry_date,1,0,0,0.7,0.2,,,,0,2.0,1,47.14,,,,,,TIMING_DIFFERENCE,TIMING_DIFFERENCE
EXC_003110,LED_009562,LED,entry_date,1,0,0,0.9,0.5,,,,0,2.0,1,175.35,,,,,,TIMING_DIFFERENCE,TIMING_DIFFERENCE
EXC_003111,LED_009564,LED,entry_date,1,0,0,0.9,0.5,,,,0,3.0,1,219.56,,,,,,TIMING_DIFFERENCE,TIMING_DIFFERENCE
EXC_003113,LED_009570,LED,entry_date,1,0,0,0.9,0.5,,,,0,2.0,1,115.43,,,,,,TIMING_DIFFERENCE,TIMING_DIFFERENCE
EXC_003114,LED_009571,LED,entry_date,1,0,0,0.9,0.5,,,,0,1.0,1,756.71,,,,,,TIMING_DIFFERENCE,TIMING_DIFFERENCE
EXC_003115,LED_009573,LED,entry_date,1,0,0,0.9,0.5,,,,0,1.0,1,183.41,,,,,,TIMING_DIFFERENCE,TIMING_DIFFERENCE
EXC_003118,LED_009580,LED,entry_date,1,0,0,0.8,0.6666666666666666,,,,0,3.0,1,166.77,,,,,,TIMING_DIFFERENCE,TIMING_DIFFERENCE
EXC_003119,LED_009589,LED,entry_date,1,0,0,0.9,0.6666666666666666,,,,0,2.0,1,282.01,,,,,,TIMING_DIFFERENCE,TIMING_DIFFERENCE
EXC_003124,LED_009607,LED,entry_date,1,0,0,0.9,0.5,,,,0,1.0,1,11.21,,,,,,TIMING_DIFFERENCE,TIMING_DIFFERENCE
EXC_003125,LED_009610,LED,entry_date,1,0,0,0.9,0.5,,,,0,1.0,1,423.54,,,,,,TIMING_DIFFERENCE,TIMING_DIFFERENCE
EXC_003126,LED_009611,LED,entry_date,1,0,0,0.9,0.5,,,,0,1.0,1,522.53,,,,,,TIMING_DIFFERENCE,TIMING_DIFFERENCE
EXC_003128,LED_009617,LED,entry_date,1,0,0,0.9,0.5,,,,0,2.0,1,230.19,,,,,,TIMING_DIFFERENCE,TIMING_DIFFERENCE
EXC_003129,LED_009621,LED,entry_date,1,0,0,0.9,0.5,,,,0,3.0,1,45.54,,,,,,TIMING_DIFFERENCE,TIMING_DIFFERENCE
EXC_003130,LED_009627,LED,entry_date,1,0,0,0.9,0.5,,,,0,1.0,1,151.25,,,,,,TIMING_DIFFERENCE,TIMING_DIFFERENCE
EXC_003131,LED_009633,LED,entry_date,1,0,0,0.9,0.5,,,,0,2.0,1,282.48,,,,,,TIMING_DIFFERENCE,TIMING_DIFFERENCE
EXC_003132,LED_009638,LED,entry_date,1,0,0,0.9,0.5,,,,0,2.0,1,222.81,,,,,,TIMING_DIFFERENCE,TIMING_DIFFERENCE
EXC_003134,LED_009647,LED,entry_date,1,0,0,0.8,0.5,,,,0,2.0,1,2196.45,,,,,,TIMING_DIFFERENCE,TIMING_DIFFERENCE
EXC_003135,LED_009649,LED,entry_date,1,0,0,0.8,0.5,,,,0,2.0,1,2591.81,,,,,,TIMING_DIFFERENCE,TIMING_DIFFERENCE
EXC_003137,LED_009653,LED,entry_date,1,0,0,0.9,0.5,,,,0,3.0,1,134.75,,,,,,TIMING_DIFFERENCE,TIMING_DIFFERENCE
EXC_003138,LED_009654,LED,entry_date,1,0,0,0.8,0.5,,,,0,2.0,1,24.26,,,,,,TIMING_DIFFERENCE,TIMING_DIFFERENCE
EXC_003139,LED_009657,LED,entry_date,1,0,0,0.9,0.5,,,,0,1.0,1,87.16,,,,,,TIMING_DIFFERENCE,TIMING_DIFFERENCE
EXC_003140,LED_009659,LED,entry_date,1,0,0,0.9,0.5,,,,0,1.0,1,866.0,,,,,,TIMING_DIFFERENCE,TIMING_DIFFERENCE
EXC_003141,LED_009671,LED,entry_date,1,0,0,0.9,0.5,,,,0,3.0,1,728.34,,,,,,TIMING_DIFFERENCE,TIMING_DIFFERENCE
EXC_003142,LED_009672,LED,entry_date,1,0,0,0.9,0.5,,,,0,1.0,1,131.1,,,,,,TIMING_DIFFERENCE,TIMING_DIFFERENCE
EXC_003143,LED_009675,LED,entry_date,1,0,0,0.8,0.5,,,,0,3.0,1,8.9,,,,,,TIMING_DIFFERENCE,TIMING_DIFFERENCE
EXC_003148,LED_009700,LED,entry_date,1,0,0,0.9,0.5,,,,0,3.0,1,79.63,,,,,,TIMING_DIFFERENCE,TIMING_DIFFERENCE
EXC_003149,LED_009717,LED,entry_date,1,0,0,0.9,0.5,,,,0,1.0,1,1.63,,,,,,TIMING_DIFFERENCE,TIMING_DIFFERENCE
EXC_003150,LED_009722,LED,entry_date,1,0,0,0.9,0.5,,,,0,1.0,1,1039.77,,,,,,TIMING_DIFFERENCE,TIMING_DIFFERENCE
EXC_003153,LED_009766,LED,entry_date,1,0,0,0.8,0.5,,,,0,1.0,1,33.76,,,,,,TIMING_DIFFERENCE,TIMING_DIFFERENCE
EXC_003154,LED_009768,LED,entry_date,1,0,0,0.8,0.5,,,,0,1.0,1,113.2,,,,,,TIMING_DIFFERENCE,TIMING_DIFFERENCE
EXC_003157,LED_009790,LED,entry_date,1,0,0,0.9,0.5,,,,0,3.0,1,530.36,,,,,,TIMING_DIFFERENCE,TIMING_DIFFERENCE
EXC_003158,LED_009791,LED,entry_date,1,0,0,0.8,0.5,,,,0,3.0,1,28.33,,,,,,TIMING_DIFFERENCE,TIMING_DIFFERENCE
EXC_003160,LED_009797,LED,entry_date,1,0,0,0.9,0.5,,,,0,2.0,1,212.34,,,,,,TIMING_DIFFERENCE,TIMING_DIFFERENCE
EXC_003162,LED_009803,LED,entry_date,1,0,0,0.9,0.5,,,,0,2.0,1,48.25,,,,,,TIMING_DIFFERENCE,TIMING_DIFFERENCE
EXC_003163,LED_009808,LED,entry_date,1,0,0,0.9,0.5,,,,0,1.0,1,365.07,,,,,,TIMING_DIFFERENCE,TIMING_DIFFERENCE
EXC_003165,LED_009815,LED,entry_date,1,0,0,0.8,0.5,,,,0,1.0,1,88.8,,,,,,TIMING_DIFFERENCE,TIMING_DIFFERENCE
EXC_003166,LED_009818,LED,entry_date,1,0,0,0.9,0.5,,,,0,3.0,1,44.5,,,,,,TIMING_DIFFERENCE,TIMING_DIFFERENCE
EXC_003169,LED_009829,LED,entry_date,1,0,0,0.9,0.6666666666666666,,,,0,2.0,1,473.48,,,,,,TIMING_DIFFERENCE,TIMING_DIFFERENCE
EXC_003170,LED_009830,LED,entry_date,1,0,0,0.7,0.2,,,,0,3.0,1,85.01,,,,,,TIMING_DIFFERENCE,TIMING_DIFFERENCE
EXC_003171,LED_009836,LED,entry_date,1,0,0,0.9,0.5,,,,0,2.0,1,1553.71,,,,,,TIMING_DIFFERENCE,TIMING_DIFFERENCE
EXC_003172,LED_009838,LED,entry_date,1,0,0,0.9,0.5,,,,0,2.0,1,1833.38,,,,,,TIMING_DIFFERENCE,TIMING_DIFFERENCE
EXC_003174,LED_009848,LED,entry_date,1,0,0,0.9,0.5,,,,0,3.0,1,1382.97,,,,,,TIMING_DIFFERENCE,TIMING_DIFFERENCE
EXC_003177,LED_009858,LED,entry_date,1,0,0,0.9,0.5,,,,0,3.0,1,16.72,,,,,,TIMING_DIFFERENCE,TIMING_DIFFERENCE
EXC_003178,LED_009862,LED,entry_date,1,0,0,0.9,0.5,,,,0,3.0,1,26.75,,,,,,TIMING_DIFFERENCE,TIMING_DIFFERENCE
EXC_003179,LED_009866,LED,entry_date,1,0,0,0.9,0.5,,,,0,2.0,1,111.43,,,,,,TIMING_DIFFERENCE,TIMING_DIFFERENCE
EXC_003183,LED_009881,LED,entry_date,1,0,0,0.9,0.5,,,,0,3.0,1,125.21,,,,,,TIMING_DIFFERENCE,TIMING_DIFFERENCE
EXC_003185,LED_009911,LED,entry_date,1,0,0,0.8,0.6666666666666666,,,,0,3.0,1,199.83,,,,,,TIMING_DIFFERENCE,TIMING_DIFFERENCE
EXC_003186,LED_009912,LED,entry_date,1,0,0,0.8,0.6666666666666666,,,,0,3.0,1,35.97,,,,,,TIMING_DIFFERENCE,TIMING_DIFFERENCE
EXC_003187,LED_009916,LED,entry_date,1,0,0,0.9,0.5,,,,0,3.0,1,735.44,,,,,,TIMING_DIFFERENCE,TIMING_DIFFERENCE
EXC_003190,LED_009923,LED,entry_date,1,0,0,0.9,0.5,,,,0,2.0,1,1517.51,,,,,,TIMING_DIFFERENCE,TIMING_DIFFERENCE
EXC_003191,LED_009926,LED,entry_date,1,0,0,0.9,0.5,,,,0,1.0,1,158.5,,,,,,TIMING_DIFFERENCE,TIMING_DIFFERENCE
EXC_003192,LED_009932,LED,entry_date,1,0,0,0.9,0.5,,,,0,3.0,1,878.19,,,,,,TIMING_DIFFERENCE,TIMING_DIFFERENCE
EXC_003194,LED_009955,LED,entry_date,1,0,0,0.9,0.5,,,,0,1.0,1,1882.64,,,,,,TIMING_DIFFERENCE,TIMING_DIFFERENCE
EXC_003195,LED_009959,LED,entry_date,1,0,0,0.9,0.5,,,,0,2.0,1,114.81,,,,,,TIMING_DIFFERENCE,TIMING_DIFFERENCE
EXC_003196,LED_009960,LED,entry_date,1,0,0,0.9,0.5,,,,0,3.0,1,20.67,,,,,,TIMING_DIFFERENCE,TIMING_DIFFERENCE
EXC_003197,LED_009962,LED,entry_date,1,0,0,0.9,0.5,,,,0,3.0,1,406.15,,,,,,TIMING_DIFFERENCE,TIMING_DIFFERENCE
EXC_003198,LED_009963,LED,entry_date,1,0,0,0.9,0.5,,,,0,3.0,1,73.11,,,,,,TIMING_DIFFERENCE,TIMING_DIFFERENCE
EXC_003199,LED_009969,LED,entry_date,1,0,0,0.9,0.5,,,,0,3.0,1,16.16,,,,,,TIMING_DIFFERENCE,TIMING_DIFFERENCE
EXC_003201,LED_009972,LED,entry_date,1,0,0,0.9,0.5,,,,0,1.0,1,45.2,,,,,,TIMING_DIFFERENCE,TIMING_DIFFERENCE
EXC_003202,LED_009974,LED,entry_date,1,0,0,0.9,0.5,,,,0,2.0,1,382.4,,,,,,TIMING_DIFFERENCE,TIMING_DIFFERENCE
EXC_003205,LED_009978,LED,entry_date,1,0,0,0.9,0.5,,,,0,2.0,1,2.7,,,,,,TIMING_DIFFERENCE,TIMING_DIFFERENCE
EXC_003206,LED_009984,LED,entry_date,1,0,0,0.9,0.5,,,,0,3.0,1,44.44,,,,,,TIMING_DIFFERENCE,TIMING_DIFFERENCE
EXC_003207,LED_009988,LED,entry_date,1,0,0,0.9,0.5,,,,0,1.0,1,1146.32,,,,,,TIMING_DIFFERENCE,TIMING_DIFFERENCE
EXC_003209,LED_009996,LED,entry_date,1,0,0,0.9,0.5,,,,0,3.0,1,64.12,,,,,,TIMING_DIFFERENCE,TIMING_DIFFERENCE
EXC_003210,LED_009999,LED,entry_date,1,0,0,0.9,0.5,,,,0,3.0,1,6.44,,,,,,TIMING_DIFFERENCE,TIMING_DIFFERENCE
EXC_003211,LED_010000,LED,entry_date,1,0,0,0.9,0.5,,,,0,3.0,1,42.23,,,,,,TIMING_DIFFERENCE,TIMING_DIFFERENCE
EXC_003212,LED_010002,LED,entry_date,1,0,0,0.9,0.5,,,,0,3.0,1,7.96,,,,,,TIMING_DIFFERENCE,TIMING_DIFFERENCE
EXC_003213,LED_010011,LED,entry_date,1,0,0,0.9,0.5,,,,0,3.0,1,9.43,,,,,,TIMING_DIFFERENCE,TIMING_DIFFERENCE
EXC_003215,LED_010034,LED,entry_date,1,0,0,0.9,0.5,,,,0,2.0,1,40.53,,,,,,TIMING_DIFFERENCE,TIMING_DIFFERENCE
EXC_003217,LED_010036,LED,entry_date,1,0,0,0.9,0.5,,,,0,3.0,1,47.83,,,,,,TIMING_DIFFERENCE,TIMING_DIFFERENCE
EXC_003218,LED_010041,LED,entry_date,1,0,0,0.8,0.2,,,,0,3.0,1,226.55,,,,,,TIMING_DIFFERENCE,TIMING_DIFFERENCE
EXC_003219,LED_010043,LED,entry_date,1,0,0,0.9,0.5,,,,0,2.0,1,1053.29,,,,,,TIMING_DIFFERENCE,TIMING_DIFFERENCE
EXC_003220,LED_010044,LED,entry_date,1,0,0,0.9,0.5,,,,0,3.0,1,189.59,,,,,,TIMING_DIFFERENCE,TIMING_DIFFERENCE
EXC_003223,LED_010051,LED,entry_date,1,0,0,0.7,0.2,,,,0,3.0,1,144.87,,,,,,TIMING_DIFFERENCE,TIMING_DIFFERENCE
EXC_003224,LED_010059,LED,entry_date,1,0,0,0.9,0.5,,,,0,2.0,1,47.81,,,,,,TIMING_DIFFERENCE,TIMING_DIFFERENCE
EXC_003225,LED_010065,LED,entry_date,1,0,0,0.9,0.5,,,,0,2.0,1,12.49,,,,,,TIMING_DIFFERENCE,TIMING_DIFFERENCE
EXC_003226,LED_010067,LED,entry_date,1,0,0,0.9,0.5,,,,0,3.0,1,25.49,,,,,,TIMING_DIFFERENCE,TIMING_DIFFERENCE
EXC_003227,LED_010068,LED,entry_date,1,0,0,0.9,0.5,,,,0,1.0,1,4.59,,,,,,TIMING_DIFFERENCE,TIMING_DIFFERENCE
EXC_003228,LED_010087,LED,entry_date,1,0,0,0.9,0.5,,,,0,1.0,1,445.26,,,,,,TIMING_DIFFERENCE,TIMING_DIFFERENCE
EXC_003230,LED_010100,LED,entry_date,1,0,0,0.9,0.5,,,,0,3.0,1,112.78,,,,,,TIMING_DIFFERENCE,TIMING_DIFFERENCE
EXC_003232,LED_010106,LED,entry_date,1,0,0,0.9,0.5,,,,0,1.0,1,31.68,,,,,,TIMING_DIFFERENCE,TIMING_DIFFERENCE
EXC_003233,LED_010108,LED,entry_date,1,0,0,0.9,0.5,,,,0,1.0,1,37.38,,,,,,TIMING_DIFFERENCE,TIMING_DIFFERENCE
EXC_003234,LED_010119,LED,entry_date,1,0,0,0.9,0.5,,,,0,2.0,1,128.46,,,,,,TIMING_DIFFERENCE,TIMING_DIFFERENCE
EXC_003235,LED_010124,LED,entry_date,1,0,0,0.9,0.6666666666666666,,,,0,3.0,1,305.9,,,,,,TIMING_DIFFERENCE,TIMING_DIFFERENCE
EXC_003236,LED_010131,LED,entry_date,1,0,0,0.9,0.5,,,,0,1.0,1,64.19,,,,,,TIMING_DIFFERENCE,TIMING_DIFFERENCE
EXC_003238,LED_010138,LED,entry_date,1,0,0,0.9,0.6666666666666666,,,,0,3.0,1,187.57,,,,,,TIMING_DIFFERENCE,TIMING_DIFFERENCE
EXC_003239,LED_010144,LED,entry_date,1,0,0,0.9,0.5,,,,0,2.0,1,2360.0,,,,,,TIMING_DIFFERENCE,TIMING_DIFFERENCE
EXC_003240,LED_010145,LED,entry_date,1,0,0,0.9,0.5,,,,0,1.0,1,105.24,,,,,,TIMING_DIFFERENCE,TIMING_DIFFERENCE
EXC_003241,LED_010146,LED,entry_date,1,0,0,0.9,0.5,,,,0,3.0,1,18.94,,,,,,TIMING_DIFFERENCE,TIMING_DIFFERENCE
EXC_003242,LED_010148,LED,entry_date,1,0,0,0.8,0.2,,,,0,2.0,1,75.28,,,,,,TIMING_DIFFERENCE,TIMING_DIFFERENCE
EXC_003243,LED_010149,LED,entry_date,1,0,0,0.8,0.2,,,,0,3.0,1,13.55,,,,,,TIMING_DIFFERENCE,TIMING_DIFFERENCE
EXC_003244,LED_010151,LED,entry_date,1,0,0,0.9,0.5,,,,0,2.0,1,883.37,,,,,,TIMING_DIFFERENCE,TIMING_DIFFERENCE
EXC_003245,LED_010172,LED,entry_date,1,0,0,0.9,0.5,,,,0,1.0,1,209.14,,,,,,TIMING_DIFFERENCE,TIMING_DIFFERENCE
EXC_003246,LED_010174,LED,entry_date,1,0,0,0.9,0.5,,,,0,3.0,1,246.79,,,,,,TIMING_DIFFERENCE,TIMING_DIFFERENCE
EXC_003247,LED_010176,LED,entry_date,1,0,0,0.8,0.2,,,,0,3.0,1,19.64,,,,,,TIMING_DIFFERENCE,TIMING_DIFFERENCE
EXC_003248,LED_010178,LED,entry_date,1,0,0,0.9,0.6666666666666666,,,,0,1.0,1,102.56,,,,,,TIMING_DIFFERENCE,TIMING_DIFFERENCE
EXC_003249,LED_010181,LED,entry_date,1,0,0,0.9,0.5,,,,0,2.0,1,740.71,,,,,,TIMING_DIFFERENCE,TIMING_DIFFERENCE
EXC_003250,LED_010194,LED,entry_date,1,0,0,0.9,0.5,,,,0,3.0,1,6.45,,,,,,TIMING_DIFFERENCE,TIMING_DIFFERENCE
EXC_003251,LED_010196,LED,entry_date,1,0,0,0.9,0.6666666666666666,,,,0,1.0,1,2239.07,,,,,,TIMING_DIFFERENCE,TIMING_DIFFERENCE
EXC_003252,LED_010197,LED,entry_date,1,0,0,0.9,0.6666666666666666,,,,0,2.0,1,403.03,,,,,,TIMING_DIFFERENCE,TIMING_DIFFERENCE
EXC_003253,LED_010198,LED,entry_date,1,0,0,0.9,0.6666666666666666,,,,0,1.0,1,2642.1,,,,,,TIMING_DIFFERENCE,TIMING_DIFFERENCE
EXC_003254,LED_010199,LED,entry_date,1,0,0,0.8,0.5,,,,0,3.0,1,1249.53,,,,,,TIMING_DIFFERENCE,TIMING_DIFFERENCE
EXC_003255,LED_010207,LED,entry_date,1,0,0,0.9,0.6666666666666666,,,,0,1.0,1,31.26,,,,,,TIMING_DIFFERENCE,TIMING_DIFFERENCE
EXC_003256,LED_010211,LED,entry_date,1,0,0,0.8,0.2,,,,0,2.0,1,817.19,,,,,,TIMING_DIFFERENCE,TIMING_DIFFERENCE
EXC_003257,LED_010214,LED,entry_date,1,0,0,0.8,0.2,,,,0,3.0,1,277.97,,,,,,TIMING_DIFFERENCE,TIMING_DIFFERENCE
EXC_003259,LED_010226,LED,entry_date,1,0,0,0.8,0.5,,,,0,1.0,1,827.13,,,,,,TIMING_DIFFERENCE,TIMING_DIFFERENCE
EXC_003260,LED_010228,LED,entry_date,1,0,0,0.9,0.5,,,,0,2.0,1,976.01,,,,,,TIMING_DIFFERENCE,TIMING_DIFFERENCE
EXC_003261,LED_010229,LED,entry_date,1,0,0,0.9,0.5,,,,0,3.0,1,197.66,,,,,,TIMING_DIFFERENCE,TIMING_DIFFERENCE
EXC_003262,LED_010249,LED,entry_date,1,0,0,0.7,0.2,,,,0,2.0,1,52.4,,,,,,TIMING_DIFFERENCE,TIMING_DIFFERENCE
EXC_003263,LED_010251,LED,entry_date,1,0,0,0.9,0.5,,,,0,1.0,1,335.51,,,,,,TIMING_DIFFERENCE,TIMING_DIFFERENCE
EXC_003264,LED_010254,LED,entry_date,1,0,0,0.9,0.5,,,,0,1.0,1,238.03,,,,,,TIMING_DIFFERENCE,TIMING_DIFFERENCE
EXC_003265,LED_010257,LED,entry_date,1,0,0,0.9,0.5,,,,0,1.0,1,22.51,,,,,,TIMING_DIFFERENCE,TIMING_DIFFERENCE
EXC_003267,LED_010266,LED,entry_date,1,0,0,0.9,0.5,,,,0,2.0,1,11.72,,,,,,TIMING_DIFFERENCE,TIMING_DIFFERENCE
EXC_003268,LED_010274,LED,entry_date,1,0,0,0.9,0.5,,,,0,1.0,1,572.75,,,,,,TIMING_DIFFERENCE,TIMING_DIFFERENCE
EXC_003269,LED_010277,LED,entry_date,1,0,0,0.9,0.5,,,,0,3.0,1,81.63,,,,,,TIMING_DIFFERENCE,TIMING_DIFFERENCE
EXC_003270,LED_010280,LED,entry_date,1,0,0,0.8,0.2,,,,0,2.0,1,748.59,,,,,,TIMING_DIFFERENCE,TIMING_DIFFERENCE
EXC_003274,LED_010296,LED,entry_date,1,0,0,0.9,0.5,,,,0,2.0,1,76.49,,,,,,TIMING_DIFFERENCE,TIMING_DIFFERENCE
EXC_003276,LED_010307,LED,entry_date,1,0,0,0.9,0.5,,,,0,1.0,1,44.05,,,,,,TIMING_DIFFERENCE,TIMING_DIFFERENCE
EXC_003277,LED_010320,LED,entry_date,1,0,0,0.9,0.5,,,,0,3.0,1,94.2,,,,,,TIMING_DIFFERENCE,TIMING_DIFFERENCE
EXC_003279,LED_010326,LED,entry_date,1,0,0,0.9,0.5,,,,0,3.0,1,185.91,,,,,,TIMING_DIFFERENCE,TIMING_DIFFERENCE
EXC_003280,LED_010334,LED,entry_date,1,0,0,0.9,0.5,,,,0,2.0,1,381.59,,,,,,TIMING_DIFFERENCE,TIMING_DIFFERENCE
EXC_003282,LED_010344,LED,entry_date,1,0,0,0.9,0.5,,,,0,1.0,1,2.69,,,,,,TIMING_DIFFERENCE,TIMING_DIFFERENCE
EXC_003283,LED_010348,LED,entry_date,1,0,0,0.8,0.5,,,,0,2.0,1,86.45,,,,,,TIMING_DIFFERENCE,TIMING_DIFFERENCE
EXC_003284,LED_010354,LED,entry_date,1,0,0,0.9,0.5,,,,0,1.0,1,478.48,,,,,,TIMING_DIFFERENCE,TIMING_DIFFERENCE
EXC_003285,LED_010365,LED,entry_date,1,0,0,0.9,0.5,,,,0,2.0,1,261.58,,,,,,TIMING_DIFFERENCE,TIMING_DIFFERENCE
EXC_003289,LED_010377,LED,entry_date,1,0,0,0.9,0.5,,,,0,1.0,1,188.43,,,,,,TIMING_DIFFERENCE,TIMING_DIFFERENCE
EXC_003290,LED_010380,LED,entry_date,1,0,0,0.8,0.5,,,,0,2.0,1,32.37,,,,,,TIMING_DIFFERENCE,TIMING_DIFFERENCE
EXC_003291,LED_010389,LED,entry_date,1,0,0,0.8,0.5,,,,0,1.0,1,182.28,,,,,,TIMING_DIFFERENCE,TIMING_DIFFERENCE
EXC_003293,LED_010392,LED,entry_date,1,0,0,0.8,0.2,,,,0,3.0,1,32.88,,,,,,TIMING_DIFFERENCE,TIMING_DIFFERENCE
EXC_003294,LED_010400,LED,entry_date,1,0,0,0.9,0.5,,,,0,3.0,1,102.46,,,,,,TIMING_DIFFERENCE,TIMING_DIFFERENCE
EXC_003295,LED_010403,LED,entry_date,1,0,0,0.9,0.5,,,,0,1.0,1,26.91,,,,,,TIMING_DIFFERENCE,TIMING_DIFFERENCE
EXC_003297,LED_010407,LED,entry_date,1,0,0,0.9,0.5,,,,0,3.0,1,107.84,,,,,,TIMING_DIFFERENCE,TIMING_DIFFERENCE
EXC_003299,LED_010414,LED,entry_date,1,0,0,0.9,0.5,,,,0,1.0,1,718.02,,,,,,TIMING_DIFFERENCE,TIMING_DIFFERENCE
EXC_003300,LED_010416,LED,entry_date,1,0,0,0.9,0.5,,,,0,1.0,1,14.18,,,,,,TIMING_DIFFERENCE,TIMING_DIFFERENCE
EXC_003301,LED_010419,LED,entry_date,1,0,0,0.9,0.5,,,,0,2.0,1,110.43,,,,,,TIMING_DIFFERENCE,TIMING_DIFFERENCE
EXC_003302,LED_010423,LED,entry_date,1,0,0,0.9,0.5,,,,0,3.0,1,28.4,,,,,,TIMING_DIFFERENCE,TIMING_DIFFERENCE
EXC_003303,LED_010424,LED,entry_date,1,0,0,0.9,0.5,,,,0,1.0,1,109.42,,,,,,TIMING_DIFFERENCE,TIMING_DIFFERENCE
EXC_003304,LED_010425,LED,entry_date,1,0,0,0.9,0.5,,,,0,3.0,1,19.7,,,,,,TIMING_DIFFERENCE,TIMING_DIFFERENCE
EXC_003306,LED_010427,LED,entry_date,1,0,0,0.9,0.5,,,,0,2.0,1,96.59,,,,,,TIMING_DIFFERENCE,TIMING_DIFFERENCE
EXC_003308,LED_010437,LED,entry_date,1,0,0,0.9,0.5,,,,0,1.0,1,91.83,,,,,,TIMING_DIFFERENCE,TIMING_DIFFERENCE
EXC_003309,LED_010438,LED,entry_date,1,0,0,0.9,0.5,,,,0,2.0,1,601.97,,,,,,TIMING_DIFFERENCE,TIMING_DIFFERENCE
EXC_003310,LED_010447,LED,entry_date,1,0,0,0.7,0.2,,,,0,3.0,1,172.46,,,,,,TIMING_DIFFERENCE,TIMING_DIFFERENCE
EXC_003311,LED_010453,LED,entry_date,1,0,0,0.8,0.5,,,,0,3.0,1,2028.87,,,,,,TIMING_DIFFERENCE,TIMING_DIFFERENCE
EXC_003312,LED_010468,LED,entry_date,1,0,0,0.8,0.6666666666666666,,,,0,3.0,1,321.63,,,,,,TIMING_DIFFERENCE,TIMING_DIFFERENCE
EXC_003313,LED_010472,LED,entry_date,1,0,0,0.8,0.5,,,,0,1.0,1,2159.6,,,,,,TIMING_DIFFERENCE,TIMING_DIFFERENCE
EXC_003315,LED_010481,LED,entry_date,1,0,0,0.8,0.5,,,,0,2.0,1,12.46,,,,,,TIMING_DIFFERENCE,TIMING_DIFFERENCE
EXC_003316,LED_010483,LED,entry_date,1,0,0,0.9,0.5,,,,0,1.0,1,14.7,,,,,,TIMING_DIFFERENCE,TIMING_DIFFERENCE
EXC_003317,LED_010484,LED,entry_date,1,0,0,0.9,0.5,,,,0,3.0,1,465.33,,,,,,TIMING_DIFFERENCE,TIMING_DIFFERENCE
EXC_003318,LED_010485,LED,entry_date,1,0,0,0.9,0.5,,,,0,1.0,1,83.76,,,,,,TIMING_DIFFERENCE,TIMING_DIFFERENCE
EXC_003319,LED_010488,LED,entry_date,1,0,0,0.9,0.5,,,,0,1.0,1,487.18,,,,,,TIMING_DIFFERENCE,TIMING_DIFFERENCE
EXC_003320,LED_010490,LED,entry_date,1,0,0,0.9,0.5,,,,0,3.0,1,63.1,,,,,,TIMING_DIFFERENCE,TIMING_DIFFERENCE
EXC_003321,LED_010491,LED,entry_date,1,0,0,0.9,0.5,,,,0,1.0,1,11.36,,,,,,TIMING_DIFFERENCE,TIMING_DIFFERENCE
EXC_003323,LED_010501,LED,entry_date,1,0,0,0.9,0.5,,,,0,3.0,1,139.38,,,,,,TIMING_DIFFERENCE,TIMING_DIFFERENCE
EXC_003324,LED_010520,LED,entry_date,1,0,0,0.9,0.5,,,,0,1.0,1,155.14,,,,,,TIMING_DIFFERENCE,TIMING_DIFFERENCE
EXC_003325,LED_010536,LED,entry_date,1,0,0,0.9,0.5,,,,0,1.0,1,41.03,,,,,,TIMING_DIFFERENCE,TIMING_DIFFERENCE
EXC_003327,LED_010540,LED,entry_date,1,0,0,0.9,0.5,,,,0,2.0,1,14.23,,,,,,TIMING_DIFFERENCE,TIMING_DIFFERENCE
EXC_003329,LED_010546,LED,entry_date,1,0,0,0.9,0.5,,,,0,2.0,1,464.51,,,,,,TIMING_DIFFERENCE,TIMING_DIFFERENCE
EXC_003331,LED_010550,LED,entry_date,1,0,0,0.8,0.5,,,,0,2.0,1,12.06,,,,,,TIMING_DIFFERENCE,TIMING_DIFFERENCE
EXC_003332,LED_010562,LED,entry_date,1,0,0,0.9,0.5,,,,0,1.0,1,121.07,,,,,,TIMING_DIFFERENCE,TIMING_DIFFERENCE
EXC_003333,LED_010564,LED,entry_date,1,0,0,0.9,0.5,,,,0,2.0,1,142.86,,,,,,TIMING_DIFFERENCE,TIMING_DIFFERENCE
EXC_003334,LED_010566,LED,entry_date,1,0,0,0.8,0.2,,,,0,3.0,1,12.4,,,,,,TIMING_DIFFERENCE,TIMING_DIFFERENCE
EXC_003335,LED_010567,LED,entry_date,1,0,0,0.8,0.2,,,,0,3.0,1,81.31,,,,,,TIMING_DIFFERENCE,TIMING_DIFFERENCE
EXC_003336,LED_010569,LED,entry_date,1,0,0,0.9,0.5,,,,0,2.0,1,102.5,,,,,,TIMING_DIFFERENCE,TIMING_DIFFERENCE
EXC_003338,LED_010581,LED,entry_date,1,0,0,0.8,0.5,,,,0,2.0,1,164.72,,,,,,TIMING_DIFFERENCE,TIMING_DIFFERENCE
EXC_003339,LED_010587,LED,entry_date,1,0,0,0.8,0.5,,,,0,3.0,1,221.77,,,,,,TIMING_DIFFERENCE,TIMING_DIFFERENCE
EXC_003340,LED_010592,LED,entry_date,1,0,0,0.9,0.5,,,,0,3.0,1,755.19,,,,,,TIMING_DIFFERENCE,TIMING_DIFFERENCE
EXC_003341,LED_010594,LED,entry_date,1,0,0,0.9,0.5,,,,0,2.0,1,891.12,,,,,,TIMING_DIFFERENCE,TIMING_DIFFERENCE
EXC_003345,LED_010616,LED,entry_date,1,0,0,0.9,0.5,,,,0,2.0,1,159.18,,,,,,TIMING_DIFFERENCE,TIMING_DIFFERENCE
EXC_003346,LED_010617,LED,entry_date,1,0,0,0.9,0.5,,,,0,2.0,1,28.65,,,,,,TIMING_DIFFERENCE,TIMING_DIFFERENCE
EXC_003347,LED_010620,LED,entry_date,1,0,0,0.9,0.5,,,,0,2.0,1,51.94,,,,,,TIMING_DIFFERENCE,TIMING_DIFFERENCE
EXC_003349,LED_010623,LED,entry_date,1,0,0,0.9,0.5,,,,0,1.0,1,23.81,,,,,,TIMING_DIFFERENCE,TIMING_DIFFERENCE
EXC_003351,LED_010632,LED,entry_date,1,0,0,0.8,0.5,,,,0,2.0,1,176.67,,,,,,TIMING_DIFFERENCE,TIMING_DIFFERENCE
EXC_003352,LED_010636,LED,entry_date,1,0,0,0.9,0.5,,,,0,3.0,1,410.07,,,,,,TIMING_DIFFERENCE,TIMING_DIFFERENCE
EXC_003355,LED_010652,LED,entry_date,1,0,0,0.9,0.5,,,,0,2.0,1,635.22,,,,,,TIMING_DIFFERENCE,TIMING_DIFFERENCE
EXC_003356,LED_010654,LED,entry_date,1,0,0,0.9,0.5,,,,0,3.0,1,749.56,,,,,,TIMING_DIFFERENCE,TIMING_DIFFERENCE
EXC_003358,LED_010662,LED,entry_date,1,0,0,0.9,0.6666666666666666,,,,0,2.0,1,23.36,,,,,,TIMING_DIFFERENCE,TIMING_DIFFERENCE
EXC_003359,LED_010667,LED,entry_date,1,0,0,0.9,0.5,,,,0,1.0,1,84.73,,,,,,TIMING_DIFFERENCE,TIMING_DIFFERENCE
EXC_003361,LED_010677,LED,entry_date,1,0,0,0.9,0.5,,,,0,2.0,1,75.21,,,,,,TIMING_DIFFERENCE,TIMING_DIFFERENCE
EXC_003362,LED_010686,LED,entry_date,1,0,0,0.7,0.2,,,,0,3.0,1,17.76,,,,,,TIMING_DIFFERENCE,TIMING_DIFFERENCE
EXC_003364,LED_010691,LED,entry_date,1,0,0,0.9,0.5,,,,0,3.0,1,1026.27,,,,,,TIMING_DIFFERENCE,TIMING_DIFFERENCE
EXC_003365,LED_010692,LED,entry_date,1,0,0,0.9,0.5,,,,0,3.0,1,184.73,,,,,,TIMING_DIFFERENCE,TIMING_DIFFERENCE
EXC_003366,LED_010716,LED,entry_date,1,0,0,0.8,0.5,,,,0,3.0,1,2.27,,,,,,TIMING_DIFFERENCE,TIMING_DIFFERENCE
EXC_003367,LED_010720,LED,entry_date,1,0,0,0.9,0.5,,,,0,2.0,1,267.94,,,,,,TIMING_DIFFERENCE,TIMING_DIFFERENCE
EXC_003368,LED_010734,LED,entry_date,1,0,0,0.9,0.6666666666666666,,,,0,2.0,1,190.47,,,,,,TIMING_DIFFERENCE,TIMING_DIFFERENCE
EXC_003369,LED_010737,LED,entry_date,1,0,0,0.9,0.5,,,,0,3.0,1,11.45,,,,,,TIMING_DIFFERENCE,TIMING_DIFFERENCE
EXC_003372,LED_010754,LED,entry_date,1,0,0,0.9,0.5,,,,0,1.0,1,888.66,,,,,,TIMING_DIFFERENCE,TIMING_DIFFERENCE
EXC_003375,LED_010766,LED,entry_date,1,0,0,0.9,0.5,,,,0,3.0,1,135.25,,,,,,TIMING_DIFFERENCE,TIMING_DIFFERENCE
EXC_003376,LED_010768,LED,entry_date,1,0,0,0.9,0.5,,,,0,3.0,1,159.6,,,,,,TIMING_DIFFERENCE,TIMING_DIFFERENCE
EXC_003378,LED_010774,LED,entry_date,1,0,0,0.8,0.2,,,,0,3.0,1,833.52,,,,,,TIMING_DIFFERENCE,TIMING_DIFFERENCE
EXC_003379,LED_010778,LED,entry_date,1,0,0,0.9,0.5,,,,0,3.0,1,89.18,,,,,,TIMING_DIFFERENCE,TIMING_DIFFERENCE
EXC_003380,LED_010786,LED,entry_date,1,0,0,0.9,0.5,,,,0,1.0,1,81.27,,,,,,TIMING_DIFFERENCE,TIMING_DIFFERENCE
EXC_003381,LED_010790,LED,entry_date,1,0,0,0.9,0.5,,,,0,1.0,1,45.7,,,,,,TIMING_DIFFERENCE,TIMING_DIFFERENCE
EXC_003383,LED_010807,LED,entry_date,1,0,0,0.9,0.5,,,,0,1.0,1,15.79,,,,,,TIMING_DIFFERENCE,TIMING_DIFFERENCE
EXC_003384,LED_010808,LED,entry_date,1,0,0,0.9,0.5,,,,0,2.0,1,135.8,,,,,,TIMING_DIFFERENCE,TIMING_DIFFERENCE
EXC_003385,LED_010809,LED,entry_date,1,0,0,0.8,0.5,,,,0,1.0,1,24.44,,,,,,TIMING_DIFFERENCE,TIMING_DIFFERENCE
EXC_003386,LED_010814,LED,entry_date,1,0,0,0.9,0.5,,,,0,3.0,1,458.55,,,,,,TIMING_DIFFERENCE,TIMING_DIFFERENCE
EXC_003387,LED_010816,LED,entry_date,1,0,0,0.9,0.5,,,,0,2.0,1,541.09,,,,,,TIMING_DIFFERENCE,TIMING_DIFFERENCE
EXC_003388,LED_010817,LED,entry_date,1,0,0,0.9,0.5,,,,0,1.0,1,1067.55,,,,,,TIMING_DIFFERENCE,TIMING_DIFFERENCE
EXC_003390,LED_010831,LED,entry_date,1,0,0,0.9,0.5,,,,0,3.0,1,160.26,,,,,,TIMING_DIFFERENCE,TIMING_DIFFERENCE
EXC_003391,LED_010842,LED,entry_date,1,0,0,0.9,0.5,,,,0,1.0,1,83.82,,,,,,TIMING_DIFFERENCE,TIMING_DIFFERENCE
EXC_003392,LED_010850,LED,entry_date,1,0,0,0.8,0.5,,,,0,2.0,1,1814.38,,,,,,TIMING_DIFFERENCE,TIMING_DIFFERENCE
EXC_003393,LED_010853,LED,entry_date,1,0,0,0.9,0.5,,,,0,1.0,1,34.96,,,,,,TIMING_DIFFERENCE,TIMING_DIFFERENCE
EXC_003394,LED_010856,LED,entry_date,1,0,0,0.9,0.5,,,,0,3.0,1,258.85,,,,,,TIMING_DIFFERENCE,TIMING_DIFFERENCE
EXC_003395,LED_010859,LED,entry_date,1,0,0,0.8,0.2,,,,0,3.0,1,238.4,,,,,,TIMING_DIFFERENCE,TIMING_DIFFERENCE
EXC_003396,LED_010862,LED,entry_date,1,0,0,0.9,0.6666666666666666,,,,0,2.0,1,72.87,,,,,,TIMING_DIFFERENCE,TIMING_DIFFERENCE
EXC_003397,LED_010875,LED,entry_date,1,0,0,0.9,0.5,,,,0,1.0,1,8.94,,,,,,TIMING_DIFFERENCE,TIMING_DIFFERENCE
EXC_003398,LED_010884,LED,entry_date,1,0,0,0.9,0.5,,,,0,2.0,1,103.57,,,,,,TIMING_DIFFERENCE,TIMING_DIFFERENCE
EXC_003400,LED_010900,LED,entry_date,1,0,0,0.9,0.5,,,,0,2.0,1,905.89,,,,,,TIMING_DIFFERENCE,TIMING_DIFFERENCE
EXC_003402,LED_010905,LED,entry_date,1,0,0,0.8,0.2,,,,0,2.0,1,22.79,,,,,,TIMING_DIFFERENCE,TIMING_DIFFERENCE
EXC_003404,LED_010919,LED,entry_date,1,0,0,0.8,0.2,,,,0,3.0,1,37.9,,,,,,TIMING_DIFFERENCE,TIMING_DIFFERENCE
EXC_003405,LED_010920,LED,entry_date,1,0,0,0.8,0.2,,,,0,3.0,1,6.82,,,,,,TIMING_DIFFERENCE,TIMING_DIFFERENCE
EXC_003406,LED_010925,LED,entry_date,1,0,0,0.9,0.6666666666666666,,,,0,1.0,1,1056.66,,,,,,TIMING_DIFFERENCE,TIMING_DIFFERENCE
EXC_003407,LED_010932,LED,entry_date,1,0,0,0.9,0.5,,,,0,1.0,1,7.49,,,,,,TIMING_DIFFERENCE,TIMING_DIFFERENCE
EXC_003408,LED_010939,LED,entry_date,1,0,0,0.9,0.5,,,,0,1.0,1,84.19,,,,,,TIMING_DIFFERENCE,TIMING_DIFFERENCE
EXC_003409,LED_010941,LED,entry_date,1,0,0,0.9,0.5,,,,0,1.0,1,9.12,,,,,,TIMING_DIFFERENCE,TIMING_DIFFERENCE
EXC_003410,LED_010943,LED,entry_date,1,0,0,0.9,0.5,,,,0,1.0,1,664.19,,,,,,TIMING_DIFFERENCE,TIMING_DIFFERENCE
EXC_003411,LED_010951,LED,entry_date,1,0,0,0.9,0.6666666666666666,,,,0,1.0,1,190.3,,,,,,TIMING_DIFFERENCE,TIMING_DIFFERENCE
EXC_003414,LED_010969,LED,entry_date,1,0,0,0.7,0.2,,,,0,2.0,1,1182.7,,,,,,TIMING_DIFFERENCE,TIMING_DIFFERENCE
EXC_003415,LED_010971,LED,entry_date,1,0,0,0.9,0.5,,,,0,3.0,1,194.53,,,,,,TIMING_DIFFERENCE,TIMING_DIFFERENCE
EXC_003417,LED_010982,LED,entry_date,1,0,0,0.9,0.5,,,,0,2.0,1,114.48,,,,,,TIMING_DIFFERENCE,TIMING_DIFFERENCE
EXC_003418,LED_010983,LED,entry_date,1,0,0,0.9,0.5,,,,0,1.0,1,20.61,,,,,,TIMING_DIFFERENCE,TIMING_DIFFERENCE
EXC_003419,LED_010991,LED,entry_date,1,0,0,0.9,0.5,,,,0,1.0,1,58.16,,,,,,TIMING_DIFFERENCE,TIMING_DIFFERENCE
EXC_003420,LED_011004,LED,entry_date,1,0,0,0.9,0.6666666666666666,,,,0,3.0,1,406.79,,,,,,TIMING_DIFFERENCE,TIMING_DIFFERENCE
EXC_003421,LED_011011,LED,entry_date,1,0,0,0.9,0.5,,,,0,2.0,1,90.28,,,,,,TIMING_DIFFERENCE,TIMING_DIFFERENCE
EXC_003423,LED_011022,LED,entry_date,1,0,0,0.9,0.5,,,,0,2.0,1,110.24,,,,,,TIMING_DIFFERENCE,TIMING_DIFFERENCE
EXC_003425,LED_011028,LED,entry_date,1,0,0,0.9,0.5,,,,0,3.0,1,5.54,,,,,,TIMING_DIFFERENCE,TIMING_DIFFERENCE
EXC_003426,LED_011031,LED,entry_date,1,0,0,0.9,0.5,,,,0,2.0,1,92.62,,,,,,TIMING_DIFFERENCE,TIMING_DIFFERENCE
EXC_003427,LED_011038,LED,entry_date,1,0,0,0.9,0.5,,,,0,2.0,1,25.69,,,,,,TIMING_DIFFERENCE,TIMING_DIFFERENCE
EXC_003428,LED_011041,LED,entry_date,1,0,0,0.9,0.5,,,,0,3.0,1,276.51,,,,,,TIMING_DIFFERENCE,TIMING_DIFFERENCE
EXC_003429,LED_011046,LED,entry_date,1,0,0,0.9,0.5,,,,0,1.0,1,28.82,,,,,,TIMING_DIFFERENCE,TIMING_DIFFERENCE
EXC_003430,LED_011057,LED,entry_date,1,0,0,0.9,0.5,,,,0,2.0,1,563.99,,,,,,TIMING_DIFFERENCE,TIMING_DIFFERENCE
EXC_003431,LED_011066,LED,entry_date,1,0,0,0.9,0.5,,,,0,2.0,1,33.09,,,,,,TIMING_DIFFERENCE,TIMING_DIFFERENCE
EXC_003432,LED_011068,LED,entry_date,1,0,0,0.9,0.5,,,,0,1.0,1,39.05,,,,,,TIMING_DIFFERENCE,TIMING_DIFFERENCE
EXC_003433,LED_011082,LED,entry_date,1,0,0,0.9,0.5,,,,0,3.0,1,8.02,,,,,,TIMING_DIFFERENCE,TIMING_DIFFERENCE
EXC_003436,LED_011104,LED,entry_date,1,0,0,0.9,0.5,,,,0,2.0,1,25.17,,,,,,TIMING_DIFFERENCE,TIMING_DIFFERENCE
EXC_003438,LED_011115,LED,entry_date,1,0,0,0.9,0.5,,,,0,3.0,1,23.91,,,,,,TIMING_DIFFERENCE,TIMING_DIFFERENCE
EXC_003439,LED_011122,LED,entry_date,1,0,0,0.9,0.5,,,,0,3.0,1,330.06,,,,,,TIMING_DIFFERENCE,TIMING_DIFFERENCE
EXC_003441,LED_011126,LED,entry_date,1,0,0,0.9,0.5,,,,0,1.0,1,89.52,,,,,,TIMING_DIFFERENCE,TIMING_DIFFERENCE
EXC_003444,LED_011149,LED,entry_date,1,0,0,0.9,0.5,,,,0,2.0,1,1785.0,,,,,,TIMING_DIFFERENCE,TIMING_DIFFERENCE
EXC_003445,LED_011155,LED,entry_date,1,0,0,0.9,0.5,,,,0,3.0,1,75.17,,,,,,TIMING_DIFFERENCE,TIMING_DIFFERENCE
EXC_003446,LED_011160,LED,entry_date,1,0,0,0.8,0.5,,,,0,2.0,1,2.94,,,,,,TIMING_DIFFERENCE,TIMING_DIFFERENCE
EXC_003447,LED_011166,LED,entry_date,1,0,0,0.9,0.5,,,,0,3.0,1,9.64,,,,,,TIMING_DIFFERENCE,TIMING_DIFFERENCE
EXC_003448,LED_011167,LED,entry_date,1,0,0,0.9,0.5,,,,0,1.0,1,63.18,,,,,,TIMING_DIFFERENCE,TIMING_DIFFERENCE
EXC_003449,LED_011169,LED,entry_date,1,0,0,0.9,0.5,,,,0,2.0,1,474.12,,,,,,TIMING_DIFFERENCE,TIMING_DIFFERENCE
EXC_003450,LED_011172,LED,entry_date,1,0,0,0.8,0.5,,,,0,2.0,1,8.23,,,,,,TIMING_DIFFERENCE,TIMING_DIFFERENCE
EXC_003451,LED_011174,LED,entry_date,1,0,0,0.9,0.5,,,,0,1.0,1,54.72,,,,,,TIMING_DIFFERENCE,TIMING_DIFFERENCE
EXC_003453,LED_011179,LED,entry_date,1,0,0,0.9,0.5,,,,0,2.0,1,120.45,,,,,,TIMING_DIFFERENCE,TIMING_DIFFERENCE
EXC_003454,LED_011180,LED,entry_date,1,0,0,0.8,0.5,,,,0,2.0,1,77.79,,,,,,TIMING_DIFFERENCE,TIMING_DIFFERENCE
EXC_003455,LED_011184,LED,entry_date,1,0,0,0.9,0.5,,,,0,1.0,1,152.85,,,,,,TIMING_DIFFERENCE,TIMING_DIFFERENCE
EXC_003456,LED_011188,LED,entry_date,1,0,0,0.9,0.5,,,,0,1.0,1,955.93,,,,,,TIMING_DIFFERENCE,TIMING_DIFFERENCE
EXC_003457,LED_011189,LED,entry_date,1,0,0,0.7,0.2,,,,0,3.0,1,908.96,,,,,,TIMING_DIFFERENCE,TIMING_DIFFERENCE
EXC_003458,LED_011190,LED,entry_date,1,0,0,0.8,0.5,,,,0,1.0,1,163.61,,,,,,TIMING_DIFFERENCE,TIMING_DIFFERENCE
EXC_003459,LED_011194,LED,entry_date,1,0,0,0.8,0.5,,,,0,1.0,1,94.99,,,,,,TIMING_DIFFERENCE,TIMING_DIFFERENCE
EXC_003461,LED_011201,LED,entry_date,1,0,0,0.9,0.5,,,,0,1.0,1,26.14,,,,,,TIMING_DIFFERENCE,TIMING_DIFFERENCE
EXC_003462,LED_011205,LED,entry_date,1,0,0,0.9,0.5,,,,0,3.0,1,233.15,,,,,,TIMING_DIFFERENCE,TIMING_DIFFERENCE
EXC_003465,LED_011212,LED,entry_date,1,0,0,0.9,0.5,,,,0,1.0,1,132.48,,,,,,TIMING_DIFFERENCE,TIMING_DIFFERENCE
EXC_003466,LED_011213,LED,entry_date,1,0,0,0.9,0.5,,,,0,2.0,1,1176.61,,,,,,TIMING_DIFFERENCE,TIMING_DIFFERENCE
EXC_003467,LED_011220,LED,entry_date,1,0,0,0.9,0.5,,,,0,3.0,1,28.32,,,,,,TIMING_DIFFERENCE,TIMING_DIFFERENCE
EXC_003468,LED_011221,LED,entry_date,1,0,0,0.9,0.5,,,,0,1.0,1,185.65,,,,,,TIMING_DIFFERENCE,TIMING_DIFFERENCE
EXC_003469,LED_011222,LED,entry_date,1,0,0,0.9,0.5,,,,0,2.0,1,38.02,,,,,,TIMING_DIFFERENCE,TIMING_DIFFERENCE
EXC_003470,LED_011223,LED,entry_date,1,0,0,0.9,0.5,,,,0,1.0,1,6.84,,,,,,TIMING_DIFFERENCE,TIMING_DIFFERENCE
EXC_003471,LED_011227,LED,entry_date,1,0,0,0.9,0.5,,,,0,2.0,1,1252.2,,,,,,TIMING_DIFFERENCE,TIMING_DIFFERENCE
EXC_003472,LED_011231,LED,entry_date,1,0,0,0.9,0.5,,,,0,1.0,1,1111.12,,,,,,TIMING_DIFFERENCE,TIMING_DIFFERENCE
EXC_003473,LED_011233,LED,entry_date,1,0,0,0.9,0.5,,,,0,1.0,1,1311.12,,,,,,TIMING_DIFFERENCE,TIMING_DIFFERENCE
EXC_003474,LED_011236,LED,entry_date,1,0,0,0.9,0.5,,,,0,1.0,1,157.91,,,,,,TIMING_DIFFERENCE,TIMING_DIFFERENCE
EXC_003475,LED_011238,LED,entry_date,1,0,0,0.9,0.5,,,,0,1.0,1,160.48,,,,,,TIMING_DIFFERENCE,TIMING_DIFFERENCE
EXC_003477,LED_011247,LED,entry_date,1,0,0,0.9,0.5,,,,0,2.0,1,20.44,,,,,,TIMING_DIFFERENCE,TIMING_DIFFERENCE
EXC_003478,LED_011248,LED,entry_date,1,0,0,0.9,0.5,,,,0,1.0,1,133.99,,,,,,TIMING_DIFFERENCE,TIMING_DIFFERENCE
EXC_003479,LED_011250,LED,entry_date,1,0,0,0.9,0.5,,,,0,2.0,1,69.66,,,,,,TIMING_DIFFERENCE,TIMING_DIFFERENCE
EXC_003480,LED_011254,LED,entry_date,1,0,0,0.9,0.5,,,,0,1.0,1,165.72,,,,,,TIMING_DIFFERENCE,TIMING_DIFFERENCE
EXC_003481,LED_011260,LED,entry_date,1,0,0,0.7,0.2,,,,0,3.0,1,58.37,,,,,,TIMING_DIFFERENCE,TIMING_DIFFERENCE
EXC_003483,LED_011280,LED,entry_date,1,0,0,0.9,0.5,,,,0,2.0,1,213.15,,,,,,TIMING_DIFFERENCE,TIMING_DIFFERENCE
EXC_003485,LED_011290,LED,entry_date,1,0,0,0.9,0.5,,,,0,2.0,1,469.96,,,,,,TIMING_DIFFERENCE,TIMING_DIFFERENCE
EXC_003487,LED_011313,LED,entry_date,1,0,0,0.9,0.5,,,,0,3.0,1,183.28,,,,,,TIMING_DIFFERENCE,TIMING_DIFFERENCE
EXC_003488,LED_011317,LED,entry_date,1,0,0,0.9,0.5,,,,0,2.0,1,221.98,,,,,,TIMING_DIFFERENCE,TIMING_DIFFERENCE
EXC_003489,LED_011319,LED,entry_date,1,0,0,0.9,0.5,,,,0,3.0,1,152.17,,,,,,TIMING_DIFFERENCE,TIMING_DIFFERENCE
EXC_003490,LED_011322,LED,entry_date,1,0,0,0.8,0.5,,,,0,2.0,1,69.95,,,,,,TIMING_DIFFERENCE,TIMING_DIFFERENCE
EXC_003491,LED_011330,LED,entry_date,1,0,0,0.9,0.5,,,,0,2.0,1,788.95,,,,,,TIMING_DIFFERENCE,TIMING_DIFFERENCE
EXC_003492,LED_011332,LED,entry_date,1,0,0,0.9,0.5,,,,0,3.0,1,930.96,,,,,,TIMING_DIFFERENCE,TIMING_DIFFERENCE
EXC_003493,LED_011338,LED,entry_date,1,0,0,0.9,0.5,,,,0,2.0,1,1340.68,,,,,,TIMING_DIFFERENCE,TIMING_DIFFERENCE
EXC_003496,LED_011349,LED,entry_date,1,0,0,0.9,0.5,,,,0,1.0,1,27.83,,,,,,TIMING_DIFFERENCE,TIMING_DIFFERENCE
EXC_003499,LED_011360,LED,entry_date,1,0,0,0.9,0.5,,,,0,2.0,1,379.04,,,,,,TIMING_DIFFERENCE,TIMING_DIFFERENCE
EXC_003500,LED_011364,LED,entry_date,1,0,0,0.7,0.2,,,,0,2.0,1,96.24,,,,,,TIMING_DIFFERENCE,TIMING_DIFFERENCE
EXC_003502,LED_011395,LED,entry_date,1,0,0,0.9,0.6666666666666666,,,,0,1.0,1,796.06,,,,,,TIMING_DIFFERENCE,TIMING_DIFFERENCE
EXC_003503,LED_011396,LED,entry_date,1,0,0,0.9,0.5,,,,0,1.0,1,192.22,,,,,,TIMING_DIFFERENCE,TIMING_DIFFERENCE
EXC_003506,LED_011416,LED,entry_date,1,0,0,0.9,0.5,,,,0,1.0,1,458.11,,,,,,TIMING_DIFFERENCE,TIMING_DIFFERENCE
EXC_003508,LED_011421,LED,entry_date,1,0,0,0.9,0.5,,,,0,1.0,1,10.31,,,,,,TIMING_DIFFERENCE,TIMING_DIFFERENCE
EXC_003509,LED_011426,LED,entry_date,1,0,0,0.9,0.5,,,,0,1.0,1,106.48,,,,,,TIMING_DIFFERENCE,TIMING_DIFFERENCE
EXC_003511,LED_011435,LED,entry_date,1,0,0,0.8,0.5,,,,0,3.0,1,21.73,,,,,,TIMING_DIFFERENCE,TIMING_DIFFERENCE
EXC_003513,LED_011446,LED,entry_date,1,0,0,0.9,0.5,,,,0,1.0,1,805.4,,,,,,TIMING_DIFFERENCE,TIMING_DIFFERENCE
EXC_003515,LED_011456,LED,entry_date,1,0,0,0.7,0.2,,,,0,2.0,1,987.09,,,,,,TIMING_DIFFERENCE,TIMING_DIFFERENCE
EXC_003517,LED_011458,LED,entry_date,1,0,0,0.8,0.2,,,,0,1.0,1,1164.77,,,,,,TIMING_DIFFERENCE,TIMING_DIFFERENCE
EXC_003520,LED_011470,LED,entry_date,1,0,0,0.9,0.5,,,,0,2.0,1,754.13,,,,,,TIMING_DIFFERENCE,TIMING_DIFFERENCE
EXC_003521,LED_011479,LED,entry_date,1,0,0,0.9,0.5,,,,0,2.0,1,1240.03,,,,,,TIMING_DIFFERENCE,TIMING_DIFFERENCE
EXC_003522,LED_011481,LED,entry_date,1,0,0,0.9,0.5,,,,0,1.0,1,188.88,,,,,,TIMING_DIFFERENCE,TIMING_DIFFERENCE
EXC_003525,LED_011490,LED,entry_date,1,0,0,0.7,0.2,,,,0,3.0,1,113.34,,,,,,TIMING_DIFFERENCE,TIMING_DIFFERENCE
EXC_003526,LED_011491,LED,entry_date,1,0,0,0.8,0.5,,,,0,2.0,1,743.03,,,,,,TIMING_DIFFERENCE,TIMING_DIFFERENCE
EXC_003528,LED_011498,LED,entry_date,1,0,0,0.8,0.6666666666666666,,,,0,3.0,1,181.43,,,,,,TIMING_DIFFERENCE,TIMING_DIFFERENCE
EXC_003529,LED_011515,LED,entry_date,1,0,0,0.9,0.5,,,,0,3.0,1,310.86,,,,,,TIMING_DIFFERENCE,TIMING_DIFFERENCE
EXC_003530,LED_011527,LED,entry_date,1,0,0,0.9,0.5,,,,0,2.0,1,227.06,,,,,,TIMING_DIFFERENCE,TIMING_DIFFERENCE
EXC_003531,LED_011528,LED,entry_date,1,0,0,0.9,0.5,,,,0,1.0,1,67.08,,,,,,TIMING_DIFFERENCE,TIMING_DIFFERENCE
EXC_003532,LED_011536,LED,entry_date,1,0,0,0.9,0.5,,,,0,1.0,1,67.98,,,,,,TIMING_DIFFERENCE,TIMING_DIFFERENCE
EXC_003533,LED_011538,LED,entry_date,1,0,0,0.9,0.5,,,,0,3.0,1,225.01,,,,,,TIMING_DIFFERENCE,TIMING_DIFFERENCE
EXC_003534,LED_011546,LED,entry_date,1,0,0,0.9,0.6666666666666666,,,,0,1.0,1,123.7,,,,,,TIMING_DIFFERENCE,TIMING_DIFFERENCE
EXC_003535,LED_011551,LED,entry_date,1,0,0,0.9,0.5,,,,0,1.0,1,10.18,,,,,,TIMING_DIFFERENCE,TIMING_DIFFERENCE
EXC_003536,LED_011554,LED,entry_date,1,0,0,0.8,0.2,,,,0,1.0,1,5.9,,,,,,TIMING_DIFFERENCE,TIMING_DIFFERENCE
EXC_003537,LED_011555,LED,entry_date,1,0,0,0.9,0.5,,,,0,1.0,1,151.23,,,,,,TIMING_DIFFERENCE,TIMING_DIFFERENCE
EXC_003538,LED_011558,LED,entry_date,1,0,0,0.9,0.5,,,,0,1.0,1,80.55,,,,,,TIMING_DIFFERENCE,TIMING_DIFFERENCE
EXC_003539,LED_011560,LED,entry_date,1,0,0,0.9,0.5,,,,0,2.0,1,95.05,,,,,,TIMING_DIFFERENCE,TIMING_DIFFERENCE
EXC_003541,LED_011563,LED,entry_date,1,0,0,0.9,0.5,,,,0,2.0,1,302.61,,,,,,TIMING_DIFFERENCE,TIMING_DIFFERENCE
EXC_003542,LED_011567,LED,entry_date,1,0,0,0.9,0.5,,,,0,1.0,1,620.78,,,,,,TIMING_DIFFERENCE,TIMING_DIFFERENCE
EXC_003544,LED_011576,LED,entry_date,1,0,0,0.9,0.5,,,,0,1.0,1,1196.24,,,,,,TIMING_DIFFERENCE,TIMING_DIFFERENCE
EXC_003545,LED_011580,LED,entry_date,1,0,0,0.9,0.6666666666666666,,,,0,1.0,1,141.27,,,,,,TIMING_DIFFERENCE,TIMING_DIFFERENCE
EXC_003547,LED_011585,LED,entry_date,1,0,0,0.9,0.5,,,,0,3.0,1,215.76,,,,,,TIMING_DIFFERENCE,TIMING_DIFFERENCE
EXC_003548,LED_011587,LED,entry_date,1,0,0,0.9,0.5,,,,0,1.0,1,254.6,,,,,,TIMING_DIFFERENCE,TIMING_DIFFERENCE
EXC_003549,LED_011588,LED,entry_date,1,0,0,0.8,0.2,,,,0,1.0,1,7.56,,,,,,TIMING_DIFFERENCE,TIMING_DIFFERENCE
EXC_003550,LED_011596,LED,entry_date,1,0,0,0.9,0.5,,,,0,3.0,1,78.14,,,,,,TIMING_DIFFERENCE,TIMING_DIFFERENCE
EXC_003551,LED_011604,LED,entry_date,1,0,0,0.9,0.6666666666666666,,,,0,1.0,1,148.19,,,,,,TIMING_DIFFERENCE,TIMING_DIFFERENCE
EXC_003553,LED_011630,LED,entry_date,1,0,0,0.9,0.5,,,,0,1.0,1,84306.28,,,,,,TIMING_DIFFERENCE,TIMING_DIFFERENCE
EXC_003554,LED_011639,LED,entry_date,1,0,0,0.9,0.5,,,,0,1.0,1,8970.36,,,,,,TIMING_DIFFERENCE,TIMING_DIFFERENCE
EXC_003556,LED_011649,LED,entry_date,1,0,0,0.9,0.6666666666666666,,,,0,1.0,1,85423.74,,,,,,TIMING_DIFFERENCE,TIMING_DIFFERENCE
EXC_003557,LED_011655,LED,entry_date,1,0,0,0.9,0.6666666666666666,,,,0,1.0,1,1393.34,,,,,,TIMING_DIFFERENCE,TIMING_DIFFERENCE
EXC_003559,LED_011669,LED,entry_date,1,0,0,0.9,0.5,,,,0,3.0,1,39447.4,,,,,,TIMING_DIFFERENCE,TIMING_DIFFERENCE
EXC_003560,LED_011670,LED,entry_date,1,0,0,0.9,0.5,,,,0,2.0,1,39447.4,,,,,,TIMING_DIFFERENCE,TIMING_DIFFERENCE
EXC_003561,LED_011671,LED,entry_date,1,0,0,0.8,0.5,,,,0,3.0,1,6053.4,,,,,,TIMING_DIFFERENCE,TIMING_DIFFERENCE
EXC_003563,LED_011673,LED,entry_date,1,0,0,0.9,0.5,,,,0,2.0,1,11140.38,,,,,,TIMING_DIFFERENCE,TIMING_DIFFERENCE
EXC_003564,LED_011674,LED,entry_date,1,0,0,0.9,0.5,,,,0,2.0,1,11140.38,,,,,,TIMING_DIFFERENCE,TIMING_DIFFERENCE
EXC_003565,LED_011683,LED,entry_date,1,0,0,0.9,0.5,,,,0,2.0,1,2997.97,,,,,,TIMING_DIFFERENCE,TIMING_DIFFERENCE
EXC_003566,LED_011686,LED,entry_date,1,0,0,0.9,0.5,,,,0,2.0,1,2590.75,,,,,,TIMING_DIFFERENCE,TIMING_DIFFERENCE
EXC_003567,LED_011691,LED,entry_date,1,0,0,0.8,0.2,,,,0,3.0,1,1150.85,,,,,,TIMING_DIFFERENCE,TIMING_DIFFERENCE
EXC_003573,LED_011725,LED,entry_date,1,0,0,0.9,0.5,,,,0,3.0,1,9647.33,,,,,,TIMING_DIFFERENCE,TIMING_DIFFERENCE
EXC_003575,LED_011730,LED,entry_date,1,0,0,0.9,0.5,,,,0,2.0,1,27418.72,,,,,,TIMING_DIFFERENCE,TIMING_DIFFERENCE
EXC_003576,LED_011731,LED,entry_date,1,0,0,0.9,0.5,,,,0,1.0,1,11002.32,,,,,,TIMING_DIFFERENCE,TIMING_DIFFERENCE
EXC_003578,LED_011744,LED,entry_date,1,0,0,0.9,0.6666666666666666,,,,0,2.0,1,22707.01,,,,,,TIMING_DIFFERENCE,TIMING_DIFFERENCE
EXC_003579,LED_011748,LED,entry_date,1,0,0,0.9,0.5,,,,0,2.0,1,93357.23,,,,,,TIMING_DIFFERENCE,TIMING_DIFFERENCE
EXC_003580,LED_011760,LED,entry_date,1,0,0,0.9,0.5,,,,0,1.0,1,1794.07,,,,,,TIMING_DIFFERENCE,TIMING_DIFFERENCE
EXC_003581,LED_011766,LED,entry_date,1,0,0,0.8,0.5,,,,0,2.0,1,16994.36,,,,,,TIMING_DIFFERENCE,TIMING_DIFFERENCE
EXC_003584,LED_011779,LED,entry_date,1,0,0,0.8,0.5,,,,0,3.0,1,4541.17,,,,,,TIMING_DIFFERENCE,TIMING_DIFFERENCE
EXC_003585,LED_011783,LED,entry_date,1,0,0,0.8,0.5,,,,0,3.0,1,74936.74,,,,,,TIMING_DIFFERENCE,TIMING_DIFFERENCE
EXC_003588,LED_011788,LED,entry_date,1,0,0,0.9,0.5,,,,0,3.0,1,8131.32,,,,,,TIMING_DIFFERENCE,TIMING_DIFFERENCE
EXC_003589,LED_011789,LED,entry_date,1,0,0,0.9,0.5,,,,0,3.0,1,1951.84,,,,,,TIMING_DIFFERENCE,TIMING_DIFFERENCE
EXC_003591,LED_011795,LED,entry_date,1,0,0,0.9,0.5,,,,0,3.0,1,46263.08,,,,,,TIMING_DIFFERENCE,TIMING_DIFFERENCE
EXC_003592,LED_011799,LED,entry_date,1,0,0,0.9,0.5,,,,0,2.0,1,858.57,,,,,,TIMING_DIFFERENCE,TIMING_DIFFERENCE
EXC_003593,LED_011806,LED,entry_date,1,0,0,0.9,0.5,,,,0,1.0,1,13056.29,,,,,,TIMING_DIFFERENCE,TIMING_DIFFERENCE
EXC_003595,LED_011819,LED,entry_date,1,0,0,0.9,0.5,,,,0,2.0,1,8321.36,,,,,,TIMING_DIFFERENCE,TIMING_DIFFERENCE
EXC_003596,LED_011835,LED,entry_date,1,0,0,0.9,0.5,,,,0,1.0,1,37312.6,,,,,,TIMING_DIFFERENCE,TIMING_DIFFERENCE
EXC_003597,LED_011837,LED,entry_date,1,0,0,0.8,0.2,,,,0,1.0,1,9409.14,,,,,,TIMING_DIFFERENCE,TIMING_DIFFERENCE
EXC_003598,LED_011840,LED,entry_date,1,0,0,0.9,0.5,,,,0,2.0,1,36695.94,,,,,,TIMING_DIFFERENCE,TIMING_DIFFERENCE
EXC_003600,LED_011866,LED,entry_date,1,0,0,0.8,0.5,,,,0,3.0,1,4892.28,,,,,,TIMING_DIFFERENCE,TIMING_DIFFERENCE
EXC_003601,LED_011868,LED,entry_date,1,0,0,0.9,0.5,,,,0,2.0,1,22076.62,,,,,,TIMING_DIFFERENCE,TIMING_DIFFERENCE
EXC_003602,LED_011878,LED,entry_date,1,0,0,0.9,0.5,,,,0,2.0,1,8097.75,,,,,,TIMING_DIFFERENCE,TIMING_DIFFERENCE
EXC_003603,LED_011883,LED,entry_date,1,0,0,0.9,0.5,,,,0,3.0,1,25622.64,,,,,,TIMING_DIFFERENCE,TIMING_DIFFERENCE
EXC_003606,LED_011894,LED,entry_date,1,0,0,0.9,0.5,,,,0,1.0,1,575.6,,,,,,TIMING_DIFFERENCE,TIMING_DIFFERENCE
EXC_003609,LED_011918,LED,entry_date,1,0,0,0.9,0.5,,,,0,1.0,1,70664.48,,,,,,TIMING_DIFFERENCE,TIMING_DIFFERENCE
EXC_003610,LED_011921,LED,entry_date,1,0,0,0.8,0.2,,,,0,3.0,1,5388.12,,,,,,TIMING_DIFFERENCE,TIMING_DIFFERENCE
EXC_003611,LED_011924,LED,entry_date,1,0,0,0.9,0.5,,,,0,2.0,1,33758.62,,,,,,TIMING_DIFFERENCE,TIMING_DIFFERENCE
EXC_003612,LED_011927,LED,entry_date,1,0,0,0.8,0.5,,,,0,2.0,1,689.21,,,,,,TIMING_DIFFERENCE,TIMING_DIFFERENCE
EXC_003613,LED_011934,LED,entry_date,1,0,0,0.9,0.5,,,,0,1.0,1,369769.27,,,,,,TIMING_DIFFERENCE,TIMING_DIFFERENCE
EXC_003614,LED_011937,LED,entry_date,1,0,0,0.9,0.6666666666666666,,,,0,3.0,1,231260.31,,,,,,TIMING_DIFFERENCE,TIMING_DIFFERENCE
EXC_003615,LED_011941,LED,entry_date,1,0,0,0.9,0.5,,,,0,3.0,1,354217.63,,,,,,TIMING_DIFFERENCE,TIMING_DIFFERENCE
EXC_003617,LED_011956,LED,entry_date,1,0,0,0.9,0.5,,,,0,3.0,1,142813.8,,,,,,TIMING_DIFFERENCE,TIMING_DIFFERENCE
EXC_003618,LED_011962,LED,entry_date,1,0,0,0.9,0.5,,,,0,2.0,1,422738.58,,,,,,TIMING_DIFFERENCE,TIMING_DIFFERENCE
EXC_003619,LED_011965,LED,entry_date,1,0,0,0.9,0.5,,,,0,1.0,1,215952.37,,,,,,TIMING_DIFFERENCE,TIMING_DIFFERENCE
EXC_003620,LED_011975,LED,entry_date,1,0,0,0.9,0.5,,,,0,2.0,1,350092.58,,,,,,TIMING_DIFFERENCE,TIMING_DIFFERENCE
EXC_003621,LED_011982,LED,entry_date,1,0,0,0.9,0.5,,,,0,1.0,1,377536.26,,,,,,TIMING_DIFFERENCE,TIMING_DIFFERENCE
EXC_003622,LED_011990,LED,entry_date,1,0,0,0.9,0.5,,,,0,2.0,1,157834.69,,,,,,TIMING_DIFFERENCE,TIMING_DIFFERENCE
EXC_003623,LED_011995,LED,entry_date,1,0,0,0.8,0.2,,,,0,2.0,1,204273.56,,,,,,TIMING_DIFFERENCE,TIMING_DIFFERENCE
EXC_003624,LED_011996,LED,entry_date,1,0,0,0.8,0.2,,,,0,2.0,1,204273.56,,,,,,TIMING_DIFFERENCE,TIMING_DIFFERENCE
EXC_003625,LED_012002,LED,entry_date,1,0,0,0.9,0.5,,,,0,1.0,1,196167.27,,,,,,TIMING_DIFFERENCE,TIMING_DIFFERENCE
EXC_003629,LED_012024,LED,entry_date,1,0,0,0.9,0.5,,,,0,2.0,1,74936.49,,,,,,TIMING_DIFFERENCE,TIMING_DIFFERENCE
EXC_003632,LED_012035,LED,entry_date,1,0,0,0.9,0.5,,,,0,3.0,1,155616.29,,,,,,TIMING_DIFFERENCE,TIMING_DIFFERENCE
EXC_003633,LED_012040,LED,entry_date,1,0,0,0.9,0.5,,,,0,1.0,1,220871.79,,,,,,TIMING_DIFFERENCE,TIMING_DIFFERENCE
EXC_003634,LED_012050,LED,entry_date,1,0,0,0.9,0.5,,,,0,2.0,1,153847.09,,,,,,TIMING_DIFFERENCE,TIMING_DIFFERENCE
EXC_003635,LED_012052,LED,entry_date,1,0,0,0.9,0.5,,,,0,3.0,1,161738.96,,,,,,TIMING_DIFFERENCE,TIMING_DIFFERENCE
EXC_003638,LED_012060,LED,entry_date,1,0,0,0.9,0.5,,,,0,1.0,1,181009.04,,,,,,TIMING_DIFFERENCE,TIMING_DIFFERENCE
EXC_003641,LED_012076,LED,entry_date,1,0,0,0.9,0.5,,,,0,3.0,1,253412.63,,,,,,TIMING_DIFFERENCE,TIMING_DIFFERENCE
EXC_003642,LED_012079,LED,entry_date,1,0,0,0.9,0.5,,,,0,3.0,1,42203.62,,,,,,TIMING_DIFFERENCE,TIMING_DIFFERENCE
EXC_003643,LED_012084,LED,entry_date,1,0,0,0.9,0.5,,,,0,2.0,1,59772.9,,,,,,TIMING_DIFFERENCE,TIMING_DIFFERENCE
EXC_003646,LED_012096,LED,entry_date,1,0,0,0.9,0.5,,,,0,1.0,1,39308.65,,,,,,TIMING_DIFFERENCE,TIMING_DIFFERENCE
EXC_003647,LED_012100,LED,entry_date,1,0,0,0.9,0.5,,,,0,2.0,1,33055.41,,,,,,TIMING_DIFFERENCE,TIMING_DIFFERENCE
EXC_003648,LED_012103,LED,entry_date,1,0,0,0.9,0.5,,,,0,3.0,1,70293.77,,,,,,TIMING_DIFFERENCE,TIMING_DIFFERENCE
EXC_003649,LED_012106,LED,entry_date,1,0,0,0.9,0.5,,,,0,1.0,1,23346.68,,,,,,TIMING_DIFFERENCE,TIMING_DIFFERENCE
EXC_003651,LED_012122,LED,entry_date,1,0,0,0.9,0.5,,,,0,1.0,1,60011.15,,,,,,TIMING_DIFFERENCE,TIMING_DIFFERENCE
EXC_003653,LED_012127,LED,entry_date,1,0,0,0.8,0.5,,,,0,3.0,1,30032.68,,,,,,TIMING_DIFFERENCE,TIMING_DIFFERENCE
EXC_003654,LED_012130,LED,entry_date,1,0,0,0.8,0.5,,,,0,3.0,1,38679.63,,,,,,TIMING_DIFFERENCE,TIMING_DIFFERENCE
EXC_003655,LED_012131,LED,entry_date,1,0,0,0.9,0.5,,,,0,1.0,1,50431.69,,,,,,TIMING_DIFFERENCE,TIMING_DIFFERENCE
EXC_003658,LED_012149,LED,entry_date,1,0,0,0.9,0.5,,,,0,1.0,1,558453.56,,,,,,TIMING_DIFFERENCE,TIMING_DIFFERENCE
EXC_003661,LED_012186,LED,entry_date,1,0,0,0.9,0.5,,,,0,3.0,1,740579.12,,,,,,TIMING_DIFFERENCE,TIMING_DIFFERENCE
EXC_003666,LED_012205,LED,entry_date,1,0,0,0.8,0.5,,,,0,2.0,1,349590.61,,,,,,TIMING_DIFFERENCE,TIMING_DIFFERENCE
EXC_003667,LED_012208,LED,entry_date,1,0,0,0.9,0.5,,,,0,1.0,1,321855.04,,,,,,TIMING_DIFFERENCE,TIMING_DIFFERENCE
EXC_003668,LED_012217,LED,entry_date,1,0,0,0.9,0.5,,,,0,1.0,1,851350.61,,,,,,TIMING_DIFFERENCE,TIMING_DIFFERENCE
EXC_003670,LED_012236,LED,entry_date,1,0,0,0.9,0.5,,,,0,3.0,1,94098.63,,,,,,TIMING_DIFFERENCE,TIMING_DIFFERENCE
EXC_003671,LED_012238,LED,entry_date,1,0,0,0.9,0.5,,,,0,3.0,1,93797.9,,,,,,TIMING_DIFFERENCE,TIMING_DIFFERENCE
EXC_003675,LED_012261,LED,entry_date,1,0,0,0.8,0.5,,,,0,3.0,1,69446.59,,,,,,TIMING_DIFFERENCE,TIMING_DIFFERENCE
EXC_003676,LED_012272,LED,entry_date,1,0,0,0.9,0.5,,,,0,3.0,1,72611.35,,,,,,TIMING_DIFFERENCE,TIMING_DIFFERENCE
EXC_003677,STL_000005,STL,settlement_date,1,0,0,0.96,0.75,,,,0,2.0,1,395688.96,,,,1956.0,,TIMING_DIFFERENCE,TIMING_DIFFERENCE
EXC_003678,STL_000011,STL,settlement_date,1,0,0,0.96,0.75,,,,0,2.0,1,107512.08,,,,,,TIMING_DIFFERENCE,TIMING_DIFFERENCE
EXC_003679,STL_000017,STL,settlement_date,1,0,0,0.96,0.7142857142857143,,,,0,3.0,1,225236.08,,,,,,TIMING_DIFFERENCE,TIMING_DIFFERENCE
EXC_003680,STL_000018,STL,settlement_date,1,0,0,0.96,0.75,,,,0,1.0,1,215952.37,,,,4393.0,,TIMING_DIFFERENCE,TIMING_DIFFERENCE
EXC_003681,STL_000020,STL,settlement_date,1,0,0,0.92,0.75,,,,0,2.0,1,159821.77,,,,2031.0,,TIMING_DIFFERENCE,TIMING_DIFFERENCE
EXC_003682,STL_000031,STL,settlement_date,1,0,0,0.92,0.75,,,,0,2.0,1,290857.83,,,,-37.0,,TIMING_DIFFERENCE,TIMING_DIFFERENCE
EXC_003684,STL_000039,STL,settlement_date,1,0,0,0.96,0.7142857142857143,,,,0,3.0,1,111786.59,,,,,,TIMING_DIFFERENCE,TIMING_DIFFERENCE
EXC_003687,STL_000050,STL,settlement_date,1,0,0,0.96,0.75,,,,0,2.0,1,108468.28,,,,,,TIMING_DIFFERENCE,TIMING_DIFFERENCE
EXC_003688,STL_000055,STL,settlement_date,1,0,0,0.92,0.7142857142857143,,,,0,2.0,1,220871.79,,,,,,TIMING_DIFFERENCE,TIMING_DIFFERENCE
EXC_003689,STL_000057,STL,settlement_date,1,0,0,0.96,0.75,,,,0,1.0,1,167005.08,,,,,,TIMING_DIFFERENCE,TIMING_DIFFERENCE
EXC_003690,STL_000062,STL,settlement_date,1,0,0,0.96,0.7142857142857143,,,,0,1.0,1,47673.02,,,,218.0,,TIMING_DIFFERENCE,TIMING_DIFFERENCE
EXC_003691,STL_000063,STL,settlement_date,1,0,0,0.96,0.75,,,,0,2.0,1,211044.03,,,,,,TIMING_DIFFERENCE,TIMING_DIFFERENCE
EXC_003692,STL_000066,STL,settlement_date,1,0,0,0.96,0.7142857142857143,,,,0,3.0,1,217995.57,,,,,,TIMING_DIFFERENCE,TIMING_DIFFERENCE
EXC_003693,STL_000075,STL,settlement_date,1,0,0,0.96,0.75,,,,0,3.0,1,42203.62,,,,,,TIMING_DIFFERENCE,TIMING_DIFFERENCE
EXC_003694,STL_000078,STL,settlement_date,1,0,0,0.92,0.75,,,,0,3.0,1,29330.53,,,,-1818.0,,TIMING_DIFFERENCE,TIMING_DIFFERENCE
EXC_003695,STL/000079,STL,settlement_date,1,0,0,0.96,0.75,,,,0,1.0,1,,,,,,,TIMING_DIFFERENCE,TIMING_DIFFERENCE
EXC_003698,STL_000091,STL,settlement_date,1,0,0,0.96,0.75,,,,0,3.0,1,39541.31,,,,,,TIMING_DIFFERENCE,TIMING_DIFFERENCE
EXC_003699,STL_000092,STL,settlement_date,1,0,0,0.96,0.75,,,,0,2.0,1,17245.78,,,,,,TIMING_DIFFERENCE,TIMING_DIFFERENCE
EXC_003701,STL_000116,STL,settlement_date,1,0,0,0.96,0.75,,,,0,3.0,1,399630.7,,,,,,TIMING_DIFFERENCE,TIMING_DIFFERENCE
EXC_003702,STL_000124,STL,settlement_date,1,0,0,0.96,0.75,,,,0,3.0,1,533946.19,,,,,,TIMING_DIFFERENCE,TIMING_DIFFERENCE
EXC_003704,STL_000132,STL,settlement_date,1,0,0,0.96,0.75,,,,0,3.0,1,299050.29,,,,,,TIMING_DIFFERENCE,TIMING_DIFFERENCE
EXC_003706,STL_000145,STL,settlement_date,1,0,0,0.96,0.75,,,,0,2.0,1,49078.45,,,,,,TIMING_DIFFERENCE,TIMING_DIFFERENCE
EXC_003707,STL-000151,STL,settlement_date,1,0,0,0.96,0.75,,,,0,3.0,1,,,,,,,TIMING_DIFFERENCE,TIMING_DIFFERENCE
EXC_003709,STL-000164,STL,settlement_date,1,0,0,0.96,0.75,,,,0,3.0,1,,,,,,,TIMING_DIFFERENCE,TIMING_DIFFERENCE
EXC_003710,STL_000165,STL,settlement_date,1,0,0,0.92,0.75,,,,0,2.0,1,57180.34,,,,,,TIMING_DIFFERENCE,TIMING_DIFFERENCE
EXC_003712,inv_000005,INV,invoice_date,1,0,0,0.96,0.75,,,,0,2.0,1,,,,,,,TIMING_DIFFERENCE,TIMING_DIFFERENCE
EXC_003713,INV_000010,INV,invoice_date,1,0,0,0.96,0.75,,,,0,1.0,1,14135.81,,,,,,TIMING_DIFFERENCE,TIMING_DIFFERENCE
EXC_003714,INV_000014,INV,invoice_date,1,0,0,0.96,0.75,,,,0,3.0,1,143906.19,,,,,,TIMING_DIFFERENCE,TIMING_DIFFERENCE
EXC_003715,INV_000015,INV,invoice_date,1,0,0,0.92,0.75,,,,0,2.0,1,3570.44,,,,,,TIMING_DIFFERENCE,TIMING_DIFFERENCE
EXC_003718,INV_000020,INV,invoice_date,1,0,0,0.96,0.75,,,,0,3.0,1,2643.2,,,,,,TIMING_DIFFERENCE,TIMING_DIFFERENCE
EXC_003719,INV_000029,INV,invoice_date,1,0,0,0.96,0.75,,,,0,1.0,1,5452.54,,,,,,TIMING_DIFFERENCE,TIMING_DIFFERENCE
EXC_003720,INV000030,INV,invoice_date,1,0,0,0.96,0.75,,,,0,3.0,1,,,,,,,TIMING_DIFFERENCE,TIMING_DIFFERENCE
EXC_003722,INV_000035,INV,invoice_date,1,0,0,0.96,0.75,,,,0,3.0,1,10757.17,,,,,,TIMING_DIFFERENCE,TIMING_DIFFERENCE
EXC_003724,INV_000046,INV,invoice_date,1,0,0,0.96,0.75,,,,0,1.0,1,104032.17,,,,,,TIMING_DIFFERENCE,TIMING_DIFFERENCE
EXC_003727,INV_000065,INV,invoice_date,1,0,0,0.96,0.7142857142857143,,,,0,1.0,1,3846.51,,,,,,TIMING_DIFFERENCE,TIMING_DIFFERENCE
EXC_003728,INV_000072,INV,invoice_date,1,0,0,0.96,0.75,,,,0,2.0,1,6475.84,,,,,,TIMING_DIFFERENCE,TIMING_DIFFERENCE
EXC_003729,INV_000074,INV,invoice_date,1,0,0,0.96,0.75,,,,0,1.0,1,14488.93,,,,,,TIMING_DIFFERENCE,TIMING_DIFFERENCE
EXC_003732,INV_000083,INV,invoice_date,1,0,0,0.96,0.75,,,,0,3.0,1,12091.11,,,,,,TIMING_DIFFERENCE,TIMING_DIFFERENCE
EXC_003734,INV_000094,INV,invoice_date,1,0,0,0.96,0.75,,,,0,2.0,1,3403.12,,,,,,TIMING_DIFFERENCE,TIMING_DIFFERENCE
EXC_003735,INV_000110,INV,invoice_date,1,0,0,0.92,0.75,,,,0,3.0,1,24090.88,,,,,,TIMING_DIFFERENCE,TIMING_DIFFERENCE
EXC_003736,INV_000115,INV,invoice_date,1,0,0,0.88,0.5555555555555556,,,,0,3.0,1,1362.02,,,,,,TIMING_DIFFERENCE,TIMING_DIFFERENCE
EXC_003737,INV_000118,INV,invoice_date,1,0,0,0.96,0.75,,,,0,2.0,1,8922.69,,,,,,TIMING_DIFFERENCE,TIMING_DIFFERENCE
EXC_003738,INV_000122,INV,invoice_date,1,0,0,0.96,0.75,,,,0,2.0,1,54711.53,,,,,,TIMING_DIFFERENCE,TIMING_DIFFERENCE
EXC_003739,INV_000126,INV,invoice_date,1,0,0,0.96,0.75,,,,0,3.0,1,137597.44,,,,,,TIMING_DIFFERENCE,TIMING_DIFFERENCE
EXC_003740,INV_000141,INV,invoice_date,1,0,0,0.92,0.75,,,,0,2.0,1,9068.06,,,,,,TIMING_DIFFERENCE,TIMING_DIFFERENCE
EXC_003741,INV_000142,INV,invoice_date,1,0,0,0.96,0.75,,,,0,3.0,1,130808.9,,,,,,TIMING_DIFFERENCE,TIMING_DIFFERENCE
EXC_003742,INV_000148,INV,invoice_date,1,0,0,0.96,0.75,,,,0,1.0,1,923.23,,,,,,TIMING_DIFFERENCE,TIMING_DIFFERENCE
EXC_003743,INV_000152,INV,invoice_date,1,0,0,0.96,0.75,,,,0,3.0,1,2667.74,,,,,,TIMING_DIFFERENCE,TIMING_DIFFERENCE
EXC_003744,inv-000153,INV,invoice_date,1,0,0,0.96,0.75,,,,0,1.0,1,,,,,,,TIMING_DIFFERENCE,TIMING_DIFFERENCE
EXC_003745,INV_000155,INV,invoice_date,1,0,0,0.96,0.7142857142857143,,,,0,3.0,1,62643.84,,,,,,TIMING_DIFFERENCE,TIMING_DIFFERENCE
EXC_003749,INV_000187,INV,invoice_date,1,0,0,0.92,0.5555555555555556,,,,0,3.0,1,8497.88,,,,,,TIMING_DIFFERENCE,TIMING_DIFFERENCE
EXC_003751,INV_000191,INV,invoice_date,1,0,0,0.96,0.75,,,,0,2.0,1,96920.48,,,,,,TIMING_DIFFERENCE,TIMING_DIFFERENCE
EXC_003752,INV_000196,INV,invoice_date,1,0,0,0.96,0.75,,,,0,1.0,1,56659.82,,,,,,TIMING_DIFFERENCE,TIMING_DIFFERENCE
EXC_003753,INV_000199,INV,invoice_date,1,0,0,0.96,0.75,,,,0,1.0,1,24772.97,,,,,,TIMING_DIFFERENCE,TIMING_DIFFERENCE
EXC_003754,INV_000203,INV,invoice_date,1,0,0,0.96,0.7142857142857143,,,,0,1.0,1,13190.04,,,,,,TIMING_DIFFERENCE,TIMING_DIFFERENCE
EXC_003757,INV_000212,INV,invoice_date,1,0,0,0.96,0.75,,,,0,3.0,1,7144.9,,,,,,TIMING_DIFFERENCE,TIMING_DIFFERENCE
EXC_003758,INV_000224,INV,invoice_date,1,0,0,0.96,0.75,,,,0,1.0,1,82511.5,,,,,,TIMING_DIFFERENCE,TIMING_DIFFERENCE
EXC_003760,INV_000234,INV,invoice_date,1,0,0,0.96,0.7142857142857143,,,,0,1.0,1,2043.29,,,,,,TIMING_DIFFERENCE,TIMING_DIFFERENCE
EXC_003762,INV_000248,INV,invoice_date,1,0,0,0.92,0.5555555555555556,,,,0,3.0,1,63848.5,,,,,,TIMING_DIFFERENCE,TIMING_DIFFERENCE
EXC_003763,INV_000256,INV,invoice_date,1,0,0,0.88,0.5555555555555556,,,,0,2.0,1,6121.31,,,,,,TIMING_DIFFERENCE,TIMING_DIFFERENCE
EXC_003765,INV_000269,INV,invoice_date,1,0,0,0.96,0.75,,,,0,2.0,1,7356.47,,,,,,TIMING_DIFFERENCE,TIMING_DIFFERENCE
EXC_003766,INV_000273,INV,invoice_date,1,0,0,0.96,0.75,,,,0,2.0,1,78477.85,,,,,,TIMING_DIFFERENCE,TIMING_DIFFERENCE
EXC_003767,INV_000275,INV,invoice_date,1,0,0,0.96,0.7142857142857143,,,,0,3.0,1,35285.54,,,,,,TIMING_DIFFERENCE,TIMING_DIFFERENCE
EXC_003769,INV_000284,INV,invoice_date,1,0,0,0.96,0.75,,,,0,2.0,1,48306.84,,,,,,TIMING_DIFFERENCE,TIMING_DIFFERENCE
EXC_003771,INV_000288,INV,invoice_date,1,0,0,0.96,0.75,,,,0,1.0,1,95857.3,,,,,,TIMING_DIFFERENCE,TIMING_DIFFERENCE
EXC_003772,INV_000291,INV,invoice_date,1,0,0,0.96,0.75,,,,0,1.0,1,26280.25,,,,,,TIMING_DIFFERENCE,TIMING_DIFFERENCE
EXC_003776,INV_000311,INV,invoice_date,1,0,0,0.96,0.75,,,,0,2.0,1,4015.54,,,,,,TIMING_DIFFERENCE,TIMING_DIFFERENCE
EXC_003777,INV_000317,INV,invoice_date,1,0,0,0.96,0.75,,,,0,3.0,1,3621.42,,,,,,TIMING_DIFFERENCE,TIMING_DIFFERENCE
EXC_003778,INV_000320,INV,invoice_date,1,0,0,0.92,0.5555555555555556,,,,0,3.0,1,123710.26,,,,,,TIMING_DIFFERENCE,TIMING_DIFFERENCE
EXC_003779,INV_000323,INV,invoice_date,1,0,0,0.96,0.7142857142857143,,,,0,3.0,1,279.31,,,,,,TIMING_DIFFERENCE,TIMING_DIFFERENCE
EXC_003780,INV_000325,INV,invoice_date,1,0,0,0.96,0.75,,,,0,1.0,1,42988.58,,,,,,TIMING_DIFFERENCE,TIMING_DIFFERENCE
EXC_003781,INV_000328,INV,invoice_date,1,0,0,0.96,0.75,,,,0,1.0,1,2939.09,,,,,,TIMING_DIFFERENCE,TIMING_DIFFERENCE
EXC_003782,INV_000330,INV,invoice_date,1,0,0,0.96,0.75,,,,0,2.0,1,791.78,,,,,,TIMING_DIFFERENCE,TIMING_DIFFERENCE
EXC_003783,INV_000333,INV,invoice_date,1,0,0,0.88,0.5555555555555556,,,,0,2.0,1,8094.8,,,,,,TIMING_DIFFERENCE,TIMING_DIFFERENCE
EXC_003784,INV_000353,INV,invoice_date,1,0,0,0.96,0.75,,,,0,1.0,1,51623.82,,,,,,TIMING_DIFFERENCE,TIMING_DIFFERENCE
EXC_003785,INV_000354,INV,invoice_date,1,0,0,0.96,0.75,,,,0,2.0,1,1423.08,,,,,,TIMING_DIFFERENCE,TIMING_DIFFERENCE
EXC_003786,INV000360,INV,invoice_date,1,0,0,0.96,0.75,,,,0,2.0,1,,,,,,,TIMING_DIFFERENCE,TIMING_DIFFERENCE
EXC_003787,INV_000361,INV,invoice_date,1,0,0,0.96,0.75,,,,0,3.0,1,9647.33,,,,,,TIMING_DIFFERENCE,TIMING_DIFFERENCE
EXC_003788,INV_000367,INV,invoice_date,1,0,0,0.96,0.75,,,,0,1.0,1,30814.05,,,,,,TIMING_DIFFERENCE,TIMING_DIFFERENCE
EXC_003789,INV_000369,INV,invoice_date,1,0,0,0.96,0.75,,,,0,2.0,1,88092.66,,,,,,TIMING_DIFFERENCE,TIMING_DIFFERENCE
EXC_003790,INV_000372,INV,invoice_date,1,0,0,0.92,0.5,,,,0,1.0,1,70607.66,,,,,,TIMING_DIFFERENCE,TIMING_DIFFERENCE
EXC_003791,INV_000378,INV,invoice_date,1,0,0,0.96,0.75,,,,0,3.0,1,114678.3,,,,,,TIMING_DIFFERENCE,TIMING_DIFFERENCE
EXC_003792,INV_000383,INV,invoice_date,1,0,0,0.96,0.75,,,,0,3.0,1,5635.27,,,,,,TIMING_DIFFERENCE,TIMING_DIFFERENCE
EXC_003793,INV_000384,INV,invoice_date,1,0,0,0.96,0.7142857142857143,,,,0,3.0,1,82648.38,,,,,,TIMING_DIFFERENCE,TIMING_DIFFERENCE
EXC_003794,INV_000389,INV,invoice_date,1,0,0,0.96,0.75,,,,0,1.0,1,108096.91,,,,,,TIMING_DIFFERENCE,TIMING_DIFFERENCE
EXC_003796,INV_000400,INV,invoice_date,1,0,0,0.96,0.7142857142857143,,,,0,1.0,1,11002.32,,,,,,TIMING_DIFFERENCE,TIMING_DIFFERENCE
EXC_003798,INV_000414,INV,invoice_date,1,0,0,0.96,0.75,,,,0,2.0,1,16387.9,,,,,,TIMING_DIFFERENCE,TIMING_DIFFERENCE
EXC_003799,INV_000418,INV,invoice_date,1,0,0,0.92,0.75,,,,0,2.0,1,2348.67,,,,,,TIMING_DIFFERENCE,TIMING_DIFFERENCE
EXC_003800,INV_000419,INV,invoice_date,1,0,0,0.96,0.75,,,,0,1.0,1,17461.4,,,,,,TIMING_DIFFERENCE,TIMING_DIFFERENCE
EXC_003802,INV_000429,INV,invoice_date,1,0,0,0.92,0.75,,,,0,3.0,1,38941.18,,,,,,TIMING_DIFFERENCE,TIMING_DIFFERENCE
EXC_003803,INV_000433,INV,invoice_date,1,0,0,0.96,0.75,,,,0,1.0,1,46263.08,,,,,,TIMING_DIFFERENCE,TIMING_DIFFERENCE
EXC_003804,INV_000441,INV,invoice_date,1,0,0,0.96,0.75,,,,0,1.0,1,32308.4,,,,,,TIMING_DIFFERENCE,TIMING_DIFFERENCE
EXC_003805,INV_000444,INV,invoice_date,1,0,0,0.92,0.75,,,,0,3.0,1,133473.34,,,,,,TIMING_DIFFERENCE,TIMING_DIFFERENCE
EXC_003806,INV000449,INV,invoice_date,1,0,0,0.96,0.75,,,,0,3.0,1,,,,,,,TIMING_DIFFERENCE,TIMING_DIFFERENCE
EXC_003807,inv_000454,INV,invoice_date,1,0,0,0.92,0.5555555555555556,,,,0,3.0,1,,,,,,,TIMING_DIFFERENCE,TIMING_DIFFERENCE
EXC_003809,INV_000456,INV,invoice_date,1,0,0,0.96,0.75,,,,0,3.0,1,42700.01,,,,,,TIMING_DIFFERENCE,TIMING_DIFFERENCE
EXC_003811,INV_000460,INV,invoice_date,1,0,0,0.96,0.75,,,,0,1.0,1,67765.04,,,,,,TIMING_DIFFERENCE,TIMING_DIFFERENCE
EXC_003812,INV_000466,INV,invoice_date,1,0,0,0.96,0.75,,,,0,3.0,1,37589.37,,,,,,TIMING_DIFFERENCE,TIMING_DIFFERENCE
EXC_003814,INV_000470,INV,invoice_date,1,0,0,0.92,0.75,,,,0,3.0,1,3604.43,,,,,,TIMING_DIFFERENCE,TIMING_DIFFERENCE
EXC_003815,INV_000471,INV,invoice_date,1,0,0,0.96,0.75,,,,0,1.0,1,1047.84,,,,,,TIMING_DIFFERENCE,TIMING_DIFFERENCE
EXC_003816,INV_000477,INV,invoice_date,1,0,0,0.92,0.5555555555555556,,,,0,1.0,1,11781.12,,,,,,TIMING_DIFFERENCE,TIMING_DIFFERENCE
EXC_003817,INV_000481,INV,invoice_date,1,0,0,0.96,0.75,,,,0,3.0,1,5074.18,,,,,,TIMING_DIFFERENCE,TIMING_DIFFERENCE
EXC_003818,INV_000484,INV,invoice_date,1,0,0,0.96,0.75,,,,0,1.0,1,16049.36,,,,,,TIMING_DIFFERENCE,TIMING_DIFFERENCE
EXC_003819,INV_000487,INV,invoice_date,1,0,0,0.96,0.75,,,,0,1.0,1,30680.0,,,,,,TIMING_DIFFERENCE,TIMING_DIFFERENCE
EXC_003820,INVOICE-000490,INVOICE,invoice_date,1,0,0,0.96,0.7142857142857143,,,,0,2.0,1,,,,,,,TIMING_DIFFERENCE,TIMING_DIFFERENCE
EXC_003822,INV_000495,INV,invoice_date,1,0,0,0.96,0.75,,,,0,2.0,1,5114.12,,,,,,TIMING_DIFFERENCE,TIMING_DIFFERENCE
EXC_003823,INV_000497,INV,invoice_date,1,0,0,0.96,0.75,,,,0,1.0,1,30932.99,,,,,,TIMING_DIFFERENCE,TIMING_DIFFERENCE
EXC_003825,INV_000503,INV,invoice_date,1,0,0,0.96,0.75,,,,0,3.0,1,3385.13,,,,,,TIMING_DIFFERENCE,TIMING_DIFFERENCE
EXC_003826,INV_000504,INV,invoice_date,1,0,0,0.96,0.75,,,,0,1.0,1,8579.78,,,,,,TIMING_DIFFERENCE,TIMING_DIFFERENCE
EXC_003827,inv000510,INV,invoice_date,1,0,0,0.96,0.75,,,,0,1.0,1,,,,,,,TIMING_DIFFERENCE,TIMING_DIFFERENCE
EXC_003828,INVOICE-000517,INVOICE,invoice_date,1,0,0,0.96,0.7142857142857143,,,,0,1.0,1,,,,,,,TIMING_DIFFERENCE,TIMING_DIFFERENCE
EXC_003829,INV_000528,INV,invoice_date,1,0,0,0.96,0.75,,,,0,1.0,1,17123.28,,,,,,TIMING_DIFFERENCE,TIMING_DIFFERENCE
EXC_003830,INV_000534,INV,invoice_date,1,0,0,0.96,0.75,,,,0,2.0,1,48110.96,,,,,,TIMING_DIFFERENCE,TIMING_DIFFERENCE
EXC_003832,INV_000536,INV,invoice_date,1,0,0,0.96,0.75,,,,0,3.0,1,18179.26,,,,,,TIMING_DIFFERENCE,TIMING_DIFFERENCE
EXC_003833,INV/000537,INV,invoice_date,1,0,0,0.92,0.75,,,,0,2.0,1,,,,,,,TIMING_DIFFERENCE,TIMING_DIFFERENCE
EXC_003835,INV_000549,INV,invoice_date,1,0,0,0.96,0.7142857142857143,,,,0,2.0,1,16942.44,,,,,,TIMING_DIFFERENCE,TIMING_DIFFERENCE
EXC_003836,INV_000551,INV,invoice_date,1,0,0,0.92,0.75,,,,0,3.0,1,73273.28,,,,,,TIMING_DIFFERENCE,TIMING_DIFFERENCE
EXC_003838,INV_000556,INV,invoice_date,1,0,0,0.96,0.75,,,,0,1.0,1,12390.94,,,,,,TIMING_DIFFERENCE,TIMING_DIFFERENCE
EXC_003841,INV_000583,INV,invoice_date,1,0,0,0.92,0.7142857142857143,,,,0,2.0,1,19790.14,,,,,,TIMING_DIFFERENCE,TIMING_DIFFERENCE
EXC_003843,INV_000596,INV,invoice_date,1,0,0,0.96,0.75,,,,0,2.0,1,49252.26,,,,,,TIMING_DIFFERENCE,TIMING_DIFFERENCE
EXC_003844,INV_000599,INV,invoice_date,1,0,0,0.88,0.5555555555555556,,,,0,3.0,1,31444.64,,,,,,TIMING_DIFFERENCE,TIMING_DIFFERENCE
EXC_003845,INV_000600,INV,invoice_date,1,0,0,0.96,0.75,,,,0,3.0,1,9436.58,,,,,,TIMING_DIFFERENCE,TIMING_DIFFERENCE
EXC_003846,INV_000602,INV,invoice_date,1,0,0,0.96,0.75,,,,0,1.0,1,47719.85,,,,,,TIMING_DIFFERENCE,TIMING_DIFFERENCE
EXC_003847,INV_000608,INV,invoice_date,1,0,0,0.92,0.5,,,,0,2.0,1,21086.01,,,,,,TIMING_DIFFERENCE,TIMING_DIFFERENCE
EXC_003848,INV_000612,INV,invoice_date,1,0,0,0.92,0.75,,,,0,1.0,1,1574.12,,,,,,TIMING_DIFFERENCE,TIMING_DIFFERENCE
EXC_003849,INV_000634,INV,invoice_date,1,0,0,0.96,0.75,,,,0,2.0,1,9691.46,,,,,,TIMING_DIFFERENCE,TIMING_DIFFERENCE
EXC_003850,INV_000640,INV,invoice_date,1,0,0,0.96,0.75,,,,0,1.0,1,2529.92,,,,,,TIMING_DIFFERENCE,TIMING_DIFFERENCE
EXC_003851,INV_000648,INV,invoice_date,1,0,0,0.96,0.7142857142857143,,,,0,1.0,1,76831.45,,,,,,TIMING_DIFFERENCE,TIMING_DIFFERENCE
EXC_003852,INV_000661,INV,invoice_date,1,0,0,0.96,0.75,,,,0,1.0,1,2301.35,,,,,,TIMING_DIFFERENCE,TIMING_DIFFERENCE
EXC_003853,INV_000669,INV,invoice_date,1,0,0,0.96,0.75,,,,0,1.0,1,15742.2,,,,,,TIMING_DIFFERENCE,TIMING_DIFFERENCE
EXC_003854,INV_000670,INV,invoice_date,1,0,0,0.96,0.75,,,,0,1.0,1,11719.76,,,,,,TIMING_DIFFERENCE,TIMING_DIFFERENCE
EXC_003856,INV000691,INV,invoice_date,1,0,0,0.96,0.75,,,,0,3.0,1,,,,,,,TIMING_DIFFERENCE,TIMING_DIFFERENCE
EXC_003857,INV_000702,INV,invoice_date,1,0,0,0.96,0.75,,,,0,3.0,1,160.48,,,,,,TIMING_DIFFERENCE,TIMING_DIFFERENCE
EXC_003858,INV_000704,INV,invoice_date,1,0,0,0.96,0.75,,,,0,2.0,1,13056.29,,,,,,TIMING_DIFFERENCE,TIMING_DIFFERENCE
EXC_003859,INVOICE_000706,INVOICE,invoice_date,1,0,0,0.92,0.75,,,,0,2.0,1,,,,,,,TIMING_DIFFERENCE,TIMING_DIFFERENCE
EXC_003860,INV_000714,INV,invoice_date,1,0,0,0.96,0.75,,,,0,1.0,1,88636.88,,,,,,TIMING_DIFFERENCE,TIMING_DIFFERENCE
EXC_003861,INV_000719,INV,invoice_date,1,0,0,0.96,0.75,,,,0,2.0,1,4987.86,,,,,,TIMING_DIFFERENCE,TIMING_DIFFERENCE
EXC_003862,INV000736,INV,invoice_date,1,0,0,0.96,0.7142857142857143,,,,0,2.0,1,,,,,,,TIMING_DIFFERENCE,TIMING_DIFFERENCE
EXC_003863,INV_000740,INV,invoice_date,1,0,0,0.96,0.75,,,,0,1.0,1,31137.84,,,,,,TIMING_DIFFERENCE,TIMING_DIFFERENCE
EXC_003865,INV_000745,INV,invoice_date,1,0,0,0.96,0.75,,,,0,1.0,1,6238.37,,,,,,TIMING_DIFFERENCE,TIMING_DIFFERENCE
EXC_003867,INV_000752,INV,invoice_date,1,0,0,0.96,0.75,,,,0,3.0,1,5205.57,,,,,,TIMING_DIFFERENCE,TIMING_DIFFERENCE
EXC_003869,inv_000756,INV,invoice_date,1,0,0,0.96,0.7142857142857143,,,,0,3.0,1,,,,,,,TIMING_DIFFERENCE,TIMING_DIFFERENCE
EXC_003870,inv-000767,INV,invoice_date,1,0,0,0.96,0.7142857142857143,,,,0,2.0,1,,,,,,,TIMING_DIFFERENCE,TIMING_DIFFERENCE
EXC_003872,inv-000776,INV,invoice_date,1,0,0,0.96,0.75,,,,0,3.0,1,,,,,,,TIMING_DIFFERENCE,TIMING_DIFFERENCE
EXC_003875,INV_000791,INV,invoice_date,1,0,0,0.96,0.75,,,,0,2.0,1,4791.33,,,,,,TIMING_DIFFERENCE,TIMING_DIFFERENCE
EXC_003876,INV_000798,INV,invoice_date,1,0,0,0.96,0.75,,,,0,3.0,1,39373.06,,,,,,TIMING_DIFFERENCE,TIMING_DIFFERENCE
EXC_003878,INV_000807,INV,invoice_date,1,0,0,0.96,0.75,,,,0,2.0,1,4077.08,,,,,,TIMING_DIFFERENCE,TIMING_DIFFERENCE
EXC_003879,INV_000810,INV,invoice_date,1,0,0,0.96,0.75,,,,0,2.0,1,172715.83,,,,,,TIMING_DIFFERENCE,TIMING_DIFFERENCE
EXC_003880,INV_000814,INV,invoice_date,1,0,0,0.96,0.75,,,,0,3.0,1,1902.16,,,,,,TIMING_DIFFERENCE,TIMING_DIFFERENCE
EXC_003882,INV/000826,INV,invoice_date,1,0,0,0.92,0.75,,,,0,3.0,1,,,,,,,TIMING_DIFFERENCE,TIMING_DIFFERENCE
EXC_003883,INV_000828,INV,invoice_date,1,0,0,0.96,0.75,,,,0,2.0,1,33958.04,,,,,,TIMING_DIFFERENCE,TIMING_DIFFERENCE
EXC_003885,INV_000839,INV,invoice_date,1,0,0,0.96,0.75,,,,0,3.0,1,16730.04,,,,,,TIMING_DIFFERENCE,TIMING_DIFFERENCE
EXC_003886,INV-000841,INV,invoice_date,1,0,0,0.96,0.75,,,,0,3.0,1,,,,,,,TIMING_DIFFERENCE,TIMING_DIFFERENCE
EXC_003887,INV_000855,INV,invoice_date,1,0,0,0.96,0.75,,,,0,1.0,1,1471.46,,,,,,TIMING_DIFFERENCE,TIMING_DIFFERENCE
EXC_003888,INV_000857,INV,invoice_date,1,0,0,0.96,0.75,,,,0,1.0,1,32045.85,,,,,,TIMING_DIFFERENCE,TIMING_DIFFERENCE
EXC_003889,INV/000858,INV,invoice_date,1,0,0,0.92,0.5555555555555556,,,,0,1.0,1,,,,,,,TIMING_DIFFERENCE,TIMING_DIFFERENCE
EXC_003890,INV_000869,INV,invoice_date,1,0,0,0.92,0.75,,,,0,2.0,1,5548.36,,,,,,TIMING_DIFFERENCE,TIMING_DIFFERENCE
EXC_003891,INV_000874,INV,invoice_date,1,0,0,0.92,0.75,,,,0,3.0,1,5073.17,,,,,,TIMING_DIFFERENCE,TIMING_DIFFERENCE
EXC_003892,INV_000877,INV,invoice_date,1,0,0,0.96,0.75,,,,0,3.0,1,12267.28,,,,,,TIMING_DIFFERENCE,TIMING_DIFFERENCE
EXC_003895,INV/000892,INV,invoice_date,1,0,0,0.96,0.75,,,,0,1.0,1,,,,,,,TIMING_DIFFERENCE,TIMING_DIFFERENCE
EXC_003896,INV_000894,INV,invoice_date,1,0,0,0.96,0.75,,,,0,2.0,1,3097.32,,,,,,TIMING_DIFFERENCE,TIMING_DIFFERENCE
EXC_003898,INV_000899,INV,invoice_date,1,0,0,0.92,0.625,,,,0,3.0,1,49905.74,,,,,,TIMING_DIFFERENCE,TIMING_DIFFERENCE
EXC_003899,INV_000906,INV,invoice_date,1,0,0,0.96,0.7142857142857143,,,,0,3.0,1,13927.66,,,,,,TIMING_DIFFERENCE,TIMING_DIFFERENCE
EXC_003901,INV_000912,INV,invoice_date,1,0,0,0.96,0.75,,,,0,2.0,1,29955.36,,,,,,TIMING_DIFFERENCE,TIMING_DIFFERENCE
EXC_003903,INV_000917,INV,invoice_date,1,0,0,0.92,0.75,,,,0,2.0,1,13447.22,,,,,,TIMING_DIFFERENCE,TIMING_DIFFERENCE
EXC_003904,INV_000922,INV,invoice_date,1,0,0,0.96,0.75,,,,0,3.0,1,104117.3,,,,,,TIMING_DIFFERENCE,TIMING_DIFFERENCE
EXC_003905,INV_000936,INV,invoice_date,1,0,0,0.92,0.5,,,,0,3.0,1,14835.31,,,,,,TIMING_DIFFERENCE,TIMING_DIFFERENCE
EXC_003907,INV_000939,INV,invoice_date,1,0,0,0.96,0.75,,,,0,2.0,1,7214.52,,,,,,TIMING_DIFFERENCE,TIMING_DIFFERENCE
EXC_003909,INV_000949,INV,invoice_date,1,0,0,0.96,0.75,,,,0,1.0,1,11990.69,,,,,,TIMING_DIFFERENCE,TIMING_DIFFERENCE
EXC_003910,INV_000951,INV,invoice_date,1,0,0,0.96,0.75,,,,0,2.0,1,36611.57,,,,,,TIMING_DIFFERENCE,TIMING_DIFFERENCE
EXC_003912,INV_000959,INV,invoice_date,1,0,0,0.92,0.5555555555555556,,,,0,3.0,1,10149.53,,,,,,TIMING_DIFFERENCE,TIMING_DIFFERENCE
EXC_003914,INV_000966,INV,invoice_date,1,0,0,0.96,0.75,,,,0,1.0,1,1794.07,,,,,,TIMING_DIFFERENCE,TIMING_DIFFERENCE
EXC_003915,INV_000974,INV,invoice_date,1,0,0,0.96,0.75,,,,0,3.0,1,76267.24,,,,,,TIMING_DIFFERENCE,TIMING_DIFFERENCE
EXC_003916,INV_000976,INV,invoice_date,1,0,0,0.96,0.75,,,,0,1.0,1,28998.5,,,,,,TIMING_DIFFERENCE,TIMING_DIFFERENCE
EXC_003918,INV_000983,INV,invoice_date,1,0,0,0.96,0.75,,,,0,3.0,1,28915.07,,,,,,TIMING_DIFFERENCE,TIMING_DIFFERENCE
EXC_003919,INV_000985,INV,invoice_date,1,0,0,0.92,0.75,,,,0,1.0,1,30040.79,,,,,,TIMING_DIFFERENCE,TIMING_DIFFERENCE
EXC_003926,INV-001034,INV,invoice_date,1,0,0,0.96,0.75,,,,0,3.0,1,,,,,,,TIMING_DIFFERENCE,TIMING_DIFFERENCE
EXC_003928,INV_001039,INV,invoice_date,1,0,0,0.96,0.75,,,,0,2.0,1,602.98,,,,,,TIMING_DIFFERENCE,TIMING_DIFFERENCE
EXC_003929,INVOICE001044,INVOICE,invoice_date,1,0,0,0.96,0.75,,,,0,1.0,1,,,,,,,TIMING_DIFFERENCE,TIMING_DIFFERENCE
EXC_003930,INV-001047,INV,invoice_date,1,0,0,0.96,0.75,,,,0,3.0,1,,,,,,,TIMING_DIFFERENCE,TIMING_DIFFERENCE
EXC_003931,INV_001052,INV,invoice_date,1,0,0,0.92,0.5555555555555556,,,,0,2.0,1,3445.6,,,,,,TIMING_DIFFERENCE,TIMING_DIFFERENCE
EXC_003936,INV_001062,INV,invoice_date,1,0,0,0.88,0.5555555555555556,,,,0,3.0,1,68445.9,,,,,,TIMING_DIFFERENCE,TIMING_DIFFERENCE
EXC_003937,INV/001066,INV,invoice_date,1,0,0,0.92,0.5555555555555556,,,,0,3.0,1,,,,,,,TIMING_DIFFERENCE,TIMING_DIFFERENCE
EXC_003938,INV_001076,INV,invoice_date,1,0,0,0.92,0.75,,,,0,1.0,1,7347.03,,,,,,TIMING_DIFFERENCE,TIMING_DIFFERENCE
EXC_003939,INV_001078,INV,invoice_date,1,0,0,0.96,0.75,,,,0,1.0,1,2351.86,,,,,,TIMING_DIFFERENCE,TIMING_DIFFERENCE
EXC_003940,I001080,I,invoice_date,1,0,0,0.96,0.75,,,,0,1.0,1,,,,,,,TIMING_DIFFERENCE,TIMING_DIFFERENCE
EXC_003941,INV_001081,INV,invoice_date,1,0,0,0.96,0.7142857142857143,,,,0,2.0,1,8026.36,,,,,,TIMING_DIFFERENCE,TIMING_DIFFERENCE
EXC_003942,INV_001099,INV,invoice_date,1,0,0,0.96,0.75,,,,0,3.0,1,2418.23,,,,,,TIMING_DIFFERENCE,TIMING_DIFFERENCE
EXC_003943,INV_001114,INV,invoice_date,1,0,0,0.96,0.75,,,,0,3.0,1,23212.02,,,,,,TIMING_DIFFERENCE,TIMING_DIFFERENCE
EXC_003944,INV_001120,INV,invoice_date,1,0,0,0.92,0.75,,,,0,3.0,1,31296.08,,,,,,TIMING_DIFFERENCE,TIMING_DIFFERENCE
EXC_003947,INV_001139,INV,invoice_date,1,0,0,0.96,0.75,,,,0,2.0,1,2950.24,,,,,,TIMING_DIFFERENCE,TIMING_DIFFERENCE
EXC_003948,INV001142,INV,invoice_date,1,0,0,0.96,0.75,,,,0,3.0,1,,,,,,,TIMING_DIFFERENCE,TIMING_DIFFERENCE
EXC_003950,INV_001146,INV,invoice_date,1,0,0,0.96,0.75,,,,0,3.0,1,15054.44,,,,,,TIMING_DIFFERENCE,TIMING_DIFFERENCE
EXC_003951,INV_001153,INV,invoice_date,1,0,0,0.92,0.75,,,,0,2.0,1,4479.28,,,,,,TIMING_DIFFERENCE,TIMING_DIFFERENCE
EXC_003953,INV_001160,INV,invoice_date,1,0,0,0.96,0.7142857142857143,,,,0,3.0,1,2757.42,,,,,,TIMING_DIFFERENCE,TIMING_DIFFERENCE
EXC_003954,INV_001161,INV,invoice_date,1,0,0,0.96,0.75,,,,0,1.0,1,2830.82,,,,,,TIMING_DIFFERENCE,TIMING_DIFFERENCE
EXC_003956,INV001171,INV,invoice_date,1,0,0,0.96,0.75,,,,0,3.0,1,,,,,,,TIMING_DIFFERENCE,TIMING_DIFFERENCE
EXC_003957,INV_001172,INV,invoice_date,1,0,0,0.92,0.75,,,,0,1.0,1,31222.1,,,,,,TIMING_DIFFERENCE,TIMING_DIFFERENCE
EXC_003958,INV_001181,INV,invoice_date,1,0,0,0.92,0.75,,,,0,3.0,1,15394.75,,,,,,TIMING_DIFFERENCE,TIMING_DIFFERENCE
EXC_003959,INV_001187,INV,invoice_date,1,0,0,0.96,0.75,,,,0,3.0,1,4459.22,,,,,,TIMING_DIFFERENCE,TIMING_DIFFERENCE
EXC_003960,INV_001193,INV,invoice_date,1,0,0,0.92,0.7142857142857143,,,,0,3.0,1,5641.99,,,,,,TIMING_DIFFERENCE,TIMING_DIFFERENCE
EXC_003961,INV_001194,INV,invoice_date,1,0,0,0.96,0.7142857142857143,,,,0,2.0,1,44849.44,,,,,,TIMING_DIFFERENCE,TIMING_DIFFERENCE
EXC_003962,INV_001206,INV,invoice_date,1,0,0,0.96,0.75,,,,0,2.0,1,28327.08,,,,,,TIMING_DIFFERENCE,TIMING_DIFFERENCE
EXC_003963,INV_001207,INV,invoice_date,1,0,0,0.96,0.75,,,,0,1.0,1,98882.82,,,,,,TIMING_DIFFERENCE,TIMING_DIFFERENCE
EXC_003964,INV_001219,INV,invoice_date,1,0,0,0.96,0.75,,,,0,3.0,1,53377.3,,,,,,TIMING_DIFFERENCE,TIMING_DIFFERENCE
EXC_003965,INV_001223,INV,invoice_date,1,0,0,0.92,0.75,,,,0,2.0,1,4596.1,,,,,,TIMING_DIFFERENCE,TIMING_DIFFERENCE
EXC_003966,INV_001224,INV,invoice_date,1,0,0,0.88,0.5555555555555556,,,,0,3.0,1,19233.0,,,,,,TIMING_DIFFERENCE,TIMING_DIFFERENCE
EXC_003967,INV_001242,INV,invoice_date,1,0,0,0.96,0.75,,,,0,2.0,1,52219.54,,,,,,TIMING_DIFFERENCE,TIMING_DIFFERENCE
EXC_003969,INV_001254,INV,invoice_date,1,0,0,0.96,0.75,,,,0,3.0,1,4094.01,,,,,,TIMING_DIFFERENCE,TIMING_DIFFERENCE
EXC_003970,INV_001255,INV,invoice_date,1,0,0,0.96,0.75,,,,0,3.0,1,2940.56,,,,,,TIMING_DIFFERENCE,TIMING_DIFFERENCE
EXC_003972,INV_001263,INV,invoice_date,1,0,0,0.92,0.75,,,,0,3.0,1,31148.46,,,,,,TIMING_DIFFERENCE,TIMING_DIFFERENCE
EXC_003973,INV_001264,INV,invoice_date,1,0,0,0.96,0.75,,,,0,2.0,1,49932.88,,,,,,TIMING_DIFFERENCE,TIMING_DIFFERENCE
EXC_003975,INV_001292,INV,invoice_date,1,0,0,0.96,0.75,,,,0,2.0,1,48721.73,,,,,,TIMING_DIFFERENCE,TIMING_DIFFERENCE
EXC_003976,INV_001294,INV,invoice_date,1,0,0,0.96,0.75,,,,0,2.0,1,44578.04,,,,,,TIMING_DIFFERENCE,TIMING_DIFFERENCE
EXC_003977,INV_001299,INV,invoice_date,1,0,0,0.92,0.75,,,,0,2.0,1,32498.2,,,,,,TIMING_DIFFERENCE,TIMING_DIFFERENCE
EXC_003978,INV_001300,INV,invoice_date,1,0,0,0.92,0.75,,,,0,3.0,1,3779.54,,,,,,TIMING_DIFFERENCE,TIMING_DIFFERENCE
EXC_003979,INV_001309,INV,invoice_date,1,0,0,0.96,0.75,,,,0,2.0,1,13017.94,,,,,,TIMING_DIFFERENCE,TIMING_DIFFERENCE
EXC_003980,INV_001310,INV,invoice_date,1,0,0,0.88,0.5555555555555556,,,,0,3.0,1,56599.88,,,,,,TIMING_DIFFERENCE,TIMING_DIFFERENCE
EXC_003981,INV_001331,INV,invoice_date,1,0,0,0.96,0.75,,,,0,1.0,1,10156.38,,,,,,TIMING_DIFFERENCE,TIMING_DIFFERENCE
EXC_003982,INV_001332,INV,invoice_date,1,0,0,0.96,0.75,,,,0,1.0,1,3825.56,,,,,,TIMING_DIFFERENCE,TIMING_DIFFERENCE
EXC_003983,INV_001333,INV,invoice_date,1,0,0,0.96,0.75,,,,0,2.0,1,38812.91,,,,,,TIMING_DIFFERENCE,TIMING_DIFFERENCE
EXC_003984,INV_001335,INV,invoice_date,1,0,0,0.96,0.75,,,,0,1.0,1,25622.64,,,,,,TIMING_DIFFERENCE,TIMING_DIFFERENCE
EXC_003985,INV_001337,INV,invoice_date,1,0,0,0.96,0.75,,,,0,2.0,1,14082.12,,,,,,TIMING_DIFFERENCE,TIMING_DIFFERENCE
EXC_003987,INV_001358,INV,invoice_date,1,0,0,0.96,0.75,,,,0,2.0,1,31332.54,,,,,,TIMING_DIFFERENCE,TIMING_DIFFERENCE
EXC_003988,INV_001367,INV,invoice_date,1,0,0,0.92,0.5555555555555556,,,,0,2.0,1,1420.25,,,,,,TIMING_DIFFERENCE,TIMING_DIFFERENCE
EXC_003989,INV_001372,INV,invoice_date,1,0,0,0.96,0.75,,,,0,3.0,1,10414.68,,,,,,TIMING_DIFFERENCE,TIMING_DIFFERENCE
EXC_003990,INV_001373,INV,invoice_date,1,0,0,0.92,0.75,,,,0,1.0,1,35435.93,,,,,,TIMING_DIFFERENCE,TIMING_DIFFERENCE
EXC_003992,INV_001375,INV,invoice_date,1,0,0,0.96,0.75,,,,0,3.0,1,2939.26,,,,,,TIMING_DIFFERENCE,TIMING_DIFFERENCE
EXC_003993,INV_001385,INV,invoice_date,1,0,0,0.96,0.75,,,,0,3.0,1,42731.4,,,,,,TIMING_DIFFERENCE,TIMING_DIFFERENCE
EXC_003994,INV_001387,INV,invoice_date,1,0,0,0.92,0.5555555555555556,,,,0,3.0,1,12862.0,,,,,,TIMING_DIFFERENCE,TIMING_DIFFERENCE
EXC_003995,INV001388,INV,invoice_date,1,0,0,0.96,0.75,,,,0,3.0,1,,,,,,,TIMING_DIFFERENCE,TIMING_DIFFERENCE
EXC_003996,INV_001396,INV,invoice_date,1,0,0,0.96,0.75,,,,0,2.0,1,4147.94,,,,,,TIMING_DIFFERENCE,TIMING_DIFFERENCE
EXC_003997,INV_001397,INV,invoice_date,1,0,0,0.96,0.75,,,,0,1.0,1,68337.58,,,,,,TIMING_DIFFERENCE,TIMING_DIFFERENCE
EXC_003998,INV_001403,INV,invoice_date,1,0,0,0.96,0.75,,,,0,2.0,1,895.26,,,,,,TIMING_DIFFERENCE,TIMING_DIFFERENCE
EXC_004001,INV001407,INV,invoice_date,1,0,0,0.96,0.75,,,,0,2.0,1,,,,,,,TIMING_DIFFERENCE,TIMING_DIFFERENCE
EXC_004002,INV_001410,INV,invoice_date,1,0,0,0.96,0.75,,,,0,3.0,1,4973.35,,,,,,TIMING_DIFFERENCE,TIMING_DIFFERENCE
EXC_004004,INV_001428,INV,invoice_date,1,0,0,0.92,0.75,,,,0,3.0,1,21004.0,,,,,,TIMING_DIFFERENCE,TIMING_DIFFERENCE
EXC_004005,INV_001435,INV,invoice_date,1,0,0,0.96,0.7142857142857143,,,,0,3.0,1,146332.98,,,,,,TIMING_DIFFERENCE,TIMING_DIFFERENCE
EXC_004006,INV_001437,INV,invoice_date,1,0,0,0.96,0.7142857142857143,,,,0,3.0,1,3040.15,,,,,,TIMING_DIFFERENCE,TIMING_DIFFERENCE
EXC_004007,INV_001443,INV,invoice_date,1,0,0,0.96,0.75,,,,0,2.0,1,45006.38,,,,,,TIMING_DIFFERENCE,TIMING_DIFFERENCE
EXC_004008,INV_001447,INV,invoice_date,1,0,0,0.96,0.75,,,,0,2.0,1,4472.38,,,,,,TIMING_DIFFERENCE,TIMING_DIFFERENCE
EXC_004009,INV/001452,INV,invoice_date,1,0,0,0.96,0.75,,,,0,1.0,1,,,,,,,TIMING_DIFFERENCE,TIMING_DIFFERENCE
EXC_004010,INV_001453,INV,invoice_date,1,0,0,0.96,0.75,,,,0,3.0,1,6105.79,,,,,,TIMING_DIFFERENCE,TIMING_DIFFERENCE
EXC_004012,INV_001461,INV,invoice_date,1,0,0,0.96,0.75,,,,0,3.0,1,8740.44,,,,,,TIMING_DIFFERENCE,TIMING_DIFFERENCE
EXC_004013,INV_001467,INV,invoice_date,1,0,0,0.96,0.75,,,,0,1.0,1,13037.82,,,,,,TIMING_DIFFERENCE,TIMING_DIFFERENCE
EXC_004014,INV_001471,INV,invoice_date,1,0,0,0.96,0.75,,,,0,1.0,1,31199.32,,,,,,TIMING_DIFFERENCE,TIMING_DIFFERENCE
EXC_004015,INV_001474,INV,invoice_date,1,0,0,0.92,0.5555555555555556,,,,0,3.0,1,644.63,,,,,,TIMING_DIFFERENCE,TIMING_DIFFERENCE
EXC_004017,INV_001481,INV,invoice_date,1,0,0,0.96,0.75,,,,0,3.0,1,16319.4,,,,,,TIMING_DIFFERENCE,TIMING_DIFFERENCE
EXC_004018,INV_001486,INV,invoice_date,1,0,0,0.96,0.75,,,,0,2.0,1,2026.06,,,,,,TIMING_DIFFERENCE,TIMING_DIFFERENCE
EXC_004020,INV/001498,INV,invoice_date,1,0,0,0.92,0.7142857142857143,,,,0,3.0,1,,,,,,,TIMING_DIFFERENCE,TIMING_DIFFERENCE
EXC_004022,INV_001504,INV,invoice_date,1,0,0,0.92,0.75,,,,0,3.0,1,1829.0,,,,,,TIMING_DIFFERENCE,TIMING_DIFFERENCE
EXC_004023,INV_001505,INV,invoice_date,1,0,0,0.96,0.75,,,,0,2.0,1,68736.18,,,,,,TIMING_DIFFERENCE,TIMING_DIFFERENCE
EXC_004024,INV_001508,INV,invoice_date,1,0,0,0.96,0.75,,,,0,1.0,1,39168.33,,,,,,TIMING_DIFFERENCE,TIMING_DIFFERENCE
EXC_004025,INV_001509,INV,invoice_date,1,0,0,0.96,0.75,,,,0,3.0,1,3706.09,,,,,,TIMING_DIFFERENCE,TIMING_DIFFERENCE
EXC_004026,INV_001514,INV,invoice_date,1,0,0,0.96,0.75,,,,0,1.0,1,44328.94,,,,,,TIMING_DIFFERENCE,TIMING_DIFFERENCE
EXC_004028,INV_001522,INV,invoice_date,1,0,0,0.96,0.75,,,,0,1.0,1,2041.7,,,,,,TIMING_DIFFERENCE,TIMING_DIFFERENCE
EXC_004029,INV_001530,INV,invoice_date,1,0,0,0.96,0.75,,,,0,2.0,1,109152.36,,,,,,TIMING_DIFFERENCE,TIMING_DIFFERENCE
EXC_004031,INV_001540,INV,invoice_date,1,0,0,0.96,0.75,,,,0,3.0,1,27392.17,,,,,,TIMING_DIFFERENCE,TIMING_DIFFERENCE
EXC_004032,INV_001541,INV,invoice_date,1,0,0,0.96,0.75,,,,0,1.0,1,65798.22,,,,,,TIMING_DIFFERENCE,TIMING_DIFFERENCE
EXC_004034,INV_001543,INV,invoice_date,1,0,0,0.96,0.75,,,,0,2.0,1,192938.26,,,,,,TIMING_DIFFERENCE,TIMING_DIFFERENCE
EXC_004036,INV_001556,INV,invoice_date,1,0,0,0.96,0.75,,,,0,2.0,1,9271.26,,,,,,TIMING_DIFFERENCE,TIMING_DIFFERENCE
EXC_004037,INV_001561,INV,invoice_date,1,0,0,0.96,0.75,,,,0,1.0,1,2030.78,,,,,,TIMING_DIFFERENCE,TIMING_DIFFERENCE
EXC_004039,INV_001576,INV,invoice_date,1,0,0,0.96,0.75,,,,0,2.0,1,1794.78,,,,,,TIMING_DIFFERENCE,TIMING_DIFFERENCE
EXC_004040,INV_001591,INV,invoice_date,1,0,0,0.96,0.75,,,,0,3.0,1,7184.78,,,,,,TIMING_DIFFERENCE,TIMING_DIFFERENCE
EXC_004041,INV_001604,INV,invoice_date,1,0,0,0.92,0.625,,,,0,3.0,1,16686.38,,,,,,TIMING_DIFFERENCE,TIMING_DIFFERENCE
EXC_004042,INV_001614,INV,invoice_date,1,0,0,0.96,0.75,,,,0,2.0,1,930.78,,,,,,TIMING_DIFFERENCE,TIMING_DIFFERENCE
EXC_004045,INV_001658,INV,invoice_date,1,0,0,0.96,0.75,,,,0,3.0,1,3726.44,,,,,,TIMING_DIFFERENCE,TIMING_DIFFERENCE
EXC_004047,INV_001669,INV,invoice_date,1,0,0,0.96,0.75,,,,0,2.0,1,6872.2,,,,,,TIMING_DIFFERENCE,TIMING_DIFFERENCE
EXC_004051,INV_001676,INV,invoice_date,1,0,0,0.96,0.7142857142857143,,,,0,2.0,1,4475.27,,,,,,TIMING_DIFFERENCE,TIMING_DIFFERENCE
EXC_004054,INV_001700,INV,invoice_date,1,0,0,0.96,0.7142857142857143,,,,0,2.0,1,14384.2,,,,,,TIMING_DIFFERENCE,TIMING_DIFFERENCE
EXC_004055,INV_001705,INV,invoice_date,1,0,0,0.96,0.75,,,,0,1.0,1,34668.4,,,,,,TIMING_DIFFERENCE,TIMING_DIFFERENCE
EXC_004056,INV_001708,INV,invoice_date,1,0,0,0.96,0.75,,,,0,2.0,1,3602.54,,,,,,TIMING_DIFFERENCE,TIMING_DIFFERENCE
EXC_004057,INV_001716,INV,invoice_date,1,0,0,0.92,0.6666666666666666,,,,0,2.0,1,37755.28,,,,,,TIMING_DIFFERENCE,TIMING_DIFFERENCE
EXC_004058,INV_001717,INV,invoice_date,1,0,0,0.96,0.75,,,,0,2.0,1,286.98,,,,,,TIMING_DIFFERENCE,TIMING_DIFFERENCE
EXC_004059,INV_001720,INV,invoice_date,1,0,0,0.96,0.75,,,,0,2.0,1,1393.34,,,,,,TIMING_DIFFERENCE,TIMING_DIFFERENCE
EXC_004060,BNK_000478,BNK,amount,1,0,0,0.3333333333333333,0.0,-2149.140000000014,2149.140000000014,0.00955861553651969,1,,0,224838.0,,,,,,AMOUNT_DISCREPANCY,AMOUNT_DISCREPANCY__TAX_MISMATCH
EXC_004061,BNK_000533,BNK,amount,1,0,0,0.42857142857142855,0.0,-243.42999999999984,243.42999999999984,0.09029302670623139,1,,0,2696.0,,,,,,AMOUNT_DISCREPANCY,AMOUNT_DISCREPANCY__PARTIAL_SETTLEMENT
EXC_004064,BNK_000278,BNK,amount,1,0,0,0.42857142857142855,0.0,10.539999999999964,10.539999999999964,0.007577282530553533,1,,0,1391.0,,,,,,AMOUNT_DISCREPANCY,AMOUNT_DISCREPANCY__TAX_MISMATCH
EXC_004065,BNK_000412,BNK,amount,1,0,0,0.4444444444444444,0.0,-953.7300000000105,953.7300000000105,0.005401886097816604,1,,0,176555.0,,,,,,AMOUNT_DISCREPANCY,AMOUNT_DISCREPANCY__TAX_MISMATCH
EXC_004066,BNK_000489,BNK,amount,1,0,0,0.375,0.0,-682.5,682.5,0.010467470322996227,1,,0,65202.0,,,,,,AMOUNT_DISCREPANCY,AMOUNT_DISCREPANCY__FEE_ADJUSTMENT
EXC_004067,BNK_000518,BNK,amount,1,0,0,0.7142857142857143,0.3333333333333333,-0.27999999999974534,0.27999999999974534,3.699788583506149e-05,1,,0,7568.0,,,,,,AMOUNT_DISCREPANCY,AMOUNT_DISCREPANCY__ROUNDING
EXC_004069,BNK_000365,BNK,amount,1,0,0,0.375,0.0,-2172.3800000000047,2172.3800000000047,0.025876761444175826,1,,0,83951.0,,,,,,AMOUNT_DISCREPANCY,AMOUNT_DISCREPANCY__UNKNOWN
EXC_004070,BNK_000111,BNK,amount,1,0,0,0.5555555555555556,0.0,3126.859999999986,3126.859999999986,0.00921342823441975,1,,0,339380.73,,,,,,AMOUNT_DISCREPANCY,AMOUNT_DISCREPANCY__FEE_ADJUSTMENT
EXC_004071,BNK_000332,BNK,amount,1,0,0,0.5714285714285714,0.0,0.15999999999985448,0.15999999999985448,4.9443757725542176e-05,1,,0,3236.0,,,,,,AMOUNT_DISCREPANCY,AMOUNT_DISCREPANCY__ROUNDING
EXC_004072,BNK_000400,BNK,amount,1,0,0,0.5,0.0,-7.279999999999973,7.279999999999973,0.013308957952467957,1,,0,547.0,,,,,,AMOUNT_DISCREPANCY,AMOUNT_DISCREPANCY__FEE_ADJUSTMENT
EXC_004073,BNK_000369,BNK,amount,1,0,0,0.5714285714285714,0.0,0.33999999999991815,0.33999999999991815,0.00019307211811466106,1,,0,1761.0,,,,,,AMOUNT_DISCREPANCY,AMOUNT_DISCREPANCY__ROUNDING
EXC_004075,BNK_000121,BNK,amount,1,0,0,0.4444444444444444,0.0,-27191.20000000001,27191.20000000001,0.0603599389119557,1,,0,450484.22,,,,,,AMOUNT_DISCREPANCY,AMOUNT_DISCREPANCY__PARTIAL_SETTLEMENT
EXC_004076,BNK_000246,BNK,amount,1,0,0,0.4444444444444444,0.0,1155.3600000000006,1155.3600000000006,0.009194260749158455,1,,0,125661.0,,,,,,AMOUNT_DISCREPANCY,AMOUNT_DISCREPANCY__FEE_ADJUSTMENT
EXC_004078,BNK_000250,BNK,amount,1,0,0,0.25,0.0,-229.9900000000016,229.9900000000016,0.009625831833591496,1,,0,23893.0,,,,,,AMOUNT_DISCREPANCY,AMOUNT_DISCREPANCY__UNKNOWN
EXC_004079,BNK_000381,BNK,amount,1,0,0,0.42857142857142855,0.0,709.8199999999997,709.8199999999997,0.0950864032150033,1,,0,7465.0,,,,,,AMOUNT_DISCREPANCY,AMOUNT_DISCREPANCY__PARTIAL_SETTLEMENT
EXC_004080,BNK_000020,BNK,amount,1,0,0,0.2222222222222222,0.0,-4546.320000000007,4546.320000000007,0.028446187274737397,1,,0,159821.77,,,,,,AMOUNT_DISCREPANCY,AMOUNT_DISCREPANCY__PARTIAL_SETTLEMENT
EXC_004082,BNK_000384,BNK,amount,1,0,0,0.7142857142857143,0.3333333333333333,-23.0,23.0,0.0057213930348258705,1,,0,4020.0,,,,,,AMOUNT_DISCREPANCY,AMOUNT_DISCREPANCY__FEE_ADJUSTMENT
EXC_004083,BNK_000445,BNK,amount,1,0,0,0.4444444444444444,0.0,-1761.5499999999884,1761.5499999999884,0.004290738940973843,1,,0,410547.0,,,,,,AMOUNT_DISCREPANCY,AMOUNT_DISCREPANCY__TAX_MISMATCH
EXC_004084,BNK_000058,BNK,amount,1,0,0,0.4444444444444444,0.0,3016.579999999987,3016.579999999987,0.018011828677868238,1,,0,167477.72,,,,,,AMOUNT_DISCREPANCY,AMOUNT_DISCREPANCY__FEE_ADJUSTMENT
EXC_004085,BNK_000212,BNK,amount,1,0,0,0.625,0.0,33.19000000000051,33.19000000000051,0.002406293047197891,1,,0,13793.0,,,,,,AMOUNT_DISCREPANCY,AMOUNT_DISCREPANCY__TAX_MISMATCH
EXC_004086,BNK_000401,BNK,amount,1,0,0,0.5,0.0,5.950000000000003,5.950000000000003,0.052192982456140374,1,,0,114.0,,,,,,AMOUNT_DISCREPANCY,AMOUNT_DISCREPANCY__PARTIAL_SETTLEMENT
EXC_004089,BNK_000229,BNK,amount,1,0,0,0.5,0.0,0.8999999999941792,0.8999999999941792,1.2773204655040864e-05,1,,0,70460.0,,,,,,AMOUNT_DISCREPANCY,AMOUNT_DISCREPANCY__ROUNDING
EXC_004090,BNK_000411,BNK,amount,1,0,0,0.375,0.0,-591.25,591.25,0.03601230356925326,1,,0,16418.0,,,,,,AMOUNT_DISCREPANCY,AMOUNT_DISCREPANCY__UNKNOWN
EXC_004091,BNK_000413,BNK,amount,1,0,0,0.5,0.0,74.07999999999993,74.07999999999993,0.0059857789269553915,1,,0,12376.0,,,,,,AMOUNT_DISCREPANCY,AMOUNT_DISCREPANCY__TAX_MISMATCH
EXC_004093,BNK_000066,BNK,amount,1,0,0,0.5555555555555556,0.0,-1290.9599999999919,1290.9599999999919,0.005921955203034593,1,,0,217995.57,,,,,,AMOUNT_DISCREPANCY,AMOUNT_DISCREPANCY__PARTIAL_SETTLEMENT
EXC_004094,BNK_000210,BNK,amount,1,0,0,0.2857142857142857,0.0,71.46999999999935,71.46999999999935,0.008160538935830023,1,,0,8758.0,,,,,,AMOUNT_DISCREPANCY,AMOUNT_DISCREPANCY__TAX_MISMATCH
EXC_004095,BNK_000358,BNK,amount,1,0,0,0.5555555555555556,0.0,724.9500000000116,724.9500000000116,0.0049500522351881605,1,,0,146453.0,,,,,,AMOUNT_DISCREPANCY,AMOUNT_DISCREPANCY__TAX_MISMATCH
EXC_004099,BNK_000540,BNK,amount,1,0,0,0.4444444444444444,0.0,-841.4700000000012,841.4700000000012,0.00574645059515274,1,,0,146433.0,,,,,,AMOUNT_DISCREPANCY,AMOUNT_DISCREPANCY__FEE_ADJUSTMENT
EXC_004100,BNK_000104,BNK,amount,1,0,0,0.25,0.0,-1276.9300000000003,1276.9300000000003,0.05682234856036227,1,,0,22472.32,,,,,,AMOUNT_DISCREPANCY,AMOUNT_DISCREPANCY__PARTIAL_SETTLEMENT
EXC_004101,BNK_000172,BNK,amount,1,0,0,0.5,0.0,-276.6800000000003,276.6800000000003,0.008648258017408426,1,,0,31992.57,,,,,,AMOUNT_DISCREPANCY,AMOUNT_DISCREPANCY__FEE_ADJUSTMENT
EXC_004102,STL_000033,STL,net_amount,1,0,0,0.2222222222222222,0.0,8588.130000000005,8588.130000000005,0.04204229857256125,1,,0,204273.56,,,,,,AMOUNT_DISCREPANCY,AMOUNT_DISCREPANCY__UNKNOWN
EXC_004105,STL_000064,STL,net_amount,1,0,0,0.4444444444444444,0.0,2826.389999999985,2826.389999999985,0.015356736501560617,1,,0,184048.87,,,,,,AMOUNT_DISCREPANCY,AMOUNT_DISCREPANCY__FEE_ADJUSTMENT
EXC_004106,STL_000078,STL,net_amount,1,0,0,0.375,0.0,-141.28000000000247,141.28000000000247,0.004816823971472812,1,,0,29330.53,,,,-1818.0,-0.07771177117711907,AMOUNT_DISCREPANCY,AMOUNT_DISCREPANCY__PARTIAL_SETTLEMENT
EXC_004107,STL/000079,STL,net_amount,1,0,0,0.5,0.0,182.9499999999971,182.9499999999971,0.008131642378413038,1,,0,,,,,,,AMOUNT_DISCREPANCY,AMOUNT_DISCREPANCY__TAX_MISMATCH
EXC_004110,STL_000114,STL,net_amount,1,0,0,0.8888888888888888,0.3333333333333333,-0.029999999969732016,0.029999999969732016,5.981601902446896e-08,1,,0,501537.89,,,,,,AMOUNT_DISCREPANCY,AMOUNT_DISCREPANCY__ROUNDING
EXC_004111,STL_000118,STL,net_amount,1,0,0,0.4444444444444444,0.0,-294.8500000000058,294.8500000000058,0.0014092763699220503,1,,0,209220.85,,,,401.0,0.7352867830424086,AMOUNT_DISCREPANCY,AMOUNT_DISCREPANCY__TAX_MISMATCH
EXC_004112,STL000122,STL,net_amount,1,0,0,0.4444444444444444,0.0,-5408.200000000012,5408.200000000012,0.011142488950430391,1,,0,,,,,,,AMOUNT_DISCREPANCY,AMOUNT_DISCREPANCY__FEE_ADJUSTMENT
EXC_004113,STL_000130,STL,net_amount,1,0,0,0.2222222222222222,0.0,-70936.71000000008,70936.71000000008,0.09510773756903737,1,,0,745856.35,,,,,,AMOUNT_DISCREPANCY,AMOUNT_DISCREPANCY__PARTIAL_SETTLEMENT
EXC_004115,STL_000156,STL,net_amount,1,0,0,0.625,0.0,898.3999999999942,898.3999999999942,0.011954143140485322,1,,0,75153.86,,,,,,AMOUNT_DISCREPANCY,AMOUNT_DISCREPANCY__PARTIAL_SETTLEMENT
EXC_004116,STL_000163,STL,net_amount,1,0,0,0.5,0.0,-1159.050000000003,1159.050000000003,0.014134428592508259,1,,0,82001.9,,,,,,AMOUNT_DISCREPANCY,AMOUNT_DISCREPANCY__UNKNOWN
EXC_004118,BNK_000342,BNK,NONE,0,0,0,0.0,0.0,,,,0,,0,376.0,,,,,,MISSING_RECORD,MISSING_RECORD
EXC_004120,BNK_000008,BNK,NONE,0,0,0,0.0,0.0,,,,0,,0,293086.01,,,,,,MISSING_RECORD,MISSING_RECORD
EXC_004121,BNK_000080,BNK,NONE,0,0,0,0.0,0.0,,,,0,,0,10725.98,,,,,,MISSING_RECORD,MISSING_RECORD
EXC_004122,BNK_000324,BNK,NONE,0,0,0,0.0,0.0,,,,0,,0,9436.0,,,,,,MISSING_RECORD,MISSING_RECORD
EXC_004123,BNK_000118,BNK,NONE,0,0,0,0.0,0.0,,,,0,,0,209220.85,,,,,,MISSING_RECORD,MISSING_RECORD
EXC_004125,BNK_000405,BNK,NONE,0,0,0,0.0,0.0,,,,0,,0,731.0,,,,,,MISSING_RECORD,MISSING_RECORD
EXC_004126,BNK_000442,BNK,NONE,0,0,0,0.0,0.0,,,,0,,0,18561.0,,,,,,MISSING_RECORD,MISSING_RECORD
EXC_004127,BNK_000215,BNK,NONE,0,0,0,0.0,0.0,,,,0,,0,11016.0,,,,,,MISSING_RECORD,MISSING_RECORD
EXC_004128,BNK_000307,BNK,NONE,0,0,0,0.0,0.0,,,,0,,0,56814.0,,,,,,MISSING_RECORD,MISSING_RECORD
EXC_004129,BNK_000315,BNK,NONE,0,0,0,0.0,0.0,,,,0,,0,69999.0,,,,,,MISSING_RECORD,MISSING_RECORD
EXC_004131,BNK_000313,BNK,NONE,0,0,0,0.0,0.0,,,,0,,0,497192.0,,,,,,MISSING_RECORD,MISSING_RECORD
EXC_004132,BNK_000377,BNK,NONE,0,0,0,0.0,0.0,,,,0,,0,101086.0,,,,,,MISSING_RECORD,MISSING_RECORD
EXC_004133,BNK_000092,BNK,NONE,0,0,0,0.0,0.0,,,,0,,0,17245.78,,,,,,MISSING_RECORD,MISSING_RECORD
EXC_004134,BNK_000023,BNK,NONE,0,0,0,0.0,0.0,,,,0,,0,350092.58,,,,,,MISSING_RECORD,MISSING_RECORD
EXC_004135,BNK_000464,BNK,NONE,0,0,0,0.0,0.0,,,,0,,0,37040.0,,,,,,MISSING_RECORD,MISSING_RECORD
EXC_004137,BNK_000280,BNK,NONE,0,0,0,0.0,0.0,,,,0,,0,99227.0,,,,,,MISSING_RECORD,MISSING_RECORD
EXC_004138,BNK_000350,BNK,NONE,0,0,0,0.0,0.0,,,,0,,0,22911.0,,,,,,MISSING_RECORD,MISSING_RECORD
EXC_004140,BNK_000140,BNK,NONE,0,0,0,0.0,0.0,,,,0,,0,1454283.74,,,,,,MISSING_RECORD,MISSING_RECORD
EXC_004141,BNK_000219,BNK,NONE,0,0,0,0.0,0.0,,,,0,,0,376006.0,,,,,,MISSING_RECORD,MISSING_RECORD
EXC_004142,BNK_000254,BNK,NONE,0,0,0,0.0,0.0,,,,0,,0,4855.0,,,,,,MISSING_RECORD,MISSING_RECORD
EXC_004146,LED_000097,LED,NONE,0,0,0,0.0,0.0,,,,0,,0,4638.89,,,,,,MISSING_RECORD,MISSING_RECORD
EXC_004147,LED_000110,LED,NONE,0,0,0,0.0,0.0,,,,0,,0,820.46,,,,,,MISSING_RECORD,MISSING_RECORD
EXC_004148,LED_000117,LED,NONE,0,0,0,0.0,0.0,,,,0,,0,1054.73,,,,,,MISSING_RECORD,MISSING_RECORD
EXC_004149,LED_000245,LED,NONE,0,0,0,0.0,0.0,,,,0,,0,1988.28,,,,,,MISSING_RECORD,MISSING_RECORD
EXC_004150,LED_000256,LED,NONE,0,0,0,0.0,0.0,,,,0,,0,12091.11,,,,,,MISSING_RECORD,MISSING_RECORD
EXC_004151,LED_000260,LED,NONE,0,0,0,0.0,0.0,,,,0,,0,54042.4,,,,,,MISSING_RECORD,MISSING_RECORD
EXC_004153,LED_000369,LED,NONE,0,0,0,0.0,0.0,,,,0,,0,880.2,,,,,,MISSING_RECORD,MISSING_RECORD
EXC_004154,LED_000391,LED,NONE,0,0,0,0.0,0.0,,,,0,,0,41131.0,,,,,,MISSING_RECORD,MISSING_RECORD
EXC_004155,LED_000399,LED,NONE,0,0,0,0.0,0.0,,,,0,,0,8179.76,,,,,,MISSING_RECORD,MISSING_RECORD
EXC_004157,LED_000477,LED,NONE,0,0,0,0.0,0.0,,,,0,,0,9555.84,,,,,,MISSING_RECORD,MISSING_RECORD
EXC_004158,LED_000547,LED,NONE,0,0,0,0.0,0.0,,,,0,,0,19841.94,,,,,,MISSING_RECORD,MISSING_RECORD
EXC_004159,LED_000760,LED,NONE,0,0,0,0.0,0.0,,,,0,,0,59388.3,,,,,,MISSING_RECORD,MISSING_RECORD
EXC_004160,LED_000769,LED,NONE,0,0,0,0.0,0.0,,,,0,,0,4165.0,,,,,,MISSING_RECORD,MISSING_RECORD
EXC_004162,LED_000840,LED,NONE,0,0,0,0.0,0.0,,,,0,,0,66506.65,,,,,,MISSING_RECORD,MISSING_RECORD
EXC_004163,LED_000855,LED,NONE,0,0,0,0.0,0.0,,,,0,,0,15870.0,,,,,,MISSING_RECORD,MISSING_RECORD
EXC_004164,LED_000879,LED,NONE,0,0,0,0.0,0.0,,,,0,,0,33687.0,,,,,,MISSING_RECORD,MISSING_RECORD
EXC_004168,LED_001006,LED,NONE,0,0,0,0.0,0.0,,,,0,,0,3663.0,,,,,,MISSING_RECORD,MISSING_RECORD
EXC_004169,LED_001035,LED,NONE,0,0,0,0.0,0.0,,,,0,,0,19755.2,,,,,,MISSING_RECORD,MISSING_RECORD
EXC_004170,LED_001084,LED,NONE,0,0,0,0.0,0.0,,,,0,,0,28939.0,,,,,,MISSING_RECORD,MISSING_RECORD
EXC_004171,LED_001110,LED,NONE,0,0,0,0.0,0.0,,,,0,,0,19136.93,,,,,,MISSING_RECORD,MISSING_RECORD
EXC_004172,LED_001151,LED,NONE,0,0,0,0.0,0.0,,,,0,,0,657.9,,,,,,MISSING_RECORD,MISSING_RECORD
EXC_004175,LED_001188,LED,NONE,0,0,0,0.0,0.0,,,,0,,0,507.96,,,,,,MISSING_RECORD,MISSING_RECORD
EXC_004176,LED_001206,LED,NONE,0,0,0,0.0,0.0,,,,0,,0,14246.14,,,,,,MISSING_RECORD,MISSING_RECORD
EXC_004177,LED_001210,LED,NONE,0,0,0,0.0,0.0,,,,0,,0,40341.13,,,,,,MISSING_RECORD,MISSING_RECORD
EXC_004178,LED_001219,LED,NONE,0,0,0,0.0,0.0,,,,0,,0,33373.35,,,,,,MISSING_RECORD,MISSING_RECORD
EXC_004181,LED_001338,LED,NONE,0,0,0,0.0,0.0,,,,0,,0,39206.0,,,,,,MISSING_RECORD,MISSING_RECORD
EXC_004182,LED_001342,LED,NONE,0,0,0,0.0,0.0,,,,0,,0,17492.58,,,,,,MISSING_RECORD,MISSING_RECORD
EXC_004184,LED_001396,LED,NONE,0,0,0,0.0,0.0,,,,0,,0,8424.27,,,,,,MISSING_RECORD,MISSING_RECORD
EXC_004185,LED_001438,LED,NONE,0,0,0,0.0,0.0,,,,0,,0,2717.28,,,,,,MISSING_RECORD,MISSING_RECORD
EXC_004186,LED_001516,LED,NONE,0,0,0,0.0,0.0,,,,0,,0,4206.58,,,,,,MISSING_RECORD,MISSING_RECORD
EXC_004187,LED_001606,LED,NONE,0,0,0,0.0,0.0,,,,0,,0,28768.22,,,,,,MISSING_RECORD,MISSING_RECORD
EXC_004188,LED_001623,LED,NONE,0,0,0,0.0,0.0,,,,0,,0,1254.24,,,,,,MISSING_RECORD,MISSING_RECORD
EXC_004189,LED_001660,LED,NONE,0,0,0,0.0,0.0,,,,0,,0,6023.66,,,,,,MISSING_RECORD,MISSING_RECORD
EXC_004190,LED_001666,LED,NONE,0,0,0,0.0,0.0,,,,0,,0,604.74,,,,,,MISSING_RECORD,MISSING_RECORD
EXC_004191,LED_001667,LED,NONE,0,0,0,0.0,0.0,,,,0,,0,48555.82,,,,,,MISSING_RECORD,MISSING_RECORD
EXC_004192,LED_001821,LED,NONE,0,0,0,0.0,0.0,,,,0,,0,1876.2,,,,,,MISSING_RECORD,MISSING_RECORD
EXC_004198,LED_001990,LED,NONE,0,0,0,0.0,0.0,,,,0,,0,1357.11,,,,,,MISSING_RECORD,MISSING_RECORD
EXC_004199,LED_001992,LED,NONE,0,0,0,0.0,0.0,,,,0,,0,9012.65,,,,,,MISSING_RECORD,MISSING_RECORD
EXC_004200,LED_002038,LED,NONE,0,0,0,0.0,0.0,,,,0,,0,5246.4,,,,,,MISSING_RECORD,MISSING_RECORD
EXC_004202,LED_002053,LED,NONE,0,0,0,0.0,0.0,,,,0,,0,3433.45,,,,,,MISSING_RECORD,MISSING_RECORD
EXC_004203,LED_002067,LED,NONE,0,0,0,0.0,0.0,,,,0,,0,954.99,,,,,,MISSING_RECORD,MISSING_RECORD
EXC_004204,LED_002072,LED,NONE,0,0,0,0.0,0.0,,,,0,,0,13340.85,,,,,,MISSING_RECORD,MISSING_RECORD
EXC_004206,LED_002168,LED,NONE,0,0,0,0.0,0.0,,,,0,,0,7096.41,,,,,,MISSING_RECORD,MISSING_RECORD
EXC_004207,LED_002232,LED,NONE,0,0,0,0.0,0.0,,,,0,,0,833.55,,,,,,MISSING_RECORD,MISSING_RECORD
EXC_004208,LED_002233,LED,NONE,0,0,0,0.0,0.0,,,,0,,0,706.4,,,,,,MISSING_RECORD,MISSING_RECORD
EXC_004209,LED_002270,LED,NONE,0,0,0,0.0,0.0,,,,0,,0,2385.96,,,,,,MISSING_RECORD,MISSING_RECORD
EXC_004210,LED_002283,LED,NONE,0,0,0,0.0,0.0,,,,0,,0,35012.35,,,,,,MISSING_RECORD,MISSING_RECORD
EXC_004211,LED_002289,LED,NONE,0,0,0,0.0,0.0,,,,0,,0,26388.0,,,,,,MISSING_RECORD,MISSING_RECORD
EXC_004213,LED_002389,LED,NONE,0,0,0,0.0,0.0,,,,0,,0,3267.9,,,,,,MISSING_RECORD,MISSING_RECORD
EXC_004214,LED_002415,LED,NONE,0,0,0,0.0,0.0,,,,0,,0,1504.33,,,,,,MISSING_RECORD,MISSING_RECORD
EXC_004215,LED_002445,LED,NONE,0,0,0,0.0,0.0,,,,0,,0,4060.45,,,,,,MISSING_RECORD,MISSING_RECORD
EXC_004216,LED_002473,LED,NONE,0,0,0,0.0,0.0,,,,0,,0,7372.05,,,,,,MISSING_RECORD,MISSING_RECORD
EXC_004217,LED_002490,LED,NONE,0,0,0,0.0,0.0,,,,0,,0,5003.82,,,,,,MISSING_RECORD,MISSING_RECORD
EXC_004220,LED_002536,LED,NONE,0,0,0,0.0,0.0,,,,0,,0,2562.0,,,,,,MISSING_RECORD,MISSING_RECORD
EXC_004221,LED_002549,LED,NONE,0,0,0,0.0,0.0,,,,0,,0,3190.0,,,,,,MISSING_RECORD,MISSING_RECORD
EXC_004223,LED_002735,LED,NONE,0,0,0,0.0,0.0,,,,0,,0,5888.1,,,,,,MISSING_RECORD,MISSING_RECORD
EXC_004224,LED_002758,LED,NONE,0,0,0,0.0,0.0,,,,0,,0,7807.5,,,,,,MISSING_RECORD,MISSING_RECORD
EXC_004225,LED_002814,LED,NONE,0,0,0,0.0,0.0,,,,0,,0,2073.6,,,,,,MISSING_RECORD,MISSING_RECORD
EXC_004226,LED_002845,LED,NONE,0,0,0,0.0,0.0,,,,0,,0,2749.72,,,,,,MISSING_RECORD,MISSING_RECORD
EXC_004227,LED_002865,LED,NONE,0,0,0,0.0,0.0,,,,0,,0,48627.0,,,,,,MISSING_RECORD,MISSING_RECORD
EXC_004230,LED_002944,LED,NONE,0,0,0,0.0,0.0,,,,0,,0,23317.0,,,,,,MISSING_RECORD,MISSING_RECORD
EXC_004233,LED_003080,LED,NONE,0,0,0,0.0,0.0,,,,0,,0,18893.22,,,,,,MISSING_RECORD,MISSING_RECORD
EXC_004234,LED_003102,LED,NONE,0,0,0,0.0,0.0,,,,0,,0,4696.5,,,,,,MISSING_RECORD,MISSING_RECORD
EXC_004235,LED_003107,LED,NONE,0,0,0,0.0,0.0,,,,0,,0,1154.97,,,,,,MISSING_RECORD,MISSING_RECORD
EXC_004236,LED_003118,LED,NONE,0,0,0,0.0,0.0,,,,0,,0,19151.0,,,,,,MISSING_RECORD,MISSING_RECORD
EXC_004238,LED_003166,LED,NONE,0,0,0,0.0,0.0,,,,0,,0,1179.18,,,,,,MISSING_RECORD,MISSING_RECORD
EXC_004239,LED_003213,LED,NONE,0,0,0,0.0,0.0,,,,0,,0,140357.46,,,,,,MISSING_RECORD,MISSING_RECORD
EXC_004240,LED_003222,LED,NONE,0,0,0,0.0,0.0,,,,0,,0,12889.26,,,,,,MISSING_RECORD,MISSING_RECORD
EXC_004241,LED_003290,LED,NONE,0,0,0,0.0,0.0,,,,0,,0,2940.56,,,,,,MISSING_RECORD,MISSING_RECORD
EXC_004243,LED_003496,LED,NONE,0,0,0,0.0,0.0,,,,0,,0,20243.0,,,,,,MISSING_RECORD,MISSING_RECORD
EXC_004245,LED_003547,LED,NONE,0,0,0,0.0,0.0,,,,0,,0,13854.5,,,,,,MISSING_RECORD,MISSING_RECORD
EXC_004246,LED_003573,LED,NONE,0,0,0,0.0,0.0,,,,0,,0,16707.0,,,,,,MISSING_RECORD,MISSING_RECORD
EXC_004247,LED_003618,LED,NONE,0,0,0,0.0,0.0,,,,0,,0,26459.4,,,,,,MISSING_RECORD,MISSING_RECORD
EXC_004249,LED_003660,LED,NONE,0,0,0,0.0,0.0,,,,0,,0,132147.02,,,,,,MISSING_RECORD,MISSING_RECORD
EXC_004250,LED_003692,LED,NONE,0,0,0,0.0,0.0,,,,0,,0,6219.75,,,,,,MISSING_RECORD,MISSING_RECORD
EXC_004251,LED_003726,LED,NONE,0,0,0,0.0,0.0,,,,0,,0,15083.82,,,,,,MISSING_RECORD,MISSING_RECORD
EXC_004254,LED_003782,LED,NONE,0,0,0,0.0,0.0,,,,0,,0,2412.72,,,,,,MISSING_RECORD,MISSING_RECORD
EXC_004256,LED_003857,LED,NONE,0,0,0,0.0,0.0,,,,0,,0,1010.16,,,,,,MISSING_RECORD,MISSING_RECORD
EXC_004257,LED_003889,LED,NONE,0,0,0,0.0,0.0,,,,0,,0,16926.15,,,,,,MISSING_RECORD,MISSING_RECORD
EXC_004259,LED_003939,LED,NONE,0,0,0,0.0,0.0,,,,0,,0,28873.66,,,,,,MISSING_RECORD,MISSING_RECORD
EXC_004260,LED_003956,LED,NONE,0,0,0,0.0,0.0,,,,0,,0,5171.8,,,,,,MISSING_RECORD,MISSING_RECORD
EXC_004261,LED_003992,LED,NONE,0,0,0,0.0,0.0,,,,0,,0,2310.91,,,,,,MISSING_RECORD,MISSING_RECORD
EXC_004262,LED_003995,LED,NONE,0,0,0,0.0,0.0,,,,0,,0,44578.04,,,,,,MISSING_RECORD,MISSING_RECORD
EXC_004264,LED_004069,LED,NONE,0,0,0,0.0,0.0,,,,0,,0,61059.0,,,,,,MISSING_RECORD,MISSING_RECORD
EXC_004265,LED_004105,LED,NONE,0,0,0,0.0,0.0,,,,0,,0,150663.58,,,,,,MISSING_RECORD,MISSING_RECORD
EXC_004269,LED_004226,LED,NONE,0,0,0,0.0,0.0,,,,0,,0,19645.23,,,,,,MISSING_RECORD,MISSING_RECORD
EXC_004270,LED_004230,LED,NONE,0,0,0,0.0,0.0,,,,0,,0,97185.0,,,,,,MISSING_RECORD,MISSING_RECORD
EXC_004271,LED_004261,LED,NONE,0,0,0,0.0,0.0,,,,0,,0,1253.32,,,,,,MISSING_RECORD,MISSING_RECORD
EXC_004275,LED_004309,LED,NONE,0,0,0,0.0,0.0,,,,0,,0,1680.03,,,,,,MISSING_RECORD,MISSING_RECORD
EXC_004276,LED_004321,LED,NONE,0,0,0,0.0,0.0,,,,0,,0,7380.9,,,,,,MISSING_RECORD,MISSING_RECORD
EXC_004278,LED_004474,LED,NONE,0,0,0,0.0,0.0,,,,0,,0,2614.82,,,,,,MISSING_RECORD,MISSING_RECORD
EXC_004279,LED_004481,LED,NONE,0,0,0,0.0,0.0,,,,0,,0,73180.8,,,,,,MISSING_RECORD,MISSING_RECORD
EXC_004280,LED_004488,LED,NONE,0,0,0,0.0,0.0,,,,0,,0,931.39,,,,,,MISSING_RECORD,MISSING_RECORD
EXC_004281,LED_004562,LED,NONE,0,0,0,0.0,0.0,,,,0,,0,21864.0,,,,,,MISSING_RECORD,MISSING_RECORD
EXC_004282,LED_004710,LED,NONE,0,0,0,0.0,0.0,,,,0,,0,511.63,,,,,,MISSING_RECORD,MISSING_RECORD
EXC_004284,LED_004866,LED,NONE,0,0,0,0.0,0.0,,,,0,,0,265.25,,,,,,MISSING_RECORD,MISSING_RECORD
EXC_004285,LED_004937,LED,NONE,0,0,0,0.0,0.0,,,,0,,0,5915.34,,,,,,MISSING_RECORD,MISSING_RECORD
EXC_004286,LED_004953,LED,NONE,0,0,0,0.0,0.0,,,,0,,0,2600.1,,,,,,MISSING_RECORD,MISSING_RECORD
EXC_004287,LED_004964,LED,NONE,0,0,0,0.0,0.0,,,,0,,0,184.14,,,,,,MISSING_RECORD,MISSING_RECORD
EXC_004288,LED_004972,LED,NONE,0,0,0,0.0,0.0,,,,0,,0,16557.76,,,,,,MISSING_RECORD,MISSING_RECORD
EXC_004289,LED_005065,LED,NONE,0,0,0,0.0,0.0,,,,0,,0,1708.74,,,,,,MISSING_RECORD,MISSING_RECORD
EXC_004290,LED_005129,LED,NONE,0,0,0,0.0,0.0,,,,0,,0,3200.57,,,,,,MISSING_RECORD,MISSING_RECORD
EXC_004292,LED_005194,LED,NONE,0,0,0,0.0,0.0,,,,0,,0,19928.34,,,,,,MISSING_RECORD,MISSING_RECORD
EXC_004293,LED_005199,LED,NONE,0,0,0,0.0,0.0,,,,0,,0,1525.0,,,,,,MISSING_RECORD,MISSING_RECORD
EXC_004294,LED_005234,LED,NONE,0,0,0,0.0,0.0,,,,0,,0,155286.82,,,,,,MISSING_RECORD,MISSING_RECORD
EXC_004295,LED_005235,LED,NONE,0,0,0,0.0,0.0,,,,0,,0,131599.0,,,,,,MISSING_RECORD,MISSING_RECORD
EXC_004297,LED_005258,LED,NONE,0,0,0,0.0,0.0,,,,0,,0,57.63,,,,,,MISSING_RECORD,MISSING_RECORD
EXC_004298,LED_005279,LED,NONE,0,0,0,0.0,0.0,,,,0,,0,2542.14,,,,,,MISSING_RECORD,MISSING_RECORD
EXC_004300,LED_005353,LED,NONE,0,0,0,0.0,0.0,,,,0,,0,98223.79,,,,,,MISSING_RECORD,MISSING_RECORD
EXC_004302,LED_005395,LED,NONE,0,0,0,0.0,0.0,,,,0,,0,23108.29,,,,,,MISSING_RECORD,MISSING_RECORD
EXC_004303,LED_005400,LED,NONE,0,0,0,0.0,0.0,,,,0,,0,10757.17,,,,,,MISSING_RECORD,MISSING_RECORD
EXC_004306,LED_005625,LED,NONE,0,0,0,0.0,0.0,,,,0,,0,923.23,,,,,,MISSING_RECORD,MISSING_RECORD
EXC_004307,LED_005648,LED,NONE,0,0,0,0.0,0.0,,,,0,,0,9527.2,,,,,,MISSING_RECORD,MISSING_RECORD
EXC_004308,LED_005698,LED,NONE,0,0,0,0.0,0.0,,,,0,,0,8786.28,,,,,,MISSING_RECORD,MISSING_RECORD
EXC_004310,LED_005839,LED,NONE,0,0,0,0.0,0.0,,,,0,,0,52619.74,,,,,,MISSING_RECORD,MISSING_RECORD
EXC_004311,LED_005909,LED,NONE,0,0,0,0.0,0.0,,,,0,,0,4171.3,,,,,,MISSING_RECORD,MISSING_RECORD
EXC_004312,LED_005933,LED,NONE,0,0,0,0.0,0.0,,,,0,,0,4838.0,,,,,,MISSING_RECORD,MISSING_RECORD
EXC_004314,LED_005962,LED,NONE,0,0,0,0.0,0.0,,,,0,,0,96032.41,,,,,,MISSING_RECORD,MISSING_RECORD
EXC_004315,LED_005985,LED,NONE,0,0,0,0.0,0.0,,,,0,,0,2939.09,,,,,,MISSING_RECORD,MISSING_RECORD
EXC_004317,LED_006152,LED,NONE,0,0,0,0.0,0.0,,,,0,,0,39324.21,,,,,,MISSING_RECORD,MISSING_RECORD
EXC_004319,LED_006235,LED,NONE,0,0,0,0.0,0.0,,,,0,,0,4770.98,,,,,,MISSING_RECORD,MISSING_RECORD
EXC_004320,LED_006299,LED,NONE,0,0,0,0.0,0.0,,,,0,,0,70901.07,,,,,,MISSING_RECORD,MISSING_RECORD
EXC_004321,LED_006358,LED,NONE,0,0,0,0.0,0.0,,,,0,,0,92964.29,,,,,,MISSING_RECORD,MISSING_RECORD
EXC_004323,LED_006368,LED,NONE,0,0,0,0.0,0.0,,,,0,,0,28768.22,,,,,,MISSING_RECORD,MISSING_RECORD
EXC_004324,LED_006381,LED,NONE,0,0,0,0.0,0.0,,,,0,,0,7486.04,,,,,,MISSING_RECORD,MISSING_RECORD
EXC_004325,LED_006393,LED,NONE,0,0,0,0.0,0.0,,,,0,,0,26015.46,,,,,,MISSING_RECORD,MISSING_RECORD
EXC_004328,LED_006443,LED,NONE,0,0,0,0.0,0.0,,,,0,,0,4747.14,,,,,,MISSING_RECORD,MISSING_RECORD
EXC_004330,LED_006477,LED,NONE,0,0,0,0.0,0.0,,,,0,,0,1390.04,,,,,,MISSING_RECORD,MISSING_RECORD
EXC_004331,LED_006502,LED,NONE,0,0,0,0.0,0.0,,,,0,,0,2818.2,,,,,,MISSING_RECORD,MISSING_RECORD
EXC_004332,LED_006514,LED,NONE,0,0,0,0.0,0.0,,,,0,,0,7203.02,,,,,,MISSING_RECORD,MISSING_RECORD
EXC_004333,LED_006515,LED,NONE,0,0,0,0.0,0.0,,,,0,,0,6055.64,,,,,,MISSING_RECORD,MISSING_RECORD
EXC_004334,LED_006565,LED,NONE,0,0,0,0.0,0.0,,,,0,,0,2680.49,,,,,,MISSING_RECORD,MISSING_RECORD
EXC_004335,LED_006592,LED,NONE,0,0,0,0.0,0.0,,,,0,,0,39226.03,,,,,,MISSING_RECORD,MISSING_RECORD
EXC_004336,LED_006634,LED,NONE,0,0,0,0.0,0.0,,,,0,,0,9157.98,,,,,,MISSING_RECORD,MISSING_RECORD
EXC_004337,LED_006729,LED,NONE,0,0,0,0.0,0.0,,,,0,,0,93041.82,,,,,,MISSING_RECORD,MISSING_RECORD
EXC_004340,LED_006775,LED,NONE,0,0,0,0.0,0.0,,,,0,,0,13489.52,,,,,,MISSING_RECORD,MISSING_RECORD
EXC_004341,LED_006781,LED,NONE,0,0,0,0.0,0.0,,,,0,,0,11953.75,,,,,,MISSING_RECORD,MISSING_RECORD
EXC_004342,LED_006791,LED,NONE,0,0,0,0.0,0.0,,,,0,,0,2165.54,,,,,,MISSING_RECORD,MISSING_RECORD
EXC_004345,LED_006940,LED,NONE,0,0,0,0.0,0.0,,,,0,,0,32802.82,,,,,,MISSING_RECORD,MISSING_RECORD
EXC_004346,LED_006949,LED,NONE,0,0,0,0.0,0.0,,,,0,,0,172715.83,,,,,,MISSING_RECORD,MISSING_RECORD
EXC_004347,LED_006981,LED,NONE,0,0,0,0.0,0.0,,,,0,,0,162234.66,,,,,,MISSING_RECORD,MISSING_RECORD
EXC_004348,LED_007006,LED,NONE,0,0,0,0.0,0.0,,,,0,,0,49380.76,,,,,,MISSING_RECORD,MISSING_RECORD
EXC_004349,LED_007033,LED,NONE,0,0,0,0.0,0.0,,,,0,,0,1751.12,,,,,,MISSING_RECORD,MISSING_RECORD
EXC_004351,LED_007120,LED,NONE,0,0,0,0.0,0.0,,,,0,,0,31819.4,,,,,,MISSING_RECORD,MISSING_RECORD
EXC_004352,LED_007128,LED,NONE,0,0,0,0.0,0.0,,,,0,,0,49905.74,,,,,,MISSING_RECORD,MISSING_RECORD
EXC_004353,LED_007150,LED,NONE,0,0,0,0.0,0.0,,,,0,,0,2446.85,,,,,,MISSING_RECORD,MISSING_RECORD
EXC_004354,LED_007215,LED,NONE,0,0,0,0.0,0.0,,,,0,,0,24160.5,,,,,,MISSING_RECORD,MISSING_RECORD
EXC_004356,LED_007426,LED,NONE,0,0,0,0.0,0.0,,,,0,,0,20076.05,,,,,,MISSING_RECORD,MISSING_RECORD
EXC_004357,LED_007442,LED,NONE,0,0,0,0.0,0.0,,,,0,,0,9088.36,,,,,,MISSING_RECORD,MISSING_RECORD
EXC_004358,LED_007461,LED,NONE,0,0,0,0.0,0.0,,,,0,,0,4156.67,,,,,,MISSING_RECORD,MISSING_RECORD
EXC_004359,LED_007532,LED,NONE,0,0,0,0.0,0.0,,,,0,,0,10076.14,,,,,,MISSING_RECORD,MISSING_RECORD
EXC_004360,LED_007555,LED,NONE,0,0,0,0.0,0.0,,,,0,,0,36889.16,,,,,,MISSING_RECORD,MISSING_RECORD
EXC_004361,LED_007577,LED,NONE,0,0,0,0.0,0.0,,,,0,,0,5482.28,,,,,,MISSING_RECORD,MISSING_RECORD
EXC_004362,LED_007578,LED,NONE,0,0,0,0.0,0.0,,,,0,,0,5482.28,,,,,,MISSING_RECORD,MISSING_RECORD
EXC_004363,LED_007639,LED,NONE,0,0,0,0.0,0.0,,,,0,,0,5495.26,,,,,,MISSING_RECORD,MISSING_RECORD
EXC_004364,LED_007668,LED,NONE,0,0,0,0.0,0.0,,,,0,,0,9705.62,,,,,,MISSING_RECORD,MISSING_RECORD
EXC_004365,LED_007675,LED,NONE,0,0,0,0.0,0.0,,,,0,,0,3289.13,,,,,,MISSING_RECORD,MISSING_RECORD
EXC_004367,LED_007827,LED,NONE,0,0,0,0.0,0.0,,,,0,,0,13244.32,,,,,,MISSING_RECORD,MISSING_RECORD
EXC_004368,LED_007833,LED,NONE,0,0,0,0.0,0.0,,,,0,,0,4048.58,,,,,,MISSING_RECORD,MISSING_RECORD
EXC_004370,LED_007851,LED,NONE,0,0,0,0.0,0.0,,,,0,,0,13228.98,,,,,,MISSING_RECORD,MISSING_RECORD
EXC_004371,LED_007876,LED,NONE,0,0,0,0.0,0.0,,,,0,,0,7327.8,,,,,,MISSING_RECORD,MISSING_RECORD
EXC_004372,LED_007889,LED,NONE,0,0,0,0.0,0.0,,,,0,,0,7032.8,,,,,,MISSING_RECORD,MISSING_RECORD
EXC_004373,LED_007891,LED,NONE,0,0,0,0.0,0.0,,,,0,,0,6102.72,,,,,,MISSING_RECORD,MISSING_RECORD
EXC_004374,LED_007963,LED,NONE,0,0,0,0.0,0.0,,,,0,,0,72049.62,,,,,,MISSING_RECORD,MISSING_RECORD
EXC_004378,LED_008187,LED,NONE,0,0,0,0.0,0.0,,,,0,,0,66724.4,,,,,,MISSING_RECORD,MISSING_RECORD
EXC_004380,LED_008303,LED,NONE,0,0,0,0.0,0.0,,,,0,,0,50966.56,,,,,,MISSING_RECORD,MISSING_RECORD
EXC_004381,LED_008312,LED,NONE,0,0,0,0.0,0.0,,,,0,,0,54755.54,,,,,,MISSING_RECORD,MISSING_RECORD
EXC_004382,LED_008335,LED,NONE,0,0,0,0.0,0.0,,,,0,,0,4130.35,,,,,,MISSING_RECORD,MISSING_RECORD
EXC_004385,LED_008516,LED,NONE,0,0,0,0.0,0.0,,,,0,,0,49811.34,,,,,,MISSING_RECORD,MISSING_RECORD
EXC_004386,LED_008524,LED,NONE,0,0,0,0.0,0.0,,,,0,,0,69510.5,,,,,,MISSING_RECORD,MISSING_RECORD
EXC_004387,LED_008619,LED,NONE,0,0,0,0.0,0.0,,,,0,,0,11198.2,,,,,,MISSING_RECORD,MISSING_RECORD
EXC_004389,LED_008671,LED,NONE,0,0,0,0.0,0.0,,,,0,,0,302.67,,,,,,MISSING_RECORD,MISSING_RECORD
EXC_004390,LED_008689,LED,NONE,0,0,0,0.0,0.0,,,,0,,0,7792.07,,,,,,MISSING_RECORD,MISSING_RECORD
EXC_004391,LED_008695,LED,NONE,0,0,0,0.0,0.0,,,,0,,0,1799.5,,,,,,MISSING_RECORD,MISSING_RECORD
EXC_004392,LED_008698,LED,NONE,0,0,0,0.0,0.0,,,,0,,0,36309.19,,,,,,MISSING_RECORD,MISSING_RECORD
EXC_004393,LED_008744,LED,NONE,0,0,0,0.0,0.0,,,,0,,0,3679.0,,,,,,MISSING_RECORD,MISSING_RECORD
EXC_004395,LED_008769,LED,NONE,0,0,0,0.0,0.0,,,,0,,0,1393.34,,,,,,MISSING_RECORD,MISSING_RECORD
EXC_004396,LED_008864,LED,NONE,0,0,0,0.0,0.0,,,,0,,0,207.43,,,,,,MISSING_RECORD,MISSING_RECORD
EXC_004397,LED_008883,LED,NONE,0,0,0,0.0,0.0,,,,0,,0,230.58,,,,,,MISSING_RECORD,MISSING_RECORD
EXC_004400,LED_009111,LED,NONE,0,0,0,0.0,0.0,,,,0,,0,127.13,,,,,,MISSING_RECORD,MISSING_RECORD
EXC_004401,LED_009131,LED,NONE,0,0,0,0.0,0.0,,,,0,,0,1916.68,,,,,,MISSING_RECORD,MISSING_RECORD
EXC_004402,LED_009163,LED,NONE,0,0,0,0.0,0.0,,,,0,,0,364.95,,,,,,MISSING_RECORD,MISSING_RECORD
EXC_004403,LED_009178,LED,NONE,0,0,0,0.0,0.0,,,,0,,0,15.88,,,,,,MISSING_RECORD,MISSING_RECORD
EXC_004404,LED_009187,LED,NONE,0,0,0,0.0,0.0,,,,0,,0,50.35,,,,,,MISSING_RECORD,MISSING_RECORD
EXC_004405,LED_009206,LED,NONE,0,0,0,0.0,0.0,,,,0,,0,200.98,,,,,,MISSING_RECORD,MISSING_RECORD
EXC_004406,LED_009207,LED,NONE,0,0,0,0.0,0.0,,,,0,,0,36.18,,,,,,MISSING_RECORD,MISSING_RECORD
EXC_004407,LED_009301,LED,NONE,0,0,0,0.0,0.0,,,,0,,0,416.42,,,,,,MISSING_RECORD,MISSING_RECORD
EXC_004408,LED_009303,LED,NONE,0,0,0,0.0,0.0,,,,0,,0,35.9,,,,,,MISSING_RECORD,MISSING_RECORD
EXC_004409,LED_009305,LED,NONE,0,0,0,0.0,0.0,,,,0,,0,390.22,,,,,,MISSING_RECORD,MISSING_RECORD
EXC_004410,LED_009365,LED,NONE,0,0,0,0.0,0.0,,,,0,,0,651.49,,,,,,MISSING_RECORD,MISSING_RECORD
EXC_004412,LED_009446,LED,NONE,0,0,0,0.0,0.0,,,,0,,0,122.93,,,,,,MISSING_RECORD,MISSING_RECORD
EXC_004414,LED_009461,LED,NONE,0,0,0,0.0,0.0,,,,0,,0,83.82,,,,,,MISSING_RECORD,MISSING_RECORD
EXC_004415,LED_009555,LED,NONE,0,0,0,0.0,0.0,,,,0,,0,87.49,,,,,,MISSING_RECORD,MISSING_RECORD
EXC_004416,LED_009556,LED,NONE,0,0,0,0.0,0.0,,,,0,,0,573.55,,,,,,MISSING_RECORD,MISSING_RECORD
EXC_004418,LED_009625,LED,NONE,0,0,0,0.0,0.0,,,,0,,0,299.4,,,,,,MISSING_RECORD,MISSING_RECORD
EXC_004419,LED_009658,LED,NONE,0,0,0,0.0,0.0,,,,0,,0,571.36,,,,,,MISSING_RECORD,MISSING_RECORD
EXC_004420,LED_009684,LED,NONE,0,0,0,0.0,0.0,,,,0,,0,15.65,,,,,,MISSING_RECORD,MISSING_RECORD
EXC_004423,LED_009765,LED,NONE,0,0,0,0.0,0.0,,,,0,,0,5.15,,,,,,MISSING_RECORD,MISSING_RECORD
EXC_004425,LED_009872,LED,NONE,0,0,0,0.0,0.0,,,,0,,0,61.8,,,,,,MISSING_RECORD,MISSING_RECORD
EXC_004427,LED_009913,LED,NONE,0,0,0,0.0,0.0,,,,0,,0,235.8,,,,,,MISSING_RECORD,MISSING_RECORD
EXC_004428,LED_009928,LED,NONE,0,0,0,0.0,0.0,,,,0,,0,187.03,,,,,,MISSING_RECORD,MISSING_RECORD
EXC_004429,LED_009954,LED,NONE,0,0,0,0.0,0.0,,,,0,,0,287.18,,,,,,MISSING_RECORD,MISSING_RECORD
EXC_004430,LED_009955,LED,NONE,0,0,0,0.0,0.0,,,,0,,0,1882.64,,,,,,MISSING_RECORD,MISSING_RECORD
EXC_004431,LED_009978,LED,NONE,0,0,0,0.0,0.0,,,,0,,0,2.7,,,,,,MISSING_RECORD,MISSING_RECORD
EXC_004432,LED_009986,LED,NONE,0,0,0,0.0,0.0,,,,0,,0,971.46,,,,,,MISSING_RECORD,MISSING_RECORD
EXC_004434,LED_010033,LED,NONE,0,0,0,0.0,0.0,,,,0,,0,544.97,,,,,,MISSING_RECORD,MISSING_RECORD
EXC_004435,LED_010075,LED,NONE,0,0,0,0.0,0.0,,,,0,,0,801.42,,,,,,MISSING_RECORD,MISSING_RECORD
EXC_004436,LED_010146,LED,NONE,0,0,0,0.0,0.0,,,,0,,0,18.94,,,,,,MISSING_RECORD,MISSING_RECORD
EXC_004437,LED_010177,LED,NONE,0,0,0,0.0,0.0,,,,0,,0,128.77,,,,,,MISSING_RECORD,MISSING_RECORD
EXC_004438,LED_010187,LED,NONE,0,0,0,0.0,0.0,,,,0,,0,92.08,,,,,,MISSING_RECORD,MISSING_RECORD
EXC_004439,LED_010199,LED,NONE,0,0,0,0.0,0.0,,,,0,,0,1249.53,,,,,,MISSING_RECORD,MISSING_RECORD
EXC_004440,LED_010216,LED,NONE,0,0,0,0.0,0.0,,,,0,,0,328.0,,,,,,MISSING_RECORD,MISSING_RECORD
EXC_004441,LED_010232,LED,NONE,0,0,0,0.0,0.0,,,,0,,0,90.13,,,,,,MISSING_RECORD,MISSING_RECORD
EXC_004443,LED_010252,LED,NONE,0,0,0,0.0,0.0,,,,0,,0,2199.45,,,,,,MISSING_RECORD,MISSING_RECORD
EXC_004444,LED_010270,LED,NONE,0,0,0,0.0,0.0,,,,0,,0,138.05,,,,,,MISSING_RECORD,MISSING_RECORD
EXC_004445,LED_010279,LED,NONE,0,0,0,0.0,0.0,,,,0,,0,96.32,,,,,,MISSING_RECORD,MISSING_RECORD
EXC_004449,LED_010296,LED,NONE,0,0,0,0.0,0.0,,,,0,,0,76.49,,,,,,MISSING_RECORD,MISSING_RECORD
EXC_004450,LED_010317,LED,NONE,0,0,0,0.0,0.0,,,,0,,0,48.67,,,,,,MISSING_RECORD,MISSING_RECORD
EXC_004451,LED_010319,LED,NONE,0,0,0,0.0,0.0,,,,0,,0,523.33,,,,,,MISSING_RECORD,MISSING_RECORD
EXC_004453,LED_010455,LED,NONE,0,0,0,0.0,0.0,,,,0,,0,5.13,,,,,,MISSING_RECORD,MISSING_RECORD
EXC_004454,LED_010491,LED,NONE,0,0,0,0.0,0.0,,,,0,,0,11.36,,,,,,MISSING_RECORD,MISSING_RECORD
EXC_004455,LED_010504,LED,NONE,0,0,0,0.0,0.0,,,,0,,0,77.9,,,,,,MISSING_RECORD,MISSING_RECORD
EXC_004456,LED_010583,LED,NONE,0,0,0,0.0,0.0,,,,0,,0,577.49,,,,,,MISSING_RECORD,MISSING_RECORD
EXC_004458,LED_010734,LED,NONE,0,0,0,0.0,0.0,,,,0,,0,190.47,,,,,,MISSING_RECORD,MISSING_RECORD
EXC_004459,LED_010779,LED,NONE,0,0,0,0.0,0.0,,,,0,,0,16.05,,,,,,MISSING_RECORD,MISSING_RECORD
EXC_004461,LED_010795,LED,NONE,0,0,0,0.0,0.0,,,,0,,0,6.62,,,,,,MISSING_RECORD,MISSING_RECORD
EXC_004462,LED_010813,LED,NONE,0,0,0,0.0,0.0,,,,0,,0,93.29,,,,,,MISSING_RECORD,MISSING_RECORD
EXC_004463,LED_010834,LED,NONE,0,0,0,0.0,0.0,,,,0,,0,691.33,,,,,,MISSING_RECORD,MISSING_RECORD
EXC_004464,LED_010837,LED,NONE,0,0,0,0.0,0.0,,,,0,,0,31.94,,,,,,MISSING_RECORD,MISSING_RECORD
EXC_004465,LED_010857,LED,NONE,0,0,0,0.0,0.0,,,,0,,0,46.59,,,,,,MISSING_RECORD,MISSING_RECORD
EXC_004466,LED_010876,LED,NONE,0,0,0,0.0,0.0,,,,0,,0,58.62,,,,,,MISSING_RECORD,MISSING_RECORD
EXC_004467,LED_010901,LED,NONE,0,0,0,0.0,0.0,,,,0,,0,1073.78,,,,,,MISSING_RECORD,MISSING_RECORD
EXC_004469,LED_010919,LED,NONE,0,0,0,0.0,0.0,,,,0,,0,37.9,,,,,,MISSING_RECORD,MISSING_RECORD
EXC_004470,LED_010926,LED,NONE,0,0,0,0.0,0.0,,,,0,,0,190.2,,,,,,MISSING_RECORD,MISSING_RECORD
EXC_004471,LED_010932,LED,NONE,0,0,0,0.0,0.0,,,,0,,0,7.49,,,,,,MISSING_RECORD,MISSING_RECORD
EXC_004472,LED_011020,LED,NONE,0,0,0,0.0,0.0,,,,0,,0,631.49,,,,,,MISSING_RECORD,MISSING_RECORD
EXC_004473,LED_011041,LED,NONE,0,0,0,0.0,0.0,,,,0,,0,276.51,,,,,,MISSING_RECORD,MISSING_RECORD
EXC_004474,LED_011057,LED,NONE,0,0,0,0.0,0.0,,,,0,,0,563.99,,,,,,MISSING_RECORD,MISSING_RECORD
EXC_004477,LED_011204,LED,NONE,0,0,0,0.0,0.0,,,,0,,0,1295.3,,,,,,MISSING_RECORD,MISSING_RECORD
EXC_004478,LED_011250,LED,NONE,0,0,0,0.0,0.0,,,,0,,0,69.66,,,,,,MISSING_RECORD,MISSING_RECORD
EXC_004479,LED_011274,LED,NONE,0,0,0,0.0,0.0,,,,0,,0,320.45,,,,,,MISSING_RECORD,MISSING_RECORD
EXC_004481,LED_011370,LED,NONE,0,0,0,0.0,0.0,,,,0,,0,6.58,,,,,,MISSING_RECORD,MISSING_RECORD
EXC_004482,LED_011375,LED,NONE,0,0,0,0.0,0.0,,,,0,,0,6.12,,,,,,MISSING_RECORD,MISSING_RECORD
EXC_004483,LED_011379,LED,NONE,0,0,0,0.0,0.0,,,,0,,0,497.2,,,,,,MISSING_RECORD,MISSING_RECORD
EXC_004485,LED_011428,LED,NONE,0,0,0,0.0,0.0,,,,0,,0,125.65,,,,,,MISSING_RECORD,MISSING_RECORD
EXC_004486,LED_011446,LED,NONE,0,0,0,0.0,0.0,,,,0,,0,805.4,,,,,,MISSING_RECORD,MISSING_RECORD
EXC_004487,LED_011491,LED,NONE,0,0,0,0.0,0.0,,,,0,,0,743.03,,,,,,MISSING_RECORD,MISSING_RECORD
EXC_004488,LED_011510,LED,NONE,0,0,0,0.0,0.0,,,,0,,0,911.13,,,,,,MISSING_RECORD,MISSING_RECORD
EXC_004491,LED_011615,LED,NONE,0,0,0,0.0,0.0,,,,0,,0,2727.11,,,,,,MISSING_RECORD,MISSING_RECORD
EXC_004492,LED_011683,LED,NONE,0,0,0,0.0,0.0,,,,0,,0,2997.97,,,,,,MISSING_RECORD,MISSING_RECORD
EXC_004493,LED_011686,LED,NONE,0,0,0,0.0,0.0,,,,0,,0,2590.75,,,,,,MISSING_RECORD,MISSING_RECORD
EXC_004495,LED_011754,LED,NONE,0,0,0,0.0,0.0,,,,0,,0,1766.11,,,,,,MISSING_RECORD,MISSING_RECORD
EXC_004496,LED_011759,LED,NONE,0,0,0,0.0,0.0,,,,0,,0,1794.07,,,,,,MISSING_RECORD,MISSING_RECORD
EXC_004497,LED_011761,LED,NONE,0,0,0,0.0,0.0,,,,0,,0,5259.73,,,,,,MISSING_RECORD,MISSING_RECORD
EXC_004499,LED_011842,LED,NONE,0,0,0,0.0,0.0,,,,0,,0,9408.14,,,,,,MISSING_RECORD,MISSING_RECORD
EXC_004500,LED_011867,LED,NONE,0,0,0,0.0,0.0,,,,0,,0,22076.62,,,,,,MISSING_RECORD,MISSING_RECORD
EXC_004502,LED_011873,LED,NONE,0,0,0,0.0,0.0,,,,0,,0,87800.26,,,,,,MISSING_RECORD,MISSING_RECORD
EXC_004503,LED_011876,LED,NONE,0,0,0,0.0,0.0,,,,0,,0,1721.15,,,,,,MISSING_RECORD,MISSING_RECORD
EXC_004506,LED_011956,LED,NONE,0,0,0,0.0,0.0,,,,0,,0,142813.8,,,,,,MISSING_RECORD,MISSING_RECORD
EXC_004508,LED_012122,LED,NONE,0,0,0,0.0,0.0,,,,0,,0,60011.15,,,,,,MISSING_RECORD,MISSING_RECORD
EXC_004511,LED_012245,LED,NONE,0,0,0,0.0,0.0,,,,0,,0,26168.37,,,,,,MISSING_RECORD,MISSING_RECORD
EXC_004512,INV_000025,INV,NONE,0,0,0,0.0,0.0,,,,0,,0,2783.5,,,,,,MISSING_RECORD,MISSING_RECORD
EXC_004514,INV_000139,INV,NONE,0,0,0,0.0,0.0,,,,0,,0,7924.64,,,,,,MISSING_RECORD,MISSING_RECORD
EXC_004516,INV_000175,INV,NONE,0,0,0,0.0,0.0,,,,0,,0,103816.93,,,,,,MISSING_RECORD,MISSING_RECORD
EXC_004518,INV_000401,INV,NONE,0,0,0,0.0,0.0,,,,0,,0,11749.2,,,,,,MISSING_RECORD,MISSING_RECORD
EXC_004519,INV_000444,INV,NONE,0,0,0,0.0,0.0,,,,0,,0,133473.34,,,,,,MISSING_RECORD,MISSING_RECORD
EXC_004520,INVOICE000448,INVOICE,NONE,0,0,0,0.0,0.0,,,,0,,0,,,,,,,MISSING_RECORD,MISSING_RECORD
EXC_004521,INV_000522,INV,NONE,0,0,0,0.0,0.0,,,,0,,0,41215.04,,,,,,MISSING_RECORD,MISSING_RECORD
EXC_004522,INV_000552,INV,NONE,0,0,0,0.0,0.0,,,,0,,0,5601.46,,,,,,MISSING_RECORD,MISSING_RECORD
EXC_004524,INV_000710,INV,NONE,0,0,0,0.0,0.0,,,,0,,0,3480.53,,,,,,MISSING_RECORD,MISSING_RECORD
EXC_004525,INV000736,INV,NONE,0,0,0,0.0,0.0,,,,0,,0,,,,,,,MISSING_RECORD,MISSING_RECORD
EXC_004526,INV_000802,INV,NONE,0,0,0,0.0,0.0,,,,0,,0,6238.66,,,,,,MISSING_RECORD,MISSING_RECORD
EXC_004527,INV_000872,INV,NONE,0,0,0,0.0,0.0,,,,0,,0,2716.36,,,,,,MISSING_RECORD,MISSING_RECORD
EXC_004528,INV000925,INV,NONE,0,0,0,0.0,0.0,,,,0,,0,,,,,,,MISSING_RECORD,MISSING_RECORD
EXC_004529,INV_000934,INV,NONE,0,0,0,0.0,0.0,,,,0,,0,994.98,,,,,,MISSING_RECORD,MISSING_RECORD
EXC_004532,INV_001081,INV,NONE,0,0,0,0.0,0.0,,,,0,,0,8026.36,,,,,,MISSING_RECORD,MISSING_RECORD
EXC_004534,INV_001170,INV,NONE,0,0,0,0.0,0.0,,,,0,,0,14871.19,,,,,,MISSING_RECORD,MISSING_RECORD
EXC_004539,INV_001398,INV,NONE,0,0,0,0.0,0.0,,,,0,,0,631.3,,,,,,MISSING_RECORD,MISSING_RECORD
EXC_004542,INV_001564,INV,NONE,0,0,0,0.0,0.0,,,,0,,0,99339.48,,,,,,MISSING_RECORD,MISSING_RECORD
EXC_004544,INV_001672,INV,NONE,0,0,0,0.0,0.0,,,,0,,0,8401.9,,,,,,MISSING_RECORD,MISSING_RECORD
EXC_004545,INVOICE/001702,INVOICE,NONE,0,0,0,0.0,0.0,,,,0,,0,,,,,,,MISSING_RECORD,MISSING_RECORD
EXC_004547,GST_000014,GST,NONE,0,0,0,0.0,0.0,,,,0,,0,,,,,,,MISSING_RECORD,MISSING_RECORD
EXC_004549,GST_000047,GST,NONE,0,0,0,0.0,0.0,,,,0,,0,,,,,,,MISSING_RECORD,MISSING_RECORD
EXC_004550,GST_000063,GST,NONE,0,0,0,0.0,0.0,,,,0,,0,,,,,,,MISSING_RECORD,MISSING_RECORD
EXC_004555,GST_000171,GST,NONE,0,0,0,0.0,0.0,,,,0,,0,,,,,,,MISSING_RECORD,MISSING_RECORD
EXC_004556,GST_000212,GST,NONE,0,0,0,0.0,0.0,,,,0,,0,,,,,,,MISSING_RECORD,MISSING_RECORD
EXC_004557,GST_000214,GST,NONE,0,0,0,0.0,0.0,,,,0,,0,,,,,,,MISSING_RECORD,MISSING_RECORD
EXC_004558,GST_000227,GST,NONE,0,0,0,0.0,0.0,,,,0,,0,,,,,,,MISSING_RECORD,MISSING_RECORD
EXC_004560,GST_000286,GST,NONE,0,0,0,0.0,0.0,,,,0,,0,,,,,,,MISSING_RECORD,MISSING_RECORD
EXC_004561,GST_000300,GST,NONE,0,0,0,0.0,0.0,,,,0,,0,,,,,,,MISSING_RECORD,MISSING_RECORD
EXC_004562,GST_000304,GST,NONE,0,0,0,0.0,0.0,,,,0,,0,,,,,,,MISSING_RECORD,MISSING_RECORD
EXC_004563,GST_000306,GST,NONE,0,0,0,0.0,0.0,,,,0,,0,,,,,,,MISSING_RECORD,MISSING_RECORD
EXC_004564,GST_000329,GST,NONE,0,0,0,0.0,0.0,,,,0,,0,,,,,,,MISSING_RECORD,MISSING_RECORD
EXC_004567,GST_000352,GST,NONE,0,0,0,0.0,0.0,,,,0,,0,,,,,,,MISSING_RECORD,MISSING_RECORD
EXC_004568,GST_000377,GST,NONE,0,0,0,0.0,0.0,,,,0,,0,,,,,,,MISSING_RECORD,MISSING_RECORD
EXC_004569,GST_000416,GST,NONE,0,0,0,0.0,0.0,,,,0,,0,,,,,,,MISSING_RECORD,MISSING_RECORD
EXC_004570,GST_000421,GST,NONE,0,0,0,0.0,0.0,,,,0,,0,,,,,,,MISSING_RECORD,MISSING_RECORD
EXC_004572,GST_000458,GST,NONE,0,0,0,0.0,0.0,,,,0,,0,,,,,,,MISSING_RECORD,MISSING_RECORD
EXC_004573,GST_000471,GST,NONE,0,0,0,0.0,0.0,,,,0,,0,,,,,,,MISSING_RECORD,MISSING_RECORD
EXC_004574,GST_000511,GST,NONE,0,0,0,0.0,0.0,,,,0,,0,,,,,,,MISSING_RECORD,MISSING_RECORD
EXC_004576,GST_000596,GST,NONE,0,0,0,0.0,0.0,,,,0,,0,,,,,,,MISSING_RECORD,MISSING_RECORD
EXC_004577,GST_000598,GST,NONE,0,0,0,0.0,0.0,,,,0,,0,,,,,,,MISSING_RECORD,MISSING_RECORD
EXC_004578,GST_000715,GST,NONE,0,0,0,0.0,0.0,,,,0,,0,,,,,,,MISSING_RECORD,MISSING_RECORD
EXC_004579,GST_000724,GST,NONE,0,0,0,0.0,0.0,,,,0,,0,,,,,,,MISSING_RECORD,MISSING_RECORD
EXC_004580,GST_000728,GST,NONE,0,0,0,0.0,0.0,,,,0,,0,,,,,,,MISSING_RECORD,MISSING_RECORD
EXC_004581,GST_000741,GST,NONE,0,0,0,0.0,0.0,,,,0,,0,,,,,,,MISSING_RECORD,MISSING_RECORD
EXC_004582,GST_000748,GST,NONE,0,0,0,0.0,0.0,,,,0,,0,,,,,,,MISSING_RECORD,MISSING_RECORD
EXC_004584,GST_000815,GST,NONE,0,0,0,0.0,0.0,,,,0,,0,,,,,,,MISSING_RECORD,MISSING_RECORD
EXC_004589,GST_000949,GST,NONE,0,0,0,0.0,0.0,,,,0,,0,,,,,,,MISSING_RECORD,MISSING_RECORD
EXC_004590,GST_000956,GST,NONE,0,0,0,0.0,0.0,,,,0,,0,,,,,,,MISSING_RECORD,MISSING_RECORD
EXC_004591,GST_000967,GST,NONE,0,0,0,0.0,0.0,,,,0,,0,,,,,,,MISSING_RECORD,MISSING_RECORD
EXC_004592,GST_001041,GST,NONE,0,0,0,0.0,0.0,,,,0,,0,,,,,,,MISSING_RECORD,MISSING_RECORD
EXC_004593,GST_001048,GST,NONE,0,0,0,0.0,0.0,,,,0,,0,,,,,,,MISSING_RECORD,MISSING_RECORD
EXC_004594,GST_001069,GST,NONE,0,0,0,0.0,0.0,,,,0,,0,,,,,,,MISSING_RECORD,MISSING_RECORD
EXC_004596,GST_001113,GST,NONE,0,0,0,0.0,0.0,,,,0,,0,,,,,,,MISSING_RECORD,MISSING_RECORD
EXC_004597,GST_001116,GST,NONE,0,0,0,0.0,0.0,,,,0,,0,,,,,,,MISSING_RECORD,MISSING_RECORD
EXC_004598,GST_001138,GST,NONE,0,0,0,0.0,0.0,,,,0,,0,,,,,,,MISSING_RECORD,MISSING_RECORD
EXC_004599,GST_001145,GST,NONE,0,0,0,0.0,0.0,,,,0,,0,,,,,,,MISSING_RECORD,MISSING_RECORD
EXC_004600,GST_001184,GST,NONE,0,0,0,0.0,0.0,,,,0,,0,,,,,,,MISSING_RECORD,MISSING_RECORD
EXC_004601,GST_001264,GST,NONE,0,0,0,0.0,0.0,,,,0,,0,,,,,,,MISSING_RECORD,MISSING_RECORD
EXC_004603,GST_001304,GST,NONE,0,0,0,0.0,0.0,,,,0,,0,,,,,,,MISSING_RECORD,MISSING_RECORD
EXC_004604,GST_001306,GST,NONE,0,0,0,0.0,0.0,,,,0,,0,,,,,,,MISSING_RECORD,MISSING_RECORD
EXC_004605,GST_001338,GST,NONE,0,0,0,0.0,0.0,,,,0,,0,,,,,,,MISSING_RECORD,MISSING_RECORD
EXC_004606,GST_001399,GST,NONE,0,0,0,0.0,0.0,,,,0,,0,,,,,,,MISSING_RECORD,MISSING_RECORD
EXC_004610,GST_001522,GST,NONE,0,0,0,0.0,0.0,,,,0,,0,,,,,,,MISSING_RECORD,MISSING_RECORD
EXC_004611,GST_001562,GST,NONE,0,0,0,0.0,0.0,,,,0,,0,,,,,,,MISSING_RECORD,MISSING_RECORD
EXC_004613,GST_001638,GST,NONE,0,0,0,0.0,0.0,,,,0,,0,,,,,,,MISSING_RECORD,MISSING_RECORD
EXC_004614,GST_001718,GST,NONE,0,0,0,0.0,0.0,,,,0,,0,,,,,,,MISSING_RECORD,MISSING_RECORD
EXC_004615,BNK_000212,BNK,NONE,1,0,0,0.8333333333333334,0.6666666666666666,,,,0,,0,13793.0,,,,,,DUPLICATE,DUPLICATE
EXC_004616,BNK_000047,BNK,NONE,1,0,0,0.8333333333333334,0.6666666666666666,,,,0,,0,74936.49,,,,,,DUPLICATE,DUPLICATE
EXC_004617,BNK_000328,BNK,NONE,1,0,0,0.8333333333333334,0.6666666666666666,,,,0,,0,4367.0,,,,,,DUPLICATE,DUPLICATE
EXC_004618,BNK_000156,BNK,NONE,1,0,0,0.8333333333333334,0.6666666666666666,,,,0,,0,75153.86,,,,,,DUPLICATE,DUPLICATE
EXC_004619,BNK_000253,BNK,NONE,1,0,0,0.8333333333333334,0.6666666666666666,,,,0,,0,158740.0,,,,,,DUPLICATE,DUPLICATE
EXC_004620,BNK_000348,BNK,NONE,1,0,0,0.8333333333333334,0.6666666666666666,,,,0,,0,425227.0,,,,,,DUPLICATE,DUPLICATE
EXC_004623,BNK_000136,BNK,NONE,1,0,0,0.8333333333333334,0.6666666666666666,,,,0,,0,972135.71,,,,,,DUPLICATE,DUPLICATE
EXC_004624,BNK_000017,BNK,NONE,1,0,0,0.8333333333333334,0.6666666666666666,,,,0,,0,225236.08,,,,,,DUPLICATE,DUPLICATE
EXC_004625,BNK_000217,BNK,NONE,1,0,0,0.8333333333333334,0.6666666666666666,,,,0,,0,4962.0,,,,,,DUPLICATE,DUPLICATE
EXC_004626,BNK_000373,BNK,NONE,1,0,0,0.8333333333333334,0.6666666666666666,,,,0,,0,322237.0,,,,,,DUPLICATE,DUPLICATE
EXC_004628,BNK_000273,BNK,NONE,1,0,0,0.8333333333333334,0.6666666666666666,,,,0,,0,23361.0,,,,,,DUPLICATE,DUPLICATE
EXC_004629,BNK_000492,BNK,NONE,1,0,0,0.8333333333333334,0.6666666666666666,,,,0,,0,116153.0,,,,,,DUPLICATE,DUPLICATE
EXC_004632,PAY_000188,PAY,NONE,1,0,0,0.8333333333333334,0.6666666666666666,,,,0,,0,20399.96,0.0,0.0,,,,DUPLICATE,DUPLICATE
EXC_004634,PAY_001453,PAY,NONE,1,0,0,0.8333333333333334,0.6666666666666666,,,,0,,0,4094.01,61.41,11.05,,,,DUPLICATE,DUPLICATE
EXC_004635,PAY_000040,PAY,NONE,1,0,0,0.8333333333333334,0.6666666666666666,,,,0,,0,41954.9,0.0,0.0,,,,DUPLICATE,DUPLICATE
EXC_004637,PAY-001960,PAY,NONE,1,0,0,0.8333333333333334,0.6666666666666666,,,,0,,0,,,,,,,DUPLICATE,DUPLICATE
EXC_004638,PAY_000745,PAY,NONE,1,0,0,0.8333333333333334,0.6666666666666666,,,,0,,0,2415.46,0.0,0.0,2415.46,,,DUPLICATE,DUPLICATE
EXC_004639,PAY_001813,PAY,NONE,1,0,0,0.8333333333333334,0.6666666666666666,,,,0,,0,2030.78,36.55,6.58,,,,DUPLICATE,DUPLICATE
EXC_004640,PAY_000166,PAY,NONE,1,0,0,0.8333333333333334,0.6666666666666666,,,,0,,0,2416.64,43.5,7.83,,,,DUPLICATE,DUPLICATE
EXC_004641,PAY_000067,PAY,NONE,1,0,0,0.8333333333333334,0.6666666666666666,,,,0,,0,7179.12,129.22,23.26,,,,DUPLICATE,DUPLICATE
EXC_004644,PAY_001267,PAY,NONE,1,0,0,0.8333333333333334,0.6666666666666666,,,,0,,0,7609.82,0.0,0.0,,,,DUPLICATE,DUPLICATE
EXC_004645,PAY_000622,PAY,NONE,1,0,0,0.8333333333333334,0.6666666666666666,,,,0,,0,16942.44,304.96,54.89,,,,DUPLICATE,DUPLICATE
EXC_004646,PAY_001411,PAY,NONE,1,0,0,0.8333333333333334,0.6666666666666666,,,,0,,0,15816.72,284.7,51.25,,,,DUPLICATE,DUPLICATE
EXC_004648,PAY_001575,PAY,NONE,1,0,0,0.8333333333333334,0.6666666666666666,,,,0,,0,15905.58,0.0,0.0,,,,DUPLICATE,DUPLICATE
EXC_004649,pay_000525,PAY,NONE,1,0,0,0.8333333333333334,0.6666666666666666,,,,0,,0,,,,,,,DUPLICATE,DUPLICATE
EXC_004651,PAY_000264,PAY,NONE,1,0,0,0.8333333333333334,0.6666666666666666,,,,0,,0,22289.96,0.0,0.0,,,,DUPLICATE,DUPLICATE
EXC_004652,PAY_000880,PAY,NONE,1,0,0,0.8333333333333334,0.6666666666666666,,,,0,,0,15375.4,276.76,49.82,,,,DUPLICATE,DUPLICATE
EXC_004653,PAY_001797,PAY,NONE,1,0,0,0.8333333333333334,0.6666666666666666,,,,0,,0,20786.7,374.16,67.35,,,,DUPLICATE,DUPLICATE
EXC_004654,PAY_000355,PAY,NONE,1,0,0,0.8333333333333334,0.6666666666666666,,,,0,,0,123710.26,1855.65,334.02,,,,DUPLICATE,DUPLICATE
EXC_004657,PAY_000098,PAY,NONE,1,0,0,0.8333333333333334,0.6666666666666666,,,,0,,0,13886.24,0.0,0.0,,,,DUPLICATE,DUPLICATE
EXC_004658,PAY_000027,PAY,NONE,1,0,0,0.8333333333333334,0.6666666666666666,,,,0,,0,77087.04,0.0,0.0,,,,DUPLICATE,DUPLICATE
EXC_004659,pay_000430,PAY,NONE,1,0,0,0.8333333333333334,0.6666666666666666,,,,0,,0,,,,,,,DUPLICATE,DUPLICATE
EXC_004660,PAY_000857,PAY,NONE,1,0,0,0.8333333333333334,0.6666666666666666,,,,0,,0,2251.44,40.53,7.3,,,,DUPLICATE,DUPLICATE
EXC_004661,PAY_000022,PAY,NONE,1,0,0,0.8333333333333334,0.6666666666666666,,,,0,,0,133276.28,1999.14,359.85,,,,DUPLICATE,DUPLICATE
EXC_004662,PAY/000926,PAY,NONE,1,0,0,0.8333333333333334,0.6666666666666666,,,,0,,0,,,,,,,DUPLICATE,DUPLICATE
EXC_004663,PAY_000276,PAY,NONE,1,0,0,0.8333333333333334,0.6666666666666666,,,,0,,0,63848.5,0.0,0.0,,,,DUPLICATE,DUPLICATE
EXC_004664,PAY_000265,PAY,NONE,1,0,0,0.8333333333333334,0.6666666666666666,,,,0,,0,20068.26,0.0,0.0,,,,DUPLICATE,DUPLICATE
EXC_004665,PAY_000493,PAY,NONE,1,0,0,0.8333333333333334,0.6666666666666666,,,,0,,0,7180.06,129.24,23.26,1220.61,,,DUPLICATE,DUPLICATE
EXC_004666,PAY_000660,PAY,NONE,1,0,0,0.8333333333333334,0.6666666666666666,,,,0,,0,19790.14,395.8,71.24,,,,DUPLICATE,DUPLICATE
EXC_004668,PAY_000315,PAY,NONE,1,0,0,0.8333333333333334,0.6666666666666666,,,,0,,0,7091.33,0.0,0.0,,,,DUPLICATE,DUPLICATE
EXC_004669,PAY_001528,PAY,NONE,1,0,0,0.8333333333333334,0.6666666666666666,,,,0,,0,6360.2,114.48,20.61,,,,DUPLICATE,DUPLICATE
EXC_004670,PAY_001340,PAY,NONE,1,0,0,0.8333333333333334,0.6666666666666666,,,,0,,0,2193.62,0.0,0.0,1206.49,,,DUPLICATE,DUPLICATE
EXC_004671,PAY_001084,PAY,NONE,1,0,0,0.8333333333333334,0.6666666666666666,,,,0,,0,93017.04,0.0,0.0,,,,DUPLICATE,DUPLICATE
EXC_004672,PAY_000473,PAY,NONE,1,0,0,0.8333333333333334,0.6666666666666666,,,,0,,0,6107.68,109.94,19.79,,,,DUPLICATE,DUPLICATE
EXC_004674,PAY_001445,PAY,NONE,1,0,0,0.8333333333333334,0.6666666666666666,,,,0,,0,2810.41,0.0,0.0,,,,DUPLICATE,DUPLICATE
EXC_004677,PAY001372,PAY,NONE,1,0,0,0.8181818181818182,0.5,,,,0,,0,,,,,,,DUPLICATE,DUPLICATE
EXC_004678,PAY_000557,PAY,NONE,1,0,0,0.8333333333333334,0.6666666666666666,,,,0,,0,34835.19,522.53,94.06,,,,DUPLICATE,DUPLICATE
EXC_004680,PAY_000292,PAY,NONE,1,0,0,0.8333333333333334,0.6666666666666666,,,,0,,0,1977.68,35.6,6.41,,,,DUPLICATE,DUPLICATE
EXC_004681,PAY_001678,PAY,NONE,1,0,0,0.8333333333333334,0.6666666666666666,,,,0,,0,2614.82,47.07,8.47,,,,DUPLICATE,DUPLICATE
EXC_004683,PAY_000563,PAY,NONE,1,0,0,0.8333333333333334,0.6666666666666666,,,,0,,0,1918.68,0.0,0.0,,,,DUPLICATE,DUPLICATE
EXC_004684,PAY_000405,PAY,NONE,1,0,0,0.8333333333333334,0.6666666666666666,,,,0,,0,9647.33,0.0,0.0,9647.33,,,DUPLICATE,DUPLICATE
EXC_004685,PAY000936,PAY,NONE,1,0,0,0.8181818181818182,0.5,,,,0,,0,,,,,,,DUPLICATE,DUPLICATE
EXC_004686,PAY_000678,PAY,NONE,1,0,0,0.8333333333333334,0.6666666666666666,,,,0,,0,1430.4,28.61,5.15,,,,DUPLICATE,DUPLICATE
EXC_004687,PAY_001653,PAY,NONE,1,0,0,0.8333333333333334,0.6666666666666666,,,,0,,0,2276.93,0.0,0.0,,,,DUPLICATE,DUPLICATE
EXC_004688,PAY_000420,PAY,NONE,1,0,0,0.8333333333333334,0.6666666666666666,,,,0,,0,2411.92,43.41,7.81,,,,DUPLICATE,DUPLICATE
EXC_004689,PAY_001177,PAY,NONE,1,0,0,0.8333333333333334,0.6666666666666666,,,,0,,0,3124.4,0.0,0.0,,,,DUPLICATE,DUPLICATE
EXC_004693,LED_010298,LED,NONE,1,0,0,0.8333333333333334,0.6666666666666666,,,,0,,0,74.86,,,,,,DUPLICATE,DUPLICATE
EXC_004695,LED_010389,LED,NONE,1,0,0,0.8333333333333334,0.6666666666666666,,,,0,,0,182.28,,,,,,DUPLICATE,DUPLICATE
EXC_004696,LED_009667,LED,NONE,1,0,0,0.8333333333333334,0.6666666666666666,,,,0,,0,321.77,,,,,,DUPLICATE,DUPLICATE
EXC_004697,LED_011913,LED,NONE,1,0,0,0.8333333333333334,0.6666666666666666,,,,0,,0,1580.89,,,,,,DUPLICATE,DUPLICATE
EXC_004699,LED_001664,LED,NONE,1,0,0,0.8333333333333334,0.6666666666666666,,,,0,,0,6719.35,,,,,,DUPLICATE,DUPLICATE
EXC_004701,LED_003296,LED,NONE,1,0,0,0.8333333333333334,0.6666666666666666,,,,0,,0,143390.06,,,,,,DUPLICATE,DUPLICATE
EXC_004702,LED_002061,LED,NONE,1,0,0,0.8333333333333334,0.6666666666666666,,,,0,,0,6875.64,,,,,,DUPLICATE,DUPLICATE
EXC_004703,LED_005568,LED,NONE,1,0,0,0.8333333333333334,0.6666666666666666,,,,0,,0,159654.0,,,,,,DUPLICATE,DUPLICATE
EXC_004704,LED_002742,LED,NONE,1,0,0,0.8333333333333334,0.6666666666666666,,,,0,,0,37178.25,,,,,,DUPLICATE,DUPLICATE
EXC_004705,LED_011969,LED,NONE,1,0,0,0.8333333333333334,0.6666666666666666,,,,0,,0,159821.77,,,,,,DUPLICATE,DUPLICATE
EXC_004706,LED_005592,LED,NONE,1,0,0,0.8333333333333334,0.6666666666666666,,,,0,,0,81290.2,,,,,,DUPLICATE,DUPLICATE
EXC_004710,LED_004129,LED,NONE,1,0,0,0.8333333333333334,0.6666666666666666,,,,0,,0,14082.12,,,,,,DUPLICATE,DUPLICATE
EXC_004713,LED_002247,LED,NONE,1,0,0,0.8333333333333334,0.6666666666666666,,,,0,,0,48572.94,,,,,,DUPLICATE,DUPLICATE
EXC_004714,LED_011158,LED,NONE,1,0,0,0.8333333333333334,0.6666666666666666,,,,0,,0,1574.7,,,,,,DUPLICATE,DUPLICATE
EXC_004717,LED_005476,LED,NONE,1,0,0,0.8333333333333334,0.6666666666666666,,,,0,,0,23313.02,,,,,,DUPLICATE,DUPLICATE
EXC_004718,LED_008486,LED,NONE,1,0,0,0.8333333333333334,0.6666666666666666,,,,0,,0,10679.0,,,,,,DUPLICATE,DUPLICATE
EXC_004719,LED_009246,LED,NONE,1,0,0,0.8333333333333334,0.6666666666666666,,,,0,,0,87.3,,,,,,DUPLICATE,DUPLICATE
EXC_004720,LED_003261,LED,NONE,1,0,0,0.8333333333333334,0.6666666666666666,,,,0,,0,24738.0,,,,,,DUPLICATE,DUPLICATE
EXC_004721,LED_007694,LED,NONE,1,0,0,0.8333333333333334,0.6666666666666666,,,,0,,0,39242.67,,,,,,DUPLICATE,DUPLICATE
EXC_004722,LED_010944,LED,NONE,1,0,0,0.8333333333333334,0.6666666666666666,,,,0,,0,119.55,,,,,,DUPLICATE,DUPLICATE
EXC_004723,LED_007507,LED,NONE,1,0,0,0.8333333333333334,0.6666666666666666,,,,0,,0,27428.27,,,,,,DUPLICATE,DUPLICATE
EXC_004724,LED_010735,LED,NONE,1,0,0,0.8333333333333334,0.6666666666666666,,,,0,,0,1248.65,,,,,,DUPLICATE,DUPLICATE
EXC_004725,LED_005131,LED,NONE,1,0,0,0.8333333333333334,0.6666666666666666,,,,0,,0,488.22,,,,,,DUPLICATE,DUPLICATE
EXC_004726,LED_003968,LED,NONE,1,0,0,0.8333333333333334,0.6666666666666666,,,,0,,0,40288.0,,,,,,DUPLICATE,DUPLICATE
EXC_004727,LED_005899,LED,NONE,1,0,0,0.8333333333333334,0.6666666666666666,,,,0,,0,5616.8,,,,,,DUPLICATE,DUPLICATE
EXC_004728,LED_004579,LED,NONE,1,0,0,0.8333333333333334,0.6666666666666666,,,,0,,0,271.0,,,,,,DUPLICATE,DUPLICATE
EXC_004729,LED_000963,LED,NONE,1,0,0,0.8333333333333334,0.6666666666666666,,,,0,,0,18372.0,,,,,,DUPLICATE,DUPLICATE
EXC_004730,LED_011814,LED,NONE,1,0,0,0.8333333333333334,0.6666666666666666,,,,0,,0,55666.62,,,,,,DUPLICATE,DUPLICATE
EXC_004732,LED_005162,LED,NONE,1,0,0,0.8333333333333334,0.6666666666666666,,,,0,,0,256.5,,,,,,DUPLICATE,DUPLICATE
EXC_004733,LED_008381,LED,NONE,1,0,0,0.8333333333333334,0.6666666666666666,,,,0,,0,56567.78,,,,,,DUPLICATE,DUPLICATE
EXC_004735,LED_002943,LED,NONE,1,0,0,0.8333333333333334,0.6666666666666666,,,,0,,0,27514.06,,,,,,DUPLICATE,DUPLICATE
EXC_004737,LED_011423,LED,NONE,1,0,0,0.8333333333333334,0.6666666666666666,,,,0,,0,634.44,,,,,,DUPLICATE,DUPLICATE
EXC_004738,LED_003350,LED,NONE,1,0,0,0.8333333333333334,0.6666666666666666,,,,0,,0,818.92,,,,,,DUPLICATE,DUPLICATE
EXC_004739,LED_010053,LED,NONE,1,0,0,0.8333333333333334,0.6666666666666666,,,,0,,0,10.6,,,,,,DUPLICATE,DUPLICATE
EXC_004740,LED_006139,LED,NONE,1,0,0,0.8333333333333334,0.6666666666666666,,,,0,,0,6852.26,,,,,,DUPLICATE,DUPLICATE
EXC_004742,LED_001794,LED,NONE,1,0,0,0.8333333333333334,0.6666666666666666,,,,0,,0,202.34,,,,,,DUPLICATE,DUPLICATE
EXC_004744,LED_001952,LED,NONE,1,0,0,0.8333333333333334,0.6666666666666666,,,,0,,0,2741.0,,,,,,DUPLICATE,DUPLICATE
EXC_004747,LED_005480,LED,NONE,1,0,0,0.8333333333333334,0.6666666666666666,,,,0,,0,85423.74,,,,,,DUPLICATE,DUPLICATE
EXC_004748,LED_005391,LED,NONE,1,0,0,0.8333333333333334,0.6666666666666666,,,,0,,0,30410.49,,,,,,DUPLICATE,DUPLICATE
EXC_004752,LED_003064,LED,NONE,1,0,0,0.8333333333333334,0.6666666666666666,,,,0,,0,1114.7,,,,,,DUPLICATE,DUPLICATE
EXC_004755,LED_011897,LED,NONE,1,0,0,0.8333333333333334,0.6666666666666666,,,,0,,0,9488.38,,,,,,DUPLICATE,DUPLICATE
EXC_004756,LED_009160,LED,NONE,1,0,0,0.8333333333333334,0.6666666666666666,,,,0,,0,180.03,,,,,,DUPLICATE,DUPLICATE
EXC_004757,LED_009313,LED,NONE,1,0,0,0.8333333333333334,0.6666666666666666,,,,0,,0,81.79,,,,,,DUPLICATE,DUPLICATE
EXC_004759,LED_002990,LED,NONE,1,0,0,0.8333333333333334,0.6666666666666666,,,,0,,0,2457.35,,,,,,DUPLICATE,DUPLICATE
EXC_004760,LED_006783,LED,NONE,1,0,0,0.8333333333333334,0.6666666666666666,,,,0,,0,48572.94,,,,,,DUPLICATE,DUPLICATE
EXC_004761,LED_000677,LED,NONE,1,0,0,0.8333333333333334,0.6666666666666666,,,,0,,0,6002.7,,,,,,DUPLICATE,DUPLICATE
EXC_004762,LED_003730,LED,NONE,1,0,0,0.8333333333333334,0.6666666666666666,,,,0,,0,3609.8,,,,,,DUPLICATE,DUPLICATE
EXC_004763,LED_001391,LED,NONE,1,0,0,0.8333333333333334,0.6666666666666666,,,,0,,0,3960.49,,,,,,DUPLICATE,DUPLICATE
EXC_004765,LED_004666,LED,NONE,1,0,0,0.8333333333333334,0.6666666666666666,,,,0,,0,25468.0,,,,,,DUPLICATE,DUPLICATE
EXC_004767,LED_009910,LED,NONE,1,0,0,0.8333333333333334,0.6666666666666666,,,,0,,0,82.06,,,,,,DUPLICATE,DUPLICATE
EXC_004768,LED_000315,LED,NONE,1,0,0,0.8333333333333334,0.6666666666666666,,,,0,,0,10333.15,,,,,,DUPLICATE,DUPLICATE
EXC_004769,LED_004019,LED,NONE,1,0,0,0.8333333333333334,0.6666666666666666,,,,0,,0,781.34,,,,,,DUPLICATE,DUPLICATE
EXC_004771,LED_004305,LED,NONE,1,0,0,0.8333333333333334,0.6666666666666666,,,,0,,0,5375.56,,,,,,DUPLICATE,DUPLICATE
EXC_004772,LED_006050,LED,NONE,1,0,0,0.8333333333333334,0.6666666666666666,,,,0,,0,125453.18,,,,,,DUPLICATE,DUPLICATE
EXC_004775,LED_000120,LED,NONE,1,0,0,0.8333333333333334,0.6666666666666666,,,,0,,0,151.56,,,,,,DUPLICATE,DUPLICATE
EXC_004776,LED_011940,LED,NONE,1,0,0,0.8333333333333334,0.6666666666666666,,,,0,,0,395688.96,,,,,,DUPLICATE,DUPLICATE
EXC_004778,LED_007946,LED,NONE,1,0,0,0.8333333333333334,0.6666666666666666,,,,0,,0,5566.89,,,,,,DUPLICATE,DUPLICATE
EXC_004779,LED_001983,LED,NONE,1,0,0,0.8333333333333334,0.6666666666666666,,,,0,,0,2144.0,,,,,,DUPLICATE,DUPLICATE
EXC_004780,LED_009165,LED,NONE,1,0,0,0.8333333333333334,0.6666666666666666,,,,0,,0,267.34,,,,,,DUPLICATE,DUPLICATE
EXC_004782,LED_001133,LED,NONE,1,0,0,0.8333333333333334,0.6666666666666666,,,,0,,0,4700.45,,,,,,DUPLICATE,DUPLICATE
EXC_004783,LED_005221,LED,NONE,1,0,0,0.8333333333333334,0.6666666666666666,,,,0,,0,4558.14,,,,,,DUPLICATE,DUPLICATE
EXC_004784,LED_002214,LED,NONE,1,0,0,0.8333333333333334,0.6666666666666666,,,,0,,0,6378.08,,,,,,DUPLICATE,DUPLICATE
EXC_004785,LED_003005,LED,NONE,1,0,0,0.8333333333333334,0.6666666666666666,,,,0,,0,25995.8,,,,,,DUPLICATE,DUPLICATE
EXC_004787,LED_003715,LED,NONE,1,0,0,0.8333333333333334,0.6666666666666666,,,,0,,0,1951.84,,,,,,DUPLICATE,DUPLICATE
EXC_004788,LED_006204,LED,NONE,1,0,0,0.8333333333333334,0.6666666666666666,,,,0,,0,11472.79,,,,,,DUPLICATE,DUPLICATE
EXC_004789,LED_011868,LED,NONE,1,0,0,0.8333333333333334,0.6666666666666666,,,,0,,0,22076.62,,,,,,DUPLICATE,DUPLICATE
EXC_004791,LED_011690,LED,NONE,1,0,0,0.8333333333333334,0.6666666666666666,,,,0,,0,15184.24,,,,,,DUPLICATE,DUPLICATE
EXC_004792,LED_004979,LED,NONE,1,0,0,0.8333333333333334,0.6666666666666666,,,,0,,0,45447.0,,,,,,DUPLICATE,DUPLICATE
EXC_004793,LED_011159,LED,NONE,1,0,0,0.8333333333333334,0.6666666666666666,,,,0,,0,16.32,,,,,,DUPLICATE,DUPLICATE
EXC_004794,LED_006145,LED,NONE,1,0,0,0.8333333333333334,0.6666666666666666,,,,0,,0,2590.75,,,,,,DUPLICATE,DUPLICATE
EXC_004796,LED_003055,LED,NONE,1,0,0,0.8333333333333334,0.6666666666666666,,,,0,,0,1592.78,,,,,,DUPLICATE,DUPLICATE
EXC_004797,LED_000756,LED,NONE,1,0,0,0.8333333333333334,0.6666666666666666,,,,0,,0,7282.96,,,,,,DUPLICATE,DUPLICATE
EXC_004798,LED_005502,LED,NONE,1,0,0,0.8333333333333334,0.6666666666666666,,,,0,,0,13886.24,,,,,,DUPLICATE,DUPLICATE
EXC_004799,LED_005948,LED,NONE,1,0,0,0.8333333333333334,0.6666666666666666,,,,0,,0,93357.23,,,,,,DUPLICATE,DUPLICATE
EXC_004801,LED_006866,LED,NONE,1,0,0,0.8333333333333334,0.6666666666666666,,,,0,,0,6454.6,,,,,,DUPLICATE,DUPLICATE
EXC_004802,LED_007473,LED,NONE,1,0,0,0.8333333333333334,0.6666666666666666,,,,0,,0,84409.06,,,,,,DUPLICATE,DUPLICATE
EXC_004805,LED_008365,LED,NONE,1,0,0,0.8333333333333334,0.6666666666666666,,,,0,,0,53661.68,,,,,,DUPLICATE,DUPLICATE
EXC_004806,LED_010116,LED,NONE,1,0,0,0.8333333333333334,0.6666666666666666,,,,0,,0,10.08,,,,,,DUPLICATE,DUPLICATE
EXC_004807,LED_010249,LED,NONE,1,0,0,0.8333333333333334,0.6666666666666666,,,,0,,0,52.4,,,,,,DUPLICATE,DUPLICATE
EXC_004809,LED_001801,LED,NONE,1,0,0,0.8333333333333334,0.6666666666666666,,,,0,,0,2708.34,,,,,,DUPLICATE,DUPLICATE
EXC_004811,LED_003182,LED,NONE,1,0,0,0.8333333333333334,0.6666666666666666,,,,0,,0,61392.69,,,,,,DUPLICATE,DUPLICATE
EXC_004812,LED_007579,LED,NONE,1,0,0,0.8333333333333334,0.6666666666666666,,,,0,,0,22932.83,,,,,,DUPLICATE,DUPLICATE
EXC_004813,LED_009997,LED,NONE,1,0,0,0.8333333333333334,0.6666666666666666,,,,0,,0,420.33,,,,,,DUPLICATE,DUPLICATE
EXC_004815,LED_000309,LED,NONE,1,0,0,0.8333333333333334,0.6666666666666666,,,,0,,0,47996.1,,,,,,DUPLICATE,DUPLICATE
EXC_004816,LED_011974,LED,NONE,1,0,0,0.8333333333333334,0.6666666666666666,,,,0,,0,438445.01,,,,,,DUPLICATE,DUPLICATE
EXC_004817,LED_005152,LED,NONE,1,0,0,0.8333333333333334,0.6666666666666666,,,,0,,0,2284.83,,,,,,DUPLICATE,DUPLICATE
EXC_004818,LED_005591,LED,NONE,1,0,0,0.8333333333333334,0.6666666666666666,,,,0,,0,81290.2,,,,,,DUPLICATE,DUPLICATE
EXC_004819,LED_007894,LED,NONE,1,0,0,0.8333333333333334,0.6666666666666666,,,,0,,0,63671.15,,,,,,DUPLICATE,DUPLICATE
EXC_004821,LED_002410,LED,NONE,1,0,0,0.8333333333333334,0.6666666666666666,,,,0,,0,17605.84,,,,,,DUPLICATE,DUPLICATE
EXC_004823,LED_004223,LED,NONE,1,0,0,0.8333333333333334,0.6666666666666666,,,,0,,0,1420.25,,,,,,DUPLICATE,DUPLICATE
EXC_004824,LED_005489,LED,NONE,1,0,0,0.8333333333333334,0.6666666666666666,,,,0,,0,275.24,,,,,,DUPLICATE,DUPLICATE
EXC_004826,LED_001754,LED,NONE,1,0,0,0.8333333333333334,0.6666666666666666,,,,0,,0,252.72,,,,,,DUPLICATE,DUPLICATE
EXC_004827,LED_001480,LED,NONE,1,0,0,0.8333333333333334,0.6666666666666666,,,,0,,0,14212.0,,,,,,DUPLICATE,DUPLICATE
EXC_004828,LED_006566,LED,NONE,1,0,0,0.8333333333333334,0.6666666666666666,,,,0,,0,2680.49,,,,,,DUPLICATE,DUPLICATE
EXC_004829,LED_000010,LED,NONE,1,0,0,0.8333333333333334,0.6666666666666666,,,,0,,0,85858.51,,,,,,DUPLICATE,DUPLICATE
EXC_004830,LED_009266,LED,NONE,1,0,0,0.8333333333333334,0.6666666666666666,,,,0,,0,83.43,,,,,,DUPLICATE,DUPLICATE
EXC_004833,LED_008948,LED,NONE,1,0,0,0.8333333333333334,0.6666666666666666,,,,0,,0,234.62,,,,,,DUPLICATE,DUPLICATE
EXC_004834,LED_009621,LED,NONE,1,0,0,0.8333333333333334,0.6666666666666666,,,,0,,0,45.54,,,,,,DUPLICATE,DUPLICATE
EXC_004835,LED_007840,LED,NONE,1,0,0,0.8333333333333334,0.6666666666666666,,,,0,,0,2940.56,,,,,,DUPLICATE,DUPLICATE
EXC_004837,LED_001836,LED,NONE,1,0,0,0.8333333333333334,0.6666666666666666,,,,0,,0,7203.02,,,,,,DUPLICATE,DUPLICATE
EXC_004838,LED_005879,LED,NONE,1,0,0,0.8333333333333334,0.6666666666666666,,,,0,,0,35285.54,,,,,,DUPLICATE,DUPLICATE
EXC_004840,LED_002833,LED,NONE,1,0,0,0.8333333333333334,0.6666666666666666,,,,0,,0,5318.86,,,,,,DUPLICATE,DUPLICATE
EXC_004841,LED_001960,LED,NONE,1,0,0,0.8333333333333334,0.6666666666666666,,,,0,,0,4554.62,,,,,,DUPLICATE,DUPLICATE
EXC_004843,LED_003399,LED,NONE,1,0,0,0.8333333333333334,0.6666666666666666,,,,0,,0,17128.5,,,,,,DUPLICATE,DUPLICATE
EXC_004844,LED_006390,LED,NONE,1,0,0,0.8333333333333334,0.6666666666666666,,,,0,,0,26900.22,,,,,,DUPLICATE,DUPLICATE
EXC_004846,LED_008800,LED,NONE,1,0,0,0.8333333333333334,0.6666666666666666,,,,0,,0,78.68,,,,,,DUPLICATE,DUPLICATE
EXC_004849,LED_001021,LED,NONE,1,0,0,0.8333333333333334,0.6666666666666666,,,,0,,0,10017.02,,,,,,DUPLICATE,DUPLICATE
EXC_004851,LED_008667,LED,NONE,1,0,0,0.8333333333333334,0.6666666666666666,,,,0,,0,6872.2,,,,,,DUPLICATE,DUPLICATE
EXC_004854,LED_007735,LED,NONE,1,0,0,0.8333333333333334,0.6666666666666666,,,,0,,0,46464.33,,,,,,DUPLICATE,DUPLICATE
EXC_004855,LED_007300,LED,NONE,1,0,0,0.8333333333333334,0.6666666666666666,,,,0,,0,30040.79,,,,,,DUPLICATE,DUPLICATE
EXC_004856,LED_011498,LED,NONE,1,0,0,0.8333333333333334,0.6666666666666666,,,,0,,0,181.43,,,,,,DUPLICATE,DUPLICATE
EXC_004857,LED_001184,LED,NONE,1,0,0,0.8333333333333334,0.6666666666666666,,,,0,,0,6303.69,,,,,,DUPLICATE,DUPLICATE
EXC_004859,LED_011341,LED,NONE,1,0,0,0.8333333333333334,0.6666666666666666,,,,0,,0,581.81,,,,,,DUPLICATE,DUPLICATE
EXC_004860,LED_008560,LED,NONE,1,0,0,0.8333333333333334,0.6666666666666666,,,,0,,0,104586.94,,,,,,DUPLICATE,DUPLICATE
EXC_004862,LED_009746,LED,NONE,1,0,0,0.8333333333333334,0.6666666666666666,,,,0,,0,8.03,,,,,,DUPLICATE,DUPLICATE
EXC_004863,LED_008707,LED,NONE,1,0,0,0.8333333333333334,0.6666666666666666,,,,0,,0,13598.32,,,,,,DUPLICATE,DUPLICATE
EXC_004865,LED_010425,LED,NONE,1,0,0,0.8333333333333334,0.6666666666666666,,,,0,,0,19.7,,,,,,DUPLICATE,DUPLICATE
EXC_004866,LED_012187,LED,NONE,1,0,0,0.8333333333333334,0.6666666666666666,,,,0,,0,700789.28,,,,,,DUPLICATE,DUPLICATE
EXC_004867,LED_003836,LED,NONE,1,0,0,0.8333333333333334,0.6666666666666666,,,,0,,0,15376.07,,,,,,DUPLICATE,DUPLICATE
EXC_004868,LED_000121,LED,NONE,1,0,0,0.8333333333333334,0.6666666666666666,,,,0,,0,151.56,,,,,,DUPLICATE,DUPLICATE
EXC_004870,LED_008363,LED,NONE,1,0,0,0.8333333333333334,0.6666666666666666,,,,0,,0,29550.68,,,,,,DUPLICATE,DUPLICATE
EXC_004871,LED_004740,LED,NONE,1,0,0,0.8333333333333334,0.6666666666666666,,,,0,,0,724.91,,,,,,DUPLICATE,DUPLICATE
EXC_004872,LED_006588,LED,NONE,1,0,0,0.8333333333333334,0.6666666666666666,,,,0,,0,2966.87,,,,,,DUPLICATE,DUPLICATE
EXC_004873,LED_001782,LED,NONE,1,0,0,0.8333333333333334,0.6666666666666666,,,,0,,0,311.64,,,,,,DUPLICATE,DUPLICATE
EXC_004875,LED_004161,LED,NONE,1,0,0,0.8333333333333334,0.6666666666666666,,,,0,,0,92.25,,,,,,DUPLICATE,DUPLICATE
EXC_004876,LED_009651,LED,NONE,1,0,0,0.8333333333333334,0.6666666666666666,,,,0,,0,24.14,,,,,,DUPLICATE,DUPLICATE
EXC_004877,LED_010196,LED,NONE,1,0,0,0.8333333333333334,0.6666666666666666,,,,0,,0,2239.07,,,,,,DUPLICATE,DUPLICATE
EXC_004878,LED_010787,LED,NONE,1,0,0,0.8333333333333334,0.6666666666666666,,,,0,,0,84.63,,,,,,DUPLICATE,DUPLICATE
EXC_004879,LED_008083,LED,NONE,1,0,0,0.8333333333333334,0.6666666666666666,,,,0,,0,30598.82,,,,,,DUPLICATE,DUPLICATE
EXC_004880,LED_009738,LED,NONE,1,0,0,0.8333333333333334,0.6666666666666666,,,,0,,0,71.24,,,,,,DUPLICATE,DUPLICATE
EXC_004882,LED_002137,LED,NONE,1,0,0,0.8333333333333334,0.6666666666666666,,,,0,,0,1524.1,,,,,,DUPLICATE,DUPLICATE
EXC_004883,LED_007871,LED,NONE,1,0,0,0.8333333333333334,0.6666666666666666,,,,0,,0,6199.54,,,,,,DUPLICATE,DUPLICATE
EXC_004884,LED_001771,LED,NONE,1,0,0,0.8333333333333334,0.6666666666666666,,,,0,,0,785.7,,,,,,DUPLICATE,DUPLICATE
EXC_004885,LED_010692,LED,NONE,1,0,0,0.8333333333333334,0.6666666666666666,,,,0,,0,184.73,,,,,,DUPLICATE,DUPLICATE
EXC_004886,LED_005541,LED,NONE,1,0,0,0.8333333333333334,0.6666666666666666,,,,0,,0,1060.47,,,,,,DUPLICATE,DUPLICATE
EXC_004887,LED_011755,LED,NONE,1,0,0,0.8333333333333334,0.6666666666666666,,,,0,,0,15359.24,,,,,,DUPLICATE,DUPLICATE
EXC_004888,LED_006648,LED,NONE,1,0,0,0.8333333333333334,0.6666666666666666,,,,0,,0,29212.13,,,,,,DUPLICATE,DUPLICATE
EXC_004889,LED_000815,LED,NONE,1,0,0,0.8333333333333334,0.6666666666666666,,,,0,,0,11998.5,,,,,,DUPLICATE,DUPLICATE
EXC_004890,LED_003717,LED,NONE,1,0,0,0.8333333333333334,0.6666666666666666,,,,0,,0,297.74,,,,,,DUPLICATE,DUPLICATE
EXC_004894,LED_008194,LED,NONE,1,0,0,0.8333333333333334,0.6666666666666666,,,,0,,0,6570.24,,,,,,DUPLICATE,DUPLICATE
EXC_004896,LED_008755,LED,NONE,1,0,0,0.8333333333333334,0.6666666666666666,,,,0,,0,6112.28,,,,,,DUPLICATE,DUPLICATE
EXC_004897,LED_011427,LED,NONE,1,0,0,0.8333333333333334,0.6666666666666666,,,,0,,0,19.17,,,,,,DUPLICATE,DUPLICATE
EXC_004898,LED_005950,LED,NONE,1,0,0,0.8333333333333334,0.6666666666666666,,,,0,,0,54451.1,,,,,,DUPLICATE,DUPLICATE
EXC_004899,LED_002457,LED,NONE,1,0,0,0.8333333333333334,0.6666666666666666,,,,0,,0,53823.34,,,,,,DUPLICATE,DUPLICATE
EXC_004900,LED_008656,LED,NONE,1,0,0,0.8333333333333334,0.6666666666666666,,,,0,,0,62125.82,,,,,,DUPLICATE,DUPLICATE
EXC_004902,LED_010852,LED,NONE,1,0,0,0.8333333333333334,0.6666666666666666,,,,0,,0,2140.97,,,,,,DUPLICATE,DUPLICATE
EXC_004904,LED_010381,LED,NONE,1,0,0,0.8333333333333334,0.6666666666666666,,,,0,,0,212.23,,,,,,DUPLICATE,DUPLICATE
EXC_004905,LED_008636,LED,NONE,1,0,0,0.8333333333333334,0.6666666666666666,,,,0,,0,10561.0,,,,,,DUPLICATE,DUPLICATE
EXC_004906,LED_006691,LED,NONE,1,0,0,0.8333333333333334,0.6666666666666666,,,,0,,0,17401.46,,,,,,DUPLICATE,DUPLICATE
EXC_004908,LED_011010,LED,NONE,1,0,0,0.8333333333333334,0.6666666666666666,,,,0,,0,13.77,,,,,,DUPLICATE,DUPLICATE
EXC_004909,LED_001767,LED,NONE,1,0,0,0.8333333333333334,0.6666666666666666,,,,0,,0,2540.65,,,,,,DUPLICATE,DUPLICATE
EXC_004910,LED_009211,LED,NONE,1,0,0,0.8333333333333334,0.6666666666666666,,,,0,,0,130.01,,,,,,DUPLICATE,DUPLICATE
EXC_004911,LED_004364,LED,NONE,1,0,0,0.8333333333333334,0.6666666666666666,,,,0,,0,2902.5,,,,,,DUPLICATE,DUPLICATE
EXC_004914,LED_007887,LED,NONE,1,0,0,0.8333333333333334,0.6666666666666666,,,,0,,0,37434.32,,,,,,DUPLICATE,DUPLICATE
EXC_004916,LED_011769,LED,NONE,1,0,0,0.8333333333333334,0.6666666666666666,,,,0,,0,18893.22,,,,,,DUPLICATE,DUPLICATE
EXC_004917,LED_004098,LED,NONE,1,0,0,0.8333333333333334,0.6666666666666666,,,,0,,0,234.29,,,,,,DUPLICATE,DUPLICATE
EXC_004918,LED_000859,LED,NONE,1,0,0,0.8333333333333334,0.6666666666666666,,,,0,,0,12828.29,,,,,,DUPLICATE,DUPLICATE
EXC_004919,LED_012025,LED,NONE,1,0,0,0.8333333333333334,0.6666666666666666,,,,0,,0,80674.51,,,,,,DUPLICATE,DUPLICATE
EXC_004920,LED_009587,LED,NONE,1,0,0,0.8333333333333334,0.6666666666666666,,,,0,,0,238.99,,,,,,DUPLICATE,DUPLICATE
EXC_004921,LED_000146,LED,NONE,1,0,0,0.8333333333333334,0.6666666666666666,,,,0,,0,7934.66,,,,,,DUPLICATE,DUPLICATE
EXC_004922,LED_010892,LED,NONE,1,0,0,0.8333333333333334,0.6666666666666666,,,,0,,0,247.99,,,,,,DUPLICATE,DUPLICATE
EXC_004923,LED_000068,LED,NONE,1,0,0,0.8333333333333334,0.6666666666666666,,,,0,,0,35461.0,,,,,,DUPLICATE,DUPLICATE
EXC_004925,LED_004006,LED,NONE,1,0,0,0.8333333333333334,0.6666666666666666,,,,0,,0,429.32,,,,,,DUPLICATE,DUPLICATE
EXC_004926,LED_008373,LED,NONE,1,0,0,0.8333333333333334,0.6666666666666666,,,,0,,0,2041.7,,,,,,DUPLICATE,DUPLICATE
EXC_004929,LED_010392,LED,NONE,1,0,0,0.8333333333333334,0.6666666666666666,,,,0,,0,32.88,,,,,,DUPLICATE,DUPLICATE
EXC_004930,LED_009823,LED,NONE,1,0,0,0.8333333333333334,0.6666666666666666,,,,0,,0,80.62,,,,,,DUPLICATE,DUPLICATE
EXC_004931,LED_010331,LED,NONE,1,0,0,0.8333333333333334,0.6666666666666666,,,,0,,0,47.74,,,,,,DUPLICATE,DUPLICATE
EXC_004933,LED_005015,LED,NONE,1,0,0,0.8333333333333334,0.6666666666666666,,,,0,,0,54838.14,,,,,,DUPLICATE,DUPLICATE
EXC_004935,LED_005277,LED,NONE,1,0,0,0.8333333333333334,0.6666666666666666,,,,0,,0,16665.14,,,,,,DUPLICATE,DUPLICATE
EXC_004936,LED_007802,LED,NONE,1,0,0,0.8333333333333334,0.6666666666666666,,,,0,,0,16186.77,,,,,,DUPLICATE,DUPLICATE
EXC_004937,LED_011553,LED,NONE,1,0,0,0.8333333333333334,0.6666666666666666,,,,0,,0,0.9,,,,,,DUPLICATE,DUPLICATE
EXC_004938,LED_010849,LED,NONE,1,0,0,0.8333333333333334,0.6666666666666666,,,,0,,0,1232.38,,,,,,DUPLICATE,DUPLICATE
EXC_004939,LED_011137,LED,NONE,1,0,0,0.8333333333333334,0.6666666666666666,,,,0,,0,75.35,,,,,,DUPLICATE,DUPLICATE
EXC_004940,LED_004268,LED,NONE,1,0,0,0.8333333333333334,0.6666666666666666,,,,0,,0,338.76,,,,,,DUPLICATE,DUPLICATE
EXC_004941,LED_005225,LED,NONE,1,0,0,0.8333333333333334,0.6666666666666666,,,,0,,0,52321.2,,,,,,DUPLICATE,DUPLICATE
EXC_004942,LED_004679,LED,NONE,1,0,0,0.8333333333333334,0.6666666666666666,,,,0,,0,103.32,,,,,,DUPLICATE,DUPLICATE
EXC_004943,LED_001858,LED,NONE,1,0,0,0.8333333333333334,0.6666666666666666,,,,0,,0,26648.0,,,,,,DUPLICATE,DUPLICATE
EXC_004944,LED_000724,LED,NONE,1,0,0,0.8333333333333334,0.6666666666666666,,,,0,,0,32419.2,,,,,,DUPLICATE,DUPLICATE
EXC_004946,LED_006802,LED,NONE,1,0,0,0.8333333333333334,0.6666666666666666,,,,0,,0,2947.05,,,,,,DUPLICATE,DUPLICATE
EXC_004947,LED_009808,LED,NONE,1,0,0,0.8333333333333334,0.6666666666666666,,,,0,,0,365.07,,,,,,DUPLICATE,DUPLICATE
EXC_004948,LED_002877,LED,NONE,1,0,0,0.8333333333333334,0.6666666666666666,,,,0,,0,25439.62,,,,,,DUPLICATE,DUPLICATE
EXC_004950,LED_002287,LED,NONE,1,0,0,0.8333333333333334,0.6666666666666666,,,,0,,0,444.04,,,,,,DUPLICATE,DUPLICATE
EXC_004951,LED_006506,LED,NONE,1,0,0,0.8333333333333334,0.6666666666666666,,,,0,,0,3447.96,,,,,,DUPLICATE,DUPLICATE
EXC_004952,LED_010808,LED,NONE,1,0,0,0.8333333333333334,0.6666666666666666,,,,0,,0,135.8,,,,,,DUPLICATE,DUPLICATE
EXC_004953,LED_005792,LED,NONE,1,0,0,0.8333333333333334,0.6666666666666666,,,,0,,0,30977.48,,,,,,DUPLICATE,DUPLICATE
EXC_004954,LED_004806,LED,NONE,1,0,0,0.8333333333333334,0.6666666666666666,,,,0,,0,9271.26,,,,,,DUPLICATE,DUPLICATE
EXC_004955,LED_003921,LED,NONE,1,0,0,0.8333333333333334,0.6666666666666666,,,,0,,0,73417.71,,,,,,DUPLICATE,DUPLICATE
EXC_004956,LED_005023,LED,NONE,1,0,0,0.8333333333333334,0.6666666666666666,,,,0,,0,2115.54,,,,,,DUPLICATE,DUPLICATE
EXC_004957,LED_007624,LED,NONE,1,0,0,0.8333333333333334,0.6666666666666666,,,,0,,0,8549.1,,,,,,DUPLICATE,DUPLICATE
EXC_004958,LED_005982,LED,NONE,1,0,0,0.8333333333333334,0.6666666666666666,,,,0,,0,1181.89,,,,,,DUPLICATE,DUPLICATE
EXC_004959,LED_009580,LED,NONE,1,0,0,0.8333333333333334,0.6666666666666666,,,,0,,0,166.77,,,,,,DUPLICATE,DUPLICATE
EXC_004961,LED_011643,LED,NONE,1,0,0,0.8333333333333334,0.6666666666666666,,,,0,,0,286.98,,,,,,DUPLICATE,DUPLICATE
EXC_004963,LED_000522,LED,NONE,1,0,0,0.8333333333333334,0.6666666666666666,,,,0,,0,6674.54,,,,,,DUPLICATE,DUPLICATE
EXC_004964,LED_004380,LED,NONE,1,0,0,0.8333333333333334,0.6666666666666666,,,,0,,0,935.8,,,,,,DUPLICATE,DUPLICATE
EXC_004966,LED_005752,LED,NONE,1,0,0,0.8333333333333334,0.6666666666666666,,,,0,,0,9449.44,,,,,,DUPLICATE,DUPLICATE
EXC_004967,LED_009779,LED,NONE,1,0,0,0.8333333333333334,0.6666666666666666,,,,0,,0,264.53,,,,,,DUPLICATE,DUPLICATE
EXC_004969,LED_008692,LED,NONE,1,0,0,0.8333333333333334,0.6666666666666666,,,,0,,0,130641.34,,,,,,DUPLICATE,DUPLICATE
EXC_004972,LED_008699,LED,NONE,1,0,0,0.8333333333333334,0.6666666666666666,,,,0,,0,7232.22,,,,,,DUPLICATE,DUPLICATE
EXC_004973,LED_005559,LED,NONE,1,0,0,0.8333333333333334,0.6666666666666666,,,,0,,0,1362.02,,,,,,DUPLICATE,DUPLICATE
EXC_004975,LED_010749,LED,NONE,1,0,0,0.8333333333333334,0.6666666666666666,,,,0,,0,7.44,,,,,,DUPLICATE,DUPLICATE
EXC_004978,LED_000911,LED,NONE,1,0,0,0.8333333333333334,0.6666666666666666,,,,0,,0,8761.87,,,,,,DUPLICATE,DUPLICATE
EXC_004979,LED_007794,LED,NONE,1,0,0,0.8333333333333334,0.6666666666666666,,,,0,,0,19943.18,,,,,,DUPLICATE,DUPLICATE
EXC_004980,LED_010226,LED,NONE,1,0,0,0.8333333333333334,0.6666666666666666,,,,0,,0,827.13,,,,,,DUPLICATE,DUPLICATE
EXC_004983,LED_007243,LED,NONE,1,0,0,0.8333333333333334,0.6666666666666666,,,,0,,0,25372.36,,,,,,DUPLICATE,DUPLICATE
EXC_004984,LED_006135,LED,NONE,1,0,0,0.8333333333333334,0.6666666666666666,,,,0,,0,8195.1,,,,,,DUPLICATE,DUPLICATE
EXC_004986,LED_005304,LED,NONE,1,0,0,0.8333333333333334,0.6666666666666666,,,,0,,0,45739.16,,,,,,DUPLICATE,DUPLICATE
EXC_004989,LED_003764,LED,NONE,1,0,0,0.8333333333333334,0.6666666666666666,,,,0,,0,15184.24,,,,,,DUPLICATE,DUPLICATE
EXC_004990,LED_011346,LED,NONE,1,0,0,0.8333333333333334,0.6666666666666666,,,,0,,0,520.93,,,,,,DUPLICATE,DUPLICATE
EXC_004991,LED_008380,LED,NONE,1,0,0,0.8333333333333334,0.6666666666666666,,,,0,,0,3354.03,,,,,,DUPLICATE,DUPLICATE
EXC_004994,LED_011246,LED,NONE,1,0,0,0.8333333333333334,0.6666666666666666,,,,0,,0,113.55,,,,,,DUPLICATE,DUPLICATE
EXC_004995,LED_001215,LED,NONE,1,0,0,0.8333333333333334,0.6666666666666666,,,,0,,0,3552.18,,,,,,DUPLICATE,DUPLICATE
EXC_004996,LED_006380,LED,NONE,1,0,0,0.8333333333333334,0.6666666666666666,,,,0,,0,3910.28,,,,,,DUPLICATE,DUPLICATE
EXC_004997,LED_008047,LED,NONE,1,0,0,0.8333333333333334,0.6666666666666666,,,,0,,0,2523.37,,,,,,DUPLICATE,DUPLICATE
EXC_004999,LED_005220,LED,NONE,1,0,0,0.8333333333333334,0.6666666666666666,,,,0,,0,25323.0,,,,,,DUPLICATE,DUPLICATE
EXC_005000,LED_003680,LED,NONE,1,0,0,0.8333333333333334,0.6666666666666666,,,,0,,0,21159.9,,,,,,DUPLICATE,DUPLICATE
EXC_005001,LED_005171,LED,NONE,1,0,0,0.8333333333333334,0.6666666666666666,,,,0,,0,95204.0,,,,,,DUPLICATE,DUPLICATE
EXC_005005,LED_003552,LED,NONE,1,0,0,0.8333333333333334,0.6666666666666666,,,,0,,0,15355.62,,,,,,DUPLICATE,DUPLICATE
EXC_005007,LED_007471,LED,NONE,1,0,0,0.8333333333333334,0.6666666666666666,,,,0,,0,56685.61,,,,,,DUPLICATE,DUPLICATE
EXC_005008,LED_011013,LED,NONE,1,0,0,0.8333333333333334,0.6666666666666666,,,,0,,0,8.59,,,,,,DUPLICATE,DUPLICATE
EXC_005009,LED_011314,LED,NONE,1,0,0,0.8333333333333334,0.6666666666666666,,,,0,,0,1201.5,,,,,,DUPLICATE,DUPLICATE
EXC_005011,LED_011599,LED,NONE,1,0,0,0.8333333333333334,0.6666666666666666,,,,0,,0,393.29,,,,,,DUPLICATE,DUPLICATE
EXC_005012,LED_007862,LED,NONE,1,0,0,0.8333333333333334,0.6666666666666666,,,,0,,0,29869.05,,,,,,DUPLICATE,DUPLICATE
EXC_005013,LED_007857,LED,NONE,1,0,0,0.8333333333333334,0.6666666666666666,,,,0,,0,49932.88,,,,,,DUPLICATE,DUPLICATE
EXC_005014,LED_006546,LED,NONE,1,0,0,0.8333333333333334,0.6666666666666666,,,,0,,0,21086.01,,,,,,DUPLICATE,DUPLICATE
EXC_005016,LED_011587,LED,NONE,1,0,0,0.8333333333333334,0.6666666666666666,,,,0,,0,254.6,,,,,,DUPLICATE,DUPLICATE
EXC_005017,LED_003265,LED,NONE,1,0,0,0.8333333333333334,0.6666666666666666,,,,0,,0,1386.36,,,,,,DUPLICATE,DUPLICATE
EXC_005018,LED_005339,LED,NONE,1,0,0,0.8333333333333334,0.6666666666666666,,,,0,,0,31280.38,,,,,,DUPLICATE,DUPLICATE
EXC_005019,LED_011106,LED,NONE,1,0,0,0.8333333333333334,0.6666666666666666,,,,0,,0,30.59,,,,,,DUPLICATE,DUPLICATE
EXC_005021,LED_010839,LED,NONE,1,0,0,0.8333333333333334,0.6666666666666666,,,,0,,0,125.96,,,,,,DUPLICATE,DUPLICATE
EXC_005022,LED_010576,LED,NONE,1,0,0,0.8333333333333334,0.6666666666666666,,,,0,,0,620.02,,,,,,DUPLICATE,DUPLICATE
EXC_005023,LED_000044,LED,NONE,1,0,0,0.8333333333333334,0.6666666666666666,,,,0,,0,21951.79,,,,,,DUPLICATE,DUPLICATE
EXC_005026,LED_009014,LED,NONE,1,0,0,0.8333333333333334,0.6666666666666666,,,,0,,0,42.11,,,,,,DUPLICATE,DUPLICATE
EXC_005027,LED_003677,LED,NONE,1,0,0,0.8333333333333334,0.6666666666666666,,,,0,,0,3242.35,,,,,,DUPLICATE,DUPLICATE
EXC_005028,LED_009848,LED,NONE,1,0,0,0.8333333333333334,0.6666666666666666,,,,0,,0,1382.97,,,,,,DUPLICATE,DUPLICATE
EXC_005030,LED_002510,LED,NONE,1,0,0,0.8333333333333334,0.6666666666666666,,,,0,,0,33471.11,,,,,,DUPLICATE,DUPLICATE
EXC_005031,LED_003223,LED,NONE,1,0,0,0.8333333333333334,0.6666666666666666,,,,0,,0,10923.1,,,,,,DUPLICATE,DUPLICATE
EXC_005033,LED_012087,LED,NONE,1,0,0,0.8333333333333334,0.6666666666666666,,,,0,,0,22498.53,,,,,,DUPLICATE,DUPLICATE
EXC_005034,LED_012022,LED,NONE,1,0,0,0.8333333333333334,0.6666666666666666,,,,0,,0,186593.43,,,,,,DUPLICATE,DUPLICATE
EXC_005036,LED_005429,LED,NONE,1,0,0,0.8333333333333334,0.6666666666666666,,,,0,,0,156080.96,,,,,,DUPLICATE,DUPLICATE
EXC_005038,LED_000229,LED,NONE,1,0,0,0.8333333333333334,0.6666666666666666,,,,0,,0,12278.75,,,,,,DUPLICATE,DUPLICATE
EXC_005039,LED_003989,LED,NONE,1,0,0,0.8333333333333334,0.6666666666666666,,,,0,,0,48721.73,,,,,,DUPLICATE,DUPLICATE
EXC_005040,LED_003194,LED,NONE,1,0,0,0.8333333333333334,0.6666666666666666,,,,0,,0,160.38,,,,,,DUPLICATE,DUPLICATE
EXC_005041,LED_006899,LED,NONE,1,0,0,0.8333333333333334,0.6666666666666666,,,,0,,0,37331.66,,,,,,DUPLICATE,DUPLICATE
EXC_005042,LED_009810,LED,NONE,1,0,0,0.8333333333333334,0.6666666666666666,,,,0,,0,9.69,,,,,,DUPLICATE,DUPLICATE
EXC_005043,LED_009916,LED,NONE,1,0,0,0.8333333333333334,0.6666666666666666,,,,0,,0,735.44,,,,,,DUPLICATE,DUPLICATE
EXC_005046,LED_009349,LED,NONE,1,0,0,0.8333333333333334,0.6666666666666666,,,,0,,0,412.61,,,,,,DUPLICATE,DUPLICATE
EXC_005047,BNK_000021,BNK,settlement_id,1,0,0,0.9,0.3333333333333333,,,,0,,0,418233.15,,,,,,WRONG_REFERENCE,WRONG_REFERENCE
EXC_005048,BNK_000147,BNK,settlement_id,1,0,0,0.8,0.3333333333333333,,,,0,,0,84211.38,,,,,,WRONG_REFERENCE,WRONG_REFERENCE
EXC_005050,BNK_000083,BNK,settlement_id,1,0,0,0.9,0.3333333333333333,,,,0,,0,39308.65,,,,,,WRONG_REFERENCE,WRONG_REFERENCE
EXC_005052,BNK_000115,BNK,settlement_id,1,0,0,0.9,0.3333333333333333,,,,0,,0,244972.96,,,,,,WRONG_REFERENCE,WRONG_REFERENCE
EXC_005053,BNK_000061,BNK,settlement_id,1,0,0,0.8,0.3333333333333333,,,,0,,0,161738.96,,,,,,WRONG_REFERENCE,WRONG_REFERENCE
EXC_005054,BNK_000018,BNK,settlement_id,1,0,0,0.8,0.3333333333333333,,,,0,,0,215952.37,,,,,,WRONG_REFERENCE,WRONG_REFERENCE
EXC_005055,LED_010521,LED,reference_id,1,0,0,0.6,0.3333333333333333,,,,0,,0,27.93,,,,,,WRONG_REFERENCE,WRONG_REFERENCE
EXC_005057,LED_002632,LED,reference_id,1,0,0,0.7,0.3333333333333333,,,,0,,0,86541.32,,,,,,WRONG_REFERENCE,WRONG_REFERENCE
EXC_005059,LED_010026,LED,reference_id,1,0,0,0.5,0.0,,,,0,,0,55.94,,,,,,WRONG_REFERENCE,WRONG_REFERENCE
EXC_005061,LED_000901,LED,reference_id,1,0,0,0.7,0.3333333333333333,,,,0,,0,25533.0,,,,,,WRONG_REFERENCE,WRONG_REFERENCE
EXC_005062,LED_003182,LED,reference_id,1,0,0,0.4,0.0,,,,0,,0,61392.69,,,,,,WRONG_REFERENCE,WRONG_REFERENCE
EXC_005063,LED_002358,LED,reference_id,1,0,0,0.4,0.0,,,,0,,0,16965.57,,,,,,WRONG_REFERENCE,WRONG_REFERENCE
EXC_005067,LED_008133,LED,reference_id,1,0,0,0.4,0.0,,,,0,,0,9806.51,,,,,,WRONG_REFERENCE,WRONG_REFERENCE
EXC_005068,LED_008219,LED,reference_id,1,0,0,0.4,0.0,,,,0,,0,28615.0,,,,,,WRONG_REFERENCE,WRONG_REFERENCE
EXC_005069,LED_001262,LED,reference_id,1,0,0,0.7,0.3333333333333333,,,,0,,0,103919.55,,,,,,WRONG_REFERENCE,WRONG_REFERENCE
EXC_005071,LED_007155,LED,reference_id,1,0,0,0.5,0.0,,,,0,,0,1924.58,,,,,,WRONG_REFERENCE,WRONG_REFERENCE
EXC_005073,LED_005565,LED,reference_id,1,0,0,0.7,0.3333333333333333,,,,0,,0,8922.69,,,,,,WRONG_REFERENCE,WRONG_REFERENCE
EXC_005074,LED_000562,LED,reference_id,1,0,0,0.4,0.0,,,,0,,0,7555.12,,,,,,WRONG_REFERENCE,WRONG_REFERENCE
EXC_005075,LED_009869,LED,reference_id,1,0,0,0.6,0.0,,,,0,,0,526.07,,,,,,WRONG_REFERENCE,WRONG_REFERENCE
EXC_005076,LED_004103,LED,reference_id,1,0,0,0.5,0.0,,,,0,,0,507.6,,,,,,WRONG_REFERENCE,WRONG_REFERENCE
EXC_005077,LED_012002,LED,reference_id,1,0,0,0.4,0.0,,,,0,,0,196167.27,,,,,,WRONG_REFERENCE,WRONG_REFERENCE
EXC_005078,LED_006021,LED,reference_id,1,0,0,0.7,0.3333333333333333,,,,0,,0,36194.14,,,,,,WRONG_REFERENCE,WRONG_REFERENCE
EXC_005080,LED_006207,LED,reference_id,1,0,0,0.4,0.0,,,,0,,0,14387.74,,,,,,WRONG_REFERENCE,WRONG_REFERENCE
EXC_005081,LED_005814,LED,reference_id,1,0,0,0.6,0.0,,,,0,,0,3815.65,,,,,,WRONG_REFERENCE,WRONG_REFERENCE
EXC_005082,LED_011735,LED,reference_id,1,0,0,0.4,0.0,,,,0,,0,1347.47,,,,,,WRONG_REFERENCE,WRONG_REFERENCE
EXC_005084,LED_000702,LED,reference_id,1,0,0,0.3,0.0,,,,0,,0,1368.36,,,,,,WRONG_REFERENCE,WRONG_REFERENCE
EXC_005085,LED_002513,LED,reference_id,1,0,0,0.8,0.3333333333333333,,,,0,,0,16994.36,,,,,,WRONG_REFERENCE,WRONG_REFERENCE
EXC_005086,LED_000618,LED,reference_id,1,0,0,0.6,0.3333333333333333,,,,0,,0,10877.24,,,,,,WRONG_REFERENCE,WRONG_REFERENCE
EXC_005088,LED_006937,LED,reference_id,1,0,0,0.4,0.0,,,,0,,0,12893.86,,,,,,WRONG_REFERENCE,WRONG_REFERENCE
EXC_005091,LED_004248,LED,reference_id,1,0,0,0.7,0.3333333333333333,,,,0,,0,2490.9,,,,,,WRONG_REFERENCE,WRONG_REFERENCE
EXC_005094,LED_007058,LED,reference_id,1,0,0,0.5,0.0,,,,0,,0,16692.28,,,,,,WRONG_REFERENCE,WRONG_REFERENCE
EXC_005095,LED_005216,LED,reference_id,1,0,0,0.7,0.3333333333333333,,,,0,,0,13598.32,,,,,,WRONG_REFERENCE,WRONG_REFERENCE
EXC_005096,LED_004486,LED,reference_id,1,0,0,0.8,0.3333333333333333,,,,0,,0,6105.79,,,,,,WRONG_REFERENCE,WRONG_REFERENCE
EXC_005097,LED_006078,LED,reference_id,1,0,0,0.7,0.3333333333333333,,,,0,,0,105692.01,,,,,,WRONG_REFERENCE,WRONG_REFERENCE
EXC_005100,LED_007933,LED,reference_id,1,0,0,0.5,0.0,,,,0,,0,781.34,,,,,,WRONG_REFERENCE,WRONG_REFERENCE
EXC_005102,LED_001872,LED,reference_id,1,0,0,0.4,0.0,,,,0,,0,492.95,,,,,,WRONG_REFERENCE,WRONG_REFERENCE
EXC_005103,LED_002702,LED,reference_id,1,0,0,0.5,0.0,,,,0,,0,4299.3,,,,,,WRONG_REFERENCE,WRONG_REFERENCE
EXC_005106,LED_009507,LED,reference_id,1,0,0,0.4,0.0,,,,0,,0,5.97,,,,,,WRONG_REFERENCE,WRONG_REFERENCE
EXC_005107,LED_004208,LED,reference_id,1,0,0,0.5,0.0,,,,0,,0,72633.0,,,,,,WRONG_REFERENCE,WRONG_REFERENCE
EXC_005108,LED_011191,LED,reference_id,1,0,0,0.3,0.0,,,,0,,0,1072.57,,,,,,WRONG_REFERENCE,WRONG_REFERENCE
EXC_005109,LED_010074,LED,reference_id,1,0,0,0.7,0.3333333333333333,,,,0,,0,122.25,,,,,,WRONG_REFERENCE,WRONG_REFERENCE
EXC_005110,LED_001571,LED,reference_id,1,0,0,0.7,0.3333333333333333,,,,0,,0,7839.4,,,,,,WRONG_REFERENCE,WRONG_REFERENCE
EXC_005111,LED_010716,LED,reference_id,1,0,0,0.5,0.0,,,,0,,0,2.27,,,,,,WRONG_REFERENCE,WRONG_REFERENCE
EXC_005113,LED_008058,LED,reference_id,1,0,0,0.4,0.0,,,,0,,0,15905.58,,,,,,WRONG_REFERENCE,WRONG_REFERENCE
EXC_005114,LED_011434,LED,reference_id,1,0,0,0.4,0.0,,,,0,,0,80.16,,,,,,WRONG_REFERENCE,WRONG_REFERENCE
EXC_005115,LED_007286_DUP,LED,reference_id,1,0,0,0.7,0.3333333333333333,,,,0,,0,,,,,,,WRONG_REFERENCE,WRONG_REFERENCE
EXC_005117,LED_007064,LED,reference_id,1,0,0,0.6,0.3333333333333333,,,,0,,0,2545.79,,,,,,WRONG_REFERENCE,WRONG_REFERENCE
EXC_005118,LED_005485,LED,reference_id,1,0,0,0.3,0.0,,,,0,,0,19491.95,,,,,,WRONG_REFERENCE,WRONG_REFERENCE
EXC_005119,LED_000501,LED,reference_id,1,0,0,0.4,0.0,,,,0,,0,7990.81,,,,,,WRONG_REFERENCE,WRONG_REFERENCE
EXC_005121,LED_004223_DUP,LED,reference_id,1,0,0,0.5,0.0,,,,0,,0,,,,,,,WRONG_REFERENCE,WRONG_REFERENCE
EXC_005123,LED_001742,LED,reference_id,1,0,0,0.5,0.0,,,,0,,0,2102.98,,,,,,WRONG_REFERENCE,WRONG_REFERENCE
EXC_005124,LED_002599,LED,reference_id,1,0,0,0.4,0.0,,,,0,,0,28840.0,,,,,,WRONG_REFERENCE,WRONG_REFERENCE
EXC_005125,LED_002850,LED,reference_id,1,0,0,0.7,0.3333333333333333,,,,0,,0,56480.35,,,,,,WRONG_REFERENCE,WRONG_REFERENCE
EXC_005126,LED_002525,LED,reference_id,1,0,0,0.7,0.3333333333333333,,,,0,,0,19811.26,,,,,,WRONG_REFERENCE,WRONG_REFERENCE
EXC_005129,LED_004000,LED,reference_id,1,0,0,0.5,0.0,,,,0,,0,604.66,,,,,,WRONG_REFERENCE,WRONG_REFERENCE
EXC_005130,LED_011084,LED,reference_id,1,0,0,0.4,0.0,,,,0,,0,387.9,,,,,,WRONG_REFERENCE,WRONG_REFERENCE
EXC_005131,LED_011998,LED,reference_id,1,0,0,0.4,0.0,,,,0,,0,418904.87,,,,,,WRONG_REFERENCE,WRONG_REFERENCE
EXC_005132,LED_010674,LED,reference_id,1,0,0,0.5,0.0,,,,0,,0,144.86,,,,,,WRONG_REFERENCE,WRONG_REFERENCE
EXC_005133,LED_000446,LED,reference_id,1,0,0,0.7,0.3333333333333333,,,,0,,0,368.64,,,,,,WRONG_REFERENCE,WRONG_REFERENCE
EXC_005134,LED_006148,LED,reference_id,1,0,0,0.4,0.0,,,,0,,0,122625.07,,,,,,WRONG_REFERENCE,WRONG_REFERENCE
EXC_005135,LED_006518,LED,reference_id,1,0,0,0.4,0.0,,,,0,,0,2253.8,,,,,,WRONG_REFERENCE,WRONG_REFERENCE
EXC_005136,LED_004996,LED,reference_id,1,0,0,0.5,0.0,,,,0,,0,25281.91,,,,,,WRONG_REFERENCE,WRONG_REFERENCE
EXC_005137,LED_004781,LED,reference_id,1,0,0,0.4,0.0,,,,0,,0,17337.39,,,,,,WRONG_REFERENCE,WRONG_REFERENCE
EXC_005138,LED_007076,LED,reference_id,1,0,0,0.8,0.3333333333333333,,,,0,,0,17078.14,,,,,,WRONG_REFERENCE,WRONG_REFERENCE
EXC_005139,LED_009402,LED,reference_id,1,0,0,0.7,0.3333333333333333,,,,0,,0,285.42,,,,,,WRONG_REFERENCE,WRONG_REFERENCE
EXC_005140,LED_011737,LED,reference_id,1,0,0,0.5,0.0,,,,0,,0,76230.72,,,,,,WRONG_REFERENCE,WRONG_REFERENCE
EXC_005141,LED_005949,LED,reference_id,1,0,0,0.4,0.0,,,,0,,0,54451.1,,,,,,WRONG_REFERENCE,WRONG_REFERENCE
EXC_005143,LED_011334,LED,reference_id,1,0,0,0.4,0.0,,,,0,,0,42.52,,,,,,WRONG_REFERENCE,WRONG_REFERENCE
EXC_005144,LED_000073,LED,reference_id,1,0,0,0.5,0.0,,,,0,,0,6565.52,,,,,,WRONG_REFERENCE,WRONG_REFERENCE
EXC_005146,LED_006255,LED,reference_id,1,0,0,0.8,0.3333333333333333,,,,0,,0,262.31,,,,,,WRONG_REFERENCE,WRONG_REFERENCE
EXC_005147,LED_006233,LED,reference_id,1,0,0,0.8,0.3333333333333333,,,,0,,0,5855.16,,,,,,WRONG_REFERENCE,WRONG_REFERENCE
EXC_005148,LED_005466,LED,reference_id,1,0,0,0.4,0.0,,,,0,,0,9750.46,,,,,,WRONG_REFERENCE,WRONG_REFERENCE
EXC_005149,LED_005739,LED,reference_id,1,0,0,0.4,0.0,,,,0,,0,11969.8,,,,,,WRONG_REFERENCE,WRONG_REFERENCE
EXC_005150,LED_009794,LED,reference_id,1,0,0,0.4,0.0,,,,0,,0,295.32,,,,,,WRONG_REFERENCE,WRONG_REFERENCE
EXC_005151,LED_005618,LED,reference_id,1,0,0,0.8,0.3333333333333333,,,,0,,0,37495.68,,,,,,WRONG_REFERENCE,WRONG_REFERENCE
EXC_005153,LED_002128,LED,reference_id,1,0,0,0.7,0.3333333333333333,,,,0,,0,10232.49,,,,,,WRONG_REFERENCE,WRONG_REFERENCE
EXC_005154,LED_006884,LED,reference_id,1,0,0,0.7,0.3333333333333333,,,,0,,0,33958.34,,,,,,WRONG_REFERENCE,WRONG_REFERENCE
EXC_005155,LED_003581,LED,reference_id,1,0,0,0.3,0.0,,,,0,,0,2757.42,,,,,,WRONG_REFERENCE,WRONG_REFERENCE
EXC_005156,LED_011924,LED,reference_id,1,0,0,0.4,0.0,,,,0,,0,33758.62,,,,,,WRONG_REFERENCE,WRONG_REFERENCE
EXC_005158,LED_007235,LED,reference_id,1,0,0,0.4,0.0,,,,0,,0,56258.86,,,,,,WRONG_REFERENCE,WRONG_REFERENCE
EXC_005160,LED_008429,LED,reference_id,1,0,0,0.8,0.3333333333333333,,,,0,,0,10984.62,,,,,,WRONG_REFERENCE,WRONG_REFERENCE
EXC_005161,LED_008407,LED,reference_id,1,0,0,0.4,0.0,,,,0,,0,75744.85,,,,,,WRONG_REFERENCE,WRONG_REFERENCE
EXC_005164,LED_011350,LED,reference_id,1,0,0,0.5,0.0,,,,0,,0,182.46,,,,,,WRONG_REFERENCE,WRONG_REFERENCE
EXC_005165,LED_005260,LED,reference_id,1,0,0,0.3,0.0,,,,0,,0,92836.0,,,,,,WRONG_REFERENCE,WRONG_REFERENCE
EXC_005166,LED_003651,LED,reference_id,1,0,0,0.4,0.0,,,,0,,0,41688.22,,,,,,WRONG_REFERENCE,WRONG_REFERENCE
EXC_005167,LED_003918,LED,reference_id,1,0,0,0.8,0.3333333333333333,,,,0,,0,2074.2,,,,,,WRONG_REFERENCE,WRONG_REFERENCE
EXC_005168,LED_010911,LED,reference_id,1,0,0,0.5,0.0,,,,0,,0,156.09,,,,,,WRONG_REFERENCE,WRONG_REFERENCE
EXC_005169,LED_002312,LED,reference_id,1,0,0,0.3,0.0,,,,0,,0,2870.58,,,,,,WRONG_REFERENCE,WRONG_REFERENCE
EXC_005171,LED_006918,LED,reference_id,1,0,0,0.8,0.3333333333333333,,,,0,,0,23255.44,,,,,,WRONG_REFERENCE,WRONG_REFERENCE
EXC_005172,LED_003238,LED,reference_id,1,0,0,0.8,0.3333333333333333,,,,0,,0,20076.05,,,,,,WRONG_REFERENCE,WRONG_REFERENCE
EXC_005173,LED_009725,LED,reference_id,1,0,0,0.4,0.0,,,,0,,0,28.62,,,,,,WRONG_REFERENCE,WRONG_REFERENCE
EXC_005174,LED_012214,LED,reference_id,1,0,0,0.5,0.0,,,,0,,0,416152.88,,,,,,WRONG_REFERENCE,WRONG_REFERENCE
EXC_005177,LED_004441,LED,reference_id,1,0,0,0.7,0.3333333333333333,,,,0,,0,4806.0,,,,,,WRONG_REFERENCE,WRONG_REFERENCE
EXC_005178,LED_011458,LED,reference_id,1,0,0,0.5,0.0,,,,0,,0,1164.77,,,,,,WRONG_REFERENCE,WRONG_REFERENCE
EXC_005179,LED_006936,LED,reference_id,1,0,0,0.5,0.0,,,,0,,0,1937.56,,,,,,WRONG_REFERENCE,WRONG_REFERENCE
EXC_005182,LED_008763,LED,reference_id,1,0,0,0.7,0.3333333333333333,,,,0,,0,286.98,,,,,,WRONG_REFERENCE,WRONG_REFERENCE
EXC_005183,LED_003003,LED,reference_id,1,0,0,0.4,0.0,,,,0,,0,667.58,,,,,,WRONG_REFERENCE,WRONG_REFERENCE
EXC_005185,LED_007802_DUP,LED,reference_id,1,0,0,0.7,0.3333333333333333,,,,0,,0,,,,,,,WRONG_REFERENCE,WRONG_REFERENCE
EXC_005186,LED_004123,LED,reference_id,1,0,0,0.4,0.0,,,,0,,0,25622.64,,,,,,WRONG_REFERENCE,WRONG_REFERENCE
EXC_005187,LED_006753,LED,reference_id,1,0,0,0.4,0.0,,,,0,,0,3216.15,,,,,,WRONG_REFERENCE,WRONG_REFERENCE
EXC_005189,LED_006355,LED,reference_id,1,0,0,0.3,0.0,,,,0,,0,14207.44,,,,,,WRONG_REFERENCE,WRONG_REFERENCE
EXC_005190,LED_012176,LED,reference_id,1,0,0,0.5,0.0,,,,0,,0,347752.49,,,,,,WRONG_REFERENCE,WRONG_REFERENCE
EXC_005191,LED_011158,LED,reference_id,1,0,0,0.6,0.0,,,,0,,0,1574.7,,,,,,WRONG_REFERENCE,WRONG_REFERENCE
EXC_005192,LED_002399,LED,reference_id,1,0,0,0.6,0.3333333333333333,,,,0,,0,1172.7,,,,,,WRONG_REFERENCE,WRONG_REFERENCE
EXC_005193,LED_007159,LED,reference_id,1,0,0,0.4,0.0,,,,0,,0,12089.99,,,,,,WRONG_REFERENCE,WRONG_REFERENCE
EXC_005194,LED_009493,LED,reference_id,1,0,0,0.4,0.0,,,,0,,0,211.16,,,,,,WRONG_REFERENCE,WRONG_REFERENCE
EXC_005196,LED_003101,LED,reference_id,1,0,0,0.5,0.0,,,,0,,0,5541.87,,,,,,WRONG_REFERENCE,WRONG_REFERENCE
EXC_005197,LED_011580,LED,reference_id,1,0,0,0.4,0.0,,,,0,,0,141.27,,,,,,WRONG_REFERENCE,WRONG_REFERENCE
EXC_005198,LED_002529,LED,reference_id,1,0,0,0.8,0.3333333333333333,,,,0,,0,2688.8,,,,,,WRONG_REFERENCE,WRONG_REFERENCE
EXC_005199,LED_001043,LED,reference_id,1,0,0,0.4,0.0,,,,0,,0,13075.34,,,,,,WRONG_REFERENCE,WRONG_REFERENCE
EXC_005200,LED_009516,LED,reference_id,1,0,0,0.4,0.0,,,,0,,0,76.07,,,,,,WRONG_REFERENCE,WRONG_REFERENCE
EXC_005201,LED_007492,LED,reference_id,1,0,0,0.4,0.0,,,,0,,0,8026.36,,,,,,WRONG_REFERENCE,WRONG_REFERENCE
EXC_005203,LED_005689,LED,reference_id,1,0,0,0.4,0.0,,,,0,,0,9799.31,,,,,,WRONG_REFERENCE,WRONG_REFERENCE
EXC_005204,LED_011426,LED,reference_id,1,0,0,0.3,0.0,,,,0,,0,106.48,,,,,,WRONG_REFERENCE,WRONG_REFERENCE
EXC_005205,LED_000394,LED,reference_id,1,0,0,0.4,0.0,,,,0,,0,55618.0,,,,,,WRONG_REFERENCE,WRONG_REFERENCE
EXC_005206,LED_006755,LED,reference_id,1,0,0,0.8,0.3333333333333333,,,,0,,0,44889.09,,,,,,WRONG_REFERENCE,WRONG_REFERENCE
EXC_005209,LED_010218,LED,reference_id,1,0,0,0.5,0.0,,,,0,,0,5.08,,,,,,WRONG_REFERENCE,WRONG_REFERENCE
EXC_005214,LED_000403,LED,reference_id,1,0,0,0.8,0.3333333333333333,,,,0,,0,68890.0,,,,,,WRONG_REFERENCE,WRONG_REFERENCE
EXC_005215,LED_012183,LED,reference_id,1,0,0,0.4,0.0,,,,0,,0,306970.29,,,,,,WRONG_REFERENCE,WRONG_REFERENCE
EXC_005216,LED_001128,LED,reference_id,1,0,0,0.4,0.0,,,,0,,0,79857.8,,,,,,WRONG_REFERENCE,WRONG_REFERENCE
EXC_005217,LED_005750,LED,reference_id,1,0,0,0.6,0.0,,,,0,,0,6944.42,,,,,,WRONG_REFERENCE,WRONG_REFERENCE
EXC_005219,LED_001815,LED,reference_id,1,0,0,0.5,0.0,,,,0,,0,240.0,,,,,,WRONG_REFERENCE,WRONG_REFERENCE
EXC_005220,LED_002914,LED,reference_id,1,0,0,0.8,0.3333333333333333,,,,0,,0,4052.8,,,,,,WRONG_REFERENCE,WRONG_REFERENCE
EXC_005221,LED_000649,LED,reference_id,1,0,0,0.5,0.0,,,,0,,0,8008.0,,,,,,WRONG_REFERENCE,WRONG_REFERENCE
EXC_005223,LED_003494,LED,reference_id,1,0,0,0.5,0.0,,,,0,,0,12354.61,,,,,,WRONG_REFERENCE,WRONG_REFERENCE
EXC_005224,LED_009850,LED,reference_id,1,0,0,0.5,0.0,,,,0,,0,1631.9,,,,,,WRONG_REFERENCE,WRONG_REFERENCE
EXC_005225,LED_003521,LED,reference_id,1,0,0,0.4,0.0,,,,0,,0,594.4,,,,,,WRONG_REFERENCE,WRONG_REFERENCE
EXC_005226,LED_004271,LED,reference_id,1,0,0,0.5,0.0,,,,0,,0,439.34,,,,,,WRONG_REFERENCE,WRONG_REFERENCE
EXC_005228,LED_010329,LED,reference_id,1,0,0,0.4,0.0,,,,0,,0,138.85,,,,,,WRONG_REFERENCE,WRONG_REFERENCE
EXC_005229,LED_000559,LED,reference_id,1,0,0,0.6,0.3333333333333333,,,,0,,0,2555.77,,,,,,WRONG_REFERENCE,WRONG_REFERENCE
EXC_005231,LED_007363,LED,reference_id,1,0,0,0.4,0.0,,,,0,,0,48876.78,,,,,,WRONG_REFERENCE,WRONG_REFERENCE
EXC_005232,LED_010109,LED,reference_id,1,0,0,0.4,0.0,,,,0,,0,232.09,,,,,,WRONG_REFERENCE,WRONG_REFERENCE
EXC_005233,LED_008025,LED,reference_id,1,0,0,0.7,0.3333333333333333,,,,0,,0,43504.24,,,,,,WRONG_REFERENCE,WRONG_REFERENCE
EXC_005234,LED_002762,LED,reference_id,1,0,0,0.5,0.0,,,,0,,0,3097.32,,,,,,WRONG_REFERENCE,WRONG_REFERENCE
EXC_005236,LED_006451,LED,reference_id,1,0,0,0.4,0.0,,,,0,,0,6304.5,,,,,,WRONG_REFERENCE,WRONG_REFERENCE
EXC_005240,LED_009295,LED,reference_id,1,0,0,0.6,0.3333333333333333,,,,0,,0,1279.21,,,,,,WRONG_REFERENCE,WRONG_REFERENCE
EXC_005241,LED_003270,LED,reference_id,1,0,0,0.5,0.0,,,,0,,0,2172.0,,,,,,WRONG_REFERENCE,WRONG_REFERENCE
EXC_005242,LED_011584,LED,reference_id,1,0,0,0.8,0.3333333333333333,,,,0,,0,1201.98,,,,,,WRONG_REFERENCE,WRONG_REFERENCE
EXC_005243,LED_004013,LED,reference_id,1,0,0,0.8,0.3333333333333333,,,,0,,0,3779.54,,,,,,WRONG_REFERENCE,WRONG_REFERENCE
EXC_005244,LED_011590,LED,reference_id,1,0,0,0.5,0.0,,,,0,,0,8.92,,,,,,WRONG_REFERENCE,WRONG_REFERENCE
EXC_005245,LED_003903,LED,reference_id,1,0,0,0.4,0.0,,,,0,,0,42316.0,,,,,,WRONG_REFERENCE,WRONG_REFERENCE
EXC_005246,LED_009921,LED,reference_id,1,0,0,0.5,0.0,,,,0,,0,176.08,,,,,,WRONG_REFERENCE,WRONG_REFERENCE
EXC_005247,LED_007894_DUP,LED,reference_id,1,0,0,0.7,0.3333333333333333,,,,0,,0,,,,,,,WRONG_REFERENCE,WRONG_REFERENCE
EXC_005248,LED_010722,LED,reference_id,1,0,0,0.4,0.0,,,,0,,0,195.59,,,,,,WRONG_REFERENCE,WRONG_REFERENCE
EXC_005252,LED_002660,LED,reference_id,1,0,0,0.7,0.3333333333333333,,,,0,,0,1329.0,,,,,,WRONG_REFERENCE,WRONG_REFERENCE
EXC_005253,LED_009749,LED,reference_id,1,0,0,0.5,0.0,,,,0,,0,144.06,,,,,,WRONG_REFERENCE,WRONG_REFERENCE
EXC_005254,LED_006372,LED,reference_id,1,0,0,0.4,0.0,,,,0,,0,122024.98,,,,,,WRONG_REFERENCE,WRONG_REFERENCE
EXC_005255,LED_010958,LED,reference_id,1,0,0,0.7,0.3333333333333333,,,,0,,0,92.4,,,,,,WRONG_REFERENCE,WRONG_REFERENCE
EXC_005256,LED_010288,LED,reference_id,1,0,0,0.4,0.0,,,,0,,0,36.6,,,,,,WRONG_REFERENCE,WRONG_REFERENCE
EXC_005257,LED_002477,LED,reference_id,1,0,0,0.5,0.0,,,,0,,0,2280.06,,,,,,WRONG_REFERENCE,WRONG_REFERENCE
EXC_005258,LED_001893,LED,reference_id,1,0,0,0.4,0.0,,,,0,,0,7374.06,,,,,,WRONG_REFERENCE,WRONG_REFERENCE
EXC_005259,LED_000042,LED,reference_id,1,0,0,0.8,0.3333333333333333,,,,0,,0,143906.19,,,,,,WRONG_REFERENCE,WRONG_REFERENCE
EXC_005262,LED_008104,LED,reference_id,1,0,0,0.4,0.0,,,,0,,0,12862.0,,,,,,WRONG_REFERENCE,WRONG_REFERENCE
EXC_005263,LED_001435,LED,reference_id,1,0,0,0.4,0.0,,,,0,,0,40.01,,,,,,WRONG_REFERENCE,WRONG_REFERENCE
EXC_005265,LED_002925,LED,reference_id,1,0,0,0.5,0.0,,,,0,,0,1252.16,,,,,,WRONG_REFERENCE,WRONG_REFERENCE
EXC_005266,LED_007054,LED,reference_id,1,0,0,0.8,0.3333333333333333,,,,0,,0,53059.29,,,,,,WRONG_REFERENCE,WRONG_REFERENCE
EXC_005267,LED_000706,LED,reference_id,1,0,0,0.5,0.0,,,,0,,0,5288.76,,,,,,WRONG_REFERENCE,WRONG_REFERENCE
EXC_005268,LED_000936,LED,reference_id,1,0,0,0.7,0.3333333333333333,,,,0,,0,102643.48,,,,,,WRONG_REFERENCE,WRONG_REFERENCE
EXC_005270,LED_002126,LED,reference_id,1,0,0,0.5,0.0,,,,0,,0,67079.64,,,,,,WRONG_REFERENCE,WRONG_REFERENCE
EXC_005271,LED_002453,LED,reference_id,1,0,0,0.8,0.3333333333333333,,,,0,,0,23255.44,,,,,,WRONG_REFERENCE,WRONG_REFERENCE
EXC_005272,LED_008614,LED,reference_id,1,0,0,0.5,0.0,,,,0,,0,12938.7,,,,,,WRONG_REFERENCE,WRONG_REFERENCE
EXC_005274,LED_011017,LED,reference_id,1,0,0,0.8,0.3333333333333333,,,,0,,0,217.29,,,,,,WRONG_REFERENCE,WRONG_REFERENCE
EXC_005275,LED_007814,LED,reference_id,1,0,0,0.7,0.3333333333333333,,,,0,,0,52219.54,,,,,,WRONG_REFERENCE,WRONG_REFERENCE
EXC_005276,LED_007498,LED,reference_id,1,0,0,0.4,0.0,,,,0,,0,5368.47,,,,,,WRONG_REFERENCE,WRONG_REFERENCE
EXC_005277,LED_004723,LED,reference_id,1,0,0,0.7,0.3333333333333333,,,,0,,0,3293.28,,,,,,WRONG_REFERENCE,WRONG_REFERENCE
EXC_005280,LED_000911,LED,reference_id,1,0,0,0.5,0.0,,,,0,,0,8761.87,,,,,,WRONG_REFERENCE,WRONG_REFERENCE
EXC_005281,LED_005327,LED,reference_id,1,0,0,0.3,0.0,,,,0,,0,23111.11,,,,,,WRONG_REFERENCE,WRONG_REFERENCE
EXC_005282,LED_004827,LED,reference_id,1,0,0,0.3,0.0,,,,0,,0,213.03,,,,,,WRONG_REFERENCE,WRONG_REFERENCE
EXC_005284,LED_009438,LED,reference_id,1,0,0,0.5,0.0,,,,0,,0,67.65,,,,,,WRONG_REFERENCE,WRONG_REFERENCE
EXC_005286,LED_008280,LED,reference_id,1,0,0,0.4,0.0,,,,0,,0,19707.18,,,,,,WRONG_REFERENCE,WRONG_REFERENCE
EXC_005287,LED_000010_DUP,LED,reference_id,1,0,0,0.4,0.0,,,,0,,0,,,,,,,WRONG_REFERENCE,WRONG_REFERENCE
EXC_005288,LED_009129,LED,reference_id,1,0,0,0.4,0.0,,,,0,,0,183.58,,,,,,WRONG_REFERENCE,WRONG_REFERENCE
EXC_005291,LED_002810,LED,reference_id,1,0,0,0.4,0.0,,,,0,,0,4158.91,,,,,,WRONG_REFERENCE,WRONG_REFERENCE
EXC_005292,LED_009234,LED,reference_id,1,0,0,0.5,0.0,,,,0,,0,23.84,,,,,,WRONG_REFERENCE,WRONG_REFERENCE
EXC_005293,LED_001045,LED,reference_id,1,0,0,0.7,0.3333333333333333,,,,0,,0,1994.54,,,,,,WRONG_REFERENCE,WRONG_REFERENCE
EXC_005295,LED_003268,LED,reference_id,1,0,0,0.6,0.0,,,,0,,0,7755.26,,,,,,WRONG_REFERENCE,WRONG_REFERENCE
EXC_005296,LED_002547,LED,reference_id,1,0,0,0.7,0.3333333333333333,,,,0,,0,891.9,,,,,,WRONG_REFERENCE,WRONG_REFERENCE
EXC_005297,LED_002680,LED,reference_id,1,0,0,0.5,0.0,,,,0,,0,2545.79,,,,,,WRONG_REFERENCE,WRONG_REFERENCE
EXC_005300,LED_008746,LED,reference_id,1,0,0,0.4,0.0,,,,0,,0,3602.54,,,,,,WRONG_REFERENCE,WRONG_REFERENCE
EXC_005301,LED_011716,LED,reference_id,1,0,0,0.4,0.0,,,,0,,0,1220.61,,,,,,WRONG_REFERENCE,WRONG_REFERENCE
EXC_005302,LED_008564_DUP,LED,reference_id,1,0,0,0.4,0.0,,,,0,,0,,,,,,,WRONG_REFERENCE,WRONG_REFERENCE
EXC_005303,LED_009808_DUP,LED,reference_id,1,0,0,0.4,0.0,,,,0,,0,,,,,,,WRONG_REFERENCE,WRONG_REFERENCE
EXC_005304,LED_000436,LED,reference_id,1,0,0,0.4,0.0,,,,0,,0,110855.0,,,,,,WRONG_REFERENCE,WRONG_REFERENCE
EXC_005308,LED_009732,LED,reference_id,1,0,0,0.7,0.3333333333333333,,,,0,,0,28.93,,,,,,WRONG_REFERENCE,WRONG_REFERENCE
EXC_005309,LED_009334,LED,reference_id,1,0,0,0.4,0.0,,,,0,,0,62.42,,,,,,WRONG_REFERENCE,WRONG_REFERENCE
EXC_005311,LED_004911,LED,reference_id,1,0,0,0.5,0.0,,,,0,,0,4587.84,,,,,,WRONG_REFERENCE,WRONG_REFERENCE
EXC_005312,LED_004373,LED,reference_id,1,0,0,0.4,0.0,,,,0,,0,541.16,,,,,,WRONG_REFERENCE,WRONG_REFERENCE
EXC_005313,LED_007021,LED,reference_id,1,0,0,0.8,0.3333333333333333,,,,0,,0,52239.78,,,,,,WRONG_REFERENCE,WRONG_REFERENCE
EXC_005315,LED_007074,LED,reference_id,1,0,0,0.6,0.0,,,,0,,0,2716.36,,,,,,WRONG_REFERENCE,WRONG_REFERENCE
EXC_005316,LED_006167,LED,reference_id,1,0,0,0.6,0.0,,,,0,,0,17461.4,,,,,,WRONG_REFERENCE,WRONG_REFERENCE
EXC_005317,LED_008487,LED,reference_id,1,0,0,0.6,0.3333333333333333,,,,0,,0,74264.6,,,,,,WRONG_REFERENCE,WRONG_REFERENCE
EXC_005318,LED_009777,LED,reference_id,1,0,0,0.6,0.0,,,,0,,0,154.61,,,,,,WRONG_REFERENCE,WRONG_REFERENCE
EXC_005320,LED_002320,LED,reference_id,1,0,0,0.5,0.0,,,,0,,0,55683.0,,,,,,WRONG_REFERENCE,WRONG_REFERENCE
EXC_005321,LED_004574,LED,reference_id,1,0,0,0.6,0.0,,,,0,,0,3691.98,,,,,,WRONG_REFERENCE,WRONG_REFERENCE
EXC_005322,LED_008281,LED,reference_id,1,0,0,0.4,0.0,,,,0,,0,15606.09,,,,,,WRONG_REFERENCE,WRONG_REFERENCE
EXC_005323,LED_006892,LED,reference_id,1,0,0,0.5,0.0,,,,0,,0,9861.73,,,,,,WRONG_REFERENCE,WRONG_REFERENCE
EXC_005324,LED_000221,LED,reference_id,1,0,0,0.3,0.0,,,,0,,0,528.9,,,,,,WRONG_REFERENCE,WRONG_REFERENCE
EXC_005325,LED_009577,LED,reference_id,1,0,0,0.4,0.0,,,,0,,0,17.71,,,,,,WRONG_REFERENCE,WRONG_REFERENCE
EXC_005327,LED_011698,LED,reference_id,1,0,0,0.4,0.0,,,,0,,0,1120.15,,,,,,WRONG_REFERENCE,WRONG_REFERENCE
EXC_005329,LED_010923,LED,reference_id,1,0,0,0.5,0.0,,,,0,,0,132.33,,,,,,WRONG_REFERENCE,WRONG_REFERENCE
EXC_005330,LED_007200,LED,reference_id,1,0,0,0.4,0.0,,,,0,,0,4070.17,,,,,,WRONG_REFERENCE,WRONG_REFERENCE
EXC_005331,LED_004483,LED,reference_id,1,0,0,0.4,0.0,,,,0,,0,26382.44,,,,,,WRONG_REFERENCE,WRONG_REFERENCE
EXC_005332,LED_007421,LED,reference_id,1,0,0,0.4,0.0,,,,0,,0,5283.27,,,,,,WRONG_REFERENCE,WRONG_REFERENCE
EXC_005333,LED_002628,LED,reference_id,1,0,0,0.4,0.0,,,,0,,0,629.53,,,,,,WRONG_REFERENCE,WRONG_REFERENCE
EXC_005334,LED_011734,LED,reference_id,1,0,0,0.4,0.0,,,,0,,0,8555.99,,,,,,WRONG_REFERENCE,WRONG_REFERENCE
EXC_005335,LED_010597,LED,reference_id,1,0,0,0.3,0.0,,,,0,,0,88.29,,,,,,WRONG_REFERENCE,WRONG_REFERENCE
EXC_005337,LED_005780,LED,reference_id,1,0,0,0.4,0.0,,,,0,,0,50331.54,,,,,,WRONG_REFERENCE,WRONG_REFERENCE
EXC_005338,LED_002986,LED,reference_id,1,0,0,0.5,0.0,,,,0,,0,1794.07,,,,,,WRONG_REFERENCE,WRONG_REFERENCE
EXC_005339,LED_006101,LED,reference_id,1,0,0,0.5,0.0,,,,0,,0,19058.18,,,,,,WRONG_REFERENCE,WRONG_REFERENCE
EXC_005340,LED_007776,LED,reference_id,1,0,0,0.4,0.0,,,,0,,0,4596.1,,,,,,WRONG_REFERENCE,WRONG_REFERENCE
EXC_005342,LED_007643,LED,reference_id,1,0,0,0.7,0.3333333333333333,,,,0,,0,19714.26,,,,,,WRONG_REFERENCE,WRONG_REFERENCE
EXC_005343,LED_009277,LED,reference_id,1,0,0,0.4,0.0,,,,0,,0,1465.38,,,,,,WRONG_REFERENCE,WRONG_REFERENCE
EXC_005345,LED_004233,LED,reference_id,1,0,0,0.8,0.3333333333333333,,,,0,,0,120662.0,,,,,,WRONG_REFERENCE,WRONG_REFERENCE
EXC_005346,LED_007919,LED,reference_id,1,0,0,0.7,0.3333333333333333,,,,0,,0,3963.86,,,,,,WRONG_REFERENCE,WRONG_REFERENCE
EXC_005348,LED_009233,LED,reference_id,1,0,0,0.6,0.0,,,,0,,0,132.42,,,,,,WRONG_REFERENCE,WRONG_REFERENCE
EXC_005349,LED_009043,LED,reference_id,1,0,0,0.6,0.0,,,,0,,0,884.89,,,,,,WRONG_REFERENCE,WRONG_REFERENCE
EXC_005350,LED_004409,LED,reference_id,1,0,0,0.4,0.0,,,,0,,0,546.35,,,,,,WRONG_REFERENCE,WRONG_REFERENCE
EXC_005351,LED_000236,LED,reference_id,1,0,0,0.7,0.3333333333333333,,,,0,,0,14696.64,,,,,,WRONG_REFERENCE,WRONG_REFERENCE
EXC_005356,LED_010226,LED,reference_id,1,0,0,0.3,0.0,,,,0,,0,827.13,,,,,,WRONG_REFERENCE,WRONG_REFERENCE
EXC_005357,LED_004605,LED,reference_id,1,0,0,0.3,0.0,,,,0,,0,2895.55,,,,,,WRONG_REFERENCE,WRONG_REFERENCE
EXC_005358,LED_007031,LED,reference_id,1,0,0,0.5,0.0,,,,0,,0,86541.32,,,,,,WRONG_REFERENCE,WRONG_REFERENCE
EXC_005359,LED_005370,LED,reference_id,1,0,0,0.3,0.0,,,,0,,0,2643.2,,,,,,WRONG_REFERENCE,WRONG_REFERENCE
EXC_005360,LED_008073,LED,reference_id,1,0,0,0.8,0.3333333333333333,,,,0,,0,10414.68,,,,,,WRONG_REFERENCE,WRONG_REFERENCE
EXC_005361,LED_007900,LED,reference_id,1,0,0,0.7,0.3333333333333333,,,,0,,0,47539.84,,,,,,WRONG_REFERENCE,WRONG_REFERENCE
EXC_005362,LED_007729,LED,reference_id,1,0,0,0.4,0.0,,,,0,,0,3908.16,,,,,,WRONG_REFERENCE,WRONG_REFERENCE
EXC_005364,LED_007322,LED,reference_id,1,0,0,0.5,0.0,,,,0,,0,1583.97,,,,,,WRONG_REFERENCE,WRONG_REFERENCE
EXC_005365,LED_001458,LED,reference_id,1,0,0,0.5,0.0,,,,0,,0,1047.84,,,,,,WRONG_REFERENCE,WRONG_REFERENCE
EXC_005367,LED_010382,LED,reference_id,1,0,0,0.4,0.0,,,,0,,0,549.17,,,,,,WRONG_REFERENCE,WRONG_REFERENCE
EXC_005369,LED_008436,LED,reference_id,1,0,0,0.5,0.0,,,,0,,0,25269.23,,,,,,WRONG_REFERENCE,WRONG_REFERENCE
EXC_005370,LED_010239,LED,reference_id,1,0,0,0.5,0.0,,,,0,,0,13.84,,,,,,WRONG_REFERENCE,WRONG_REFERENCE
EXC_005372,LED_002588,LED,reference_id,1,0,0,0.9,0.3333333333333333,,,,0,,0,869.19,,,,,,WRONG_REFERENCE,WRONG_REFERENCE
EXC_005375,LED_002619,LED,reference_id,1,0,0,0.4,0.0,,,,0,,0,7968.78,,,,,,WRONG_REFERENCE,WRONG_REFERENCE
EXC_005376,LED_006730,LED,reference_id,1,0,0,0.5,0.0,,,,0,,0,93041.82,,,,,,WRONG_REFERENCE,WRONG_REFERENCE
EXC_005377,LED_008812,LED,reference_id,1,0,0,0.4,0.0,,,,0,,0,3056.57,,,,,,WRONG_REFERENCE,WRONG_REFERENCE
EXC_005381,LED_008645,LED,reference_id,1,0,0,0.4,0.0,,,,0,,0,3726.44,,,,,,WRONG_REFERENCE,WRONG_REFERENCE
EXC_005382,LED_002476,LED,reference_id,1,0,0,0.5,0.0,,,,0,,0,12667.0,,,,,,WRONG_REFERENCE,WRONG_REFERENCE
EXC_005383,LED_006767,LED,reference_id,1,0,0,0.4,0.0,,,,0,,0,4987.86,,,,,,WRONG_REFERENCE,WRONG_REFERENCE
EXC_005384,LED_011604,LED,reference_id,1,0,0,0.5,0.0,,,,0,,0,148.19,,,,,,WRONG_REFERENCE,WRONG_REFERENCE
EXC_005385,LED_012155,LED,reference_id,1,0,0,0.5,0.0,,,,0,,0,1187922.27,,,,,,WRONG_REFERENCE,WRONG_REFERENCE
EXC_005387,LED_011952,LED,reference_id,1,0,0,0.4,0.0,,,,0,,0,107512.08,,,,,,WRONG_REFERENCE,WRONG_REFERENCE
EXC_005388,LED_010872,LED,reference_id,1,0,0,0.4,0.0,,,,0,,0,71.53,,,,,,WRONG_REFERENCE,WRONG_REFERENCE
EXC_005389,LED_006366,LED,reference_id,1,0,0,0.8,0.3333333333333333,,,,0,,0,142508.6,,,,,,WRONG_REFERENCE,WRONG_REFERENCE
EXC_005391,LED_002015,LED,reference_id,1,0,0,0.4,0.0,,,,0,,0,3537.52,,,,,,WRONG_REFERENCE,WRONG_REFERENCE
EXC_005393,LED_000453,LED,reference_id,1,0,0,0.7,0.3333333333333333,,,,0,,0,923.23,,,,,,WRONG_REFERENCE,WRONG_REFERENCE
EXC_005394,LED_000023,LED,reference_id,1,0,0,0.6,0.3333333333333333,,,,0,,0,35426.3,,,,,,WRONG_REFERENCE,WRONG_REFERENCE
EXC_005396,LED_003308,LED,reference_id,1,0,0,0.4,0.0,,,,0,,0,56685.61,,,,,,WRONG_REFERENCE,WRONG_REFERENCE
EXC_005397,LED_008310,LED,reference_id,1,0,0,0.3,0.0,,,,0,,0,54577.07,,,,,,WRONG_REFERENCE,WRONG_REFERENCE
EXC_005398,LED_001257,LED,reference_id,1,0,0,0.5,0.0,,,,0,,0,336.6,,,,,,WRONG_REFERENCE,WRONG_REFERENCE
EXC_005399,LED_010899,LED,reference_id,1,0,0,0.8,0.3333333333333333,,,,0,,0,138.19,,,,,,WRONG_REFERENCE,WRONG_REFERENCE
EXC_005400,LED_008703,LED,reference_id,1,0,0,0.4,0.0,,,,0,,0,13279.37,,,,,,WRONG_REFERENCE,WRONG_REFERENCE
EXC_005402,LED_000561,LED,reference_id,1,0,0,0.7,0.3333333333333333,,,,0,,0,41972.9,,,,,,WRONG_REFERENCE,WRONG_REFERENCE
EXC_005404,LED_006534,LED,reference_id,1,0,0,0.4,0.0,,,,0,,0,47719.85,,,,,,WRONG_REFERENCE,WRONG_REFERENCE
EXC_005406,LED_012116,LED,reference_id,1,0,0,0.4,0.0,,,,0,,0,36577.58,,,,,,WRONG_REFERENCE,WRONG_REFERENCE
EXC_005407,LED_006711,LED,reference_id,1,0,0,0.4,0.0,,,,0,,0,41549.69,,,,,,WRONG_REFERENCE,WRONG_REFERENCE
EXC_005408,LED_009151,LED,reference_id,1,0,0,0.8,0.3333333333333333,,,,0,,0,151.76,,,,,,WRONG_REFERENCE,WRONG_REFERENCE
EXC_005409,LED_008690,LED,reference_id,1,0,0,0.7,0.3333333333333333,,,,0,,0,7792.07,,,,,,WRONG_REFERENCE,WRONG_REFERENCE
EXC_005410,LED_000179,LED,reference_id,1,0,0,0.3,0.0,,,,0,,0,7816.86,,,,,,WRONG_REFERENCE,WRONG_REFERENCE
EXC_005413,LED_010826,LED,reference_id,1,0,0,0.4,0.0,,,,0,,0,108.63,,,,,,WRONG_REFERENCE,WRONG_REFERENCE
EXC_005415,LED_006374,LED,reference_id,1,0,0,0.7,0.3333333333333333,,,,0,,0,41215.04,,,,,,WRONG_REFERENCE,WRONG_REFERENCE
EXC_005416,LED_005155,LED,reference_id,1,0,0,0.8,0.3333333333333333,,,,0,,0,6872.2,,,,,,WRONG_REFERENCE,WRONG_REFERENCE
EXC_005417,LED_007964,LED,reference_id,1,0,0,0.4,0.0,,,,0,,0,72049.62,,,,,,WRONG_REFERENCE,WRONG_REFERENCE
EXC_005418,LED_009737,LED,reference_id,1,0,0,0.6,0.3333333333333333,,,,0,,0,395.8,,,,,,WRONG_REFERENCE,WRONG_REFERENCE
EXC_005419,LED_006200,LED,reference_id,1,0,0,0.7,0.3333333333333333,,,,0,,0,21130.26,,,,,,WRONG_REFERENCE,WRONG_REFERENCE
EXC_005420,LED_010735,LED,reference_id,1,0,0,0.5,0.0,,,,0,,0,1248.65,,,,,,WRONG_REFERENCE,WRONG_REFERENCE
EXC_005421,LED_001077,LED,reference_id,1,0,0,0.7,0.3333333333333333,,,,0,,0,78668.24,,,,,,WRONG_REFERENCE,WRONG_REFERENCE
EXC_005424,LED_009827,LED,reference_id,1,0,0,0.5,0.0,,,,0,,0,401.25,,,,,,WRONG_REFERENCE,WRONG_REFERENCE
EXC_005425,LED_008833,LED,reference_id,1,0,0,0.3,0.0,,,,0,,0,740.64,,,,,,WRONG_REFERENCE,WRONG_REFERENCE
EXC_005428,LED_002941,LED,reference_id,1,0,0,0.4,0.0,,,,0,,0,31026.75,,,,,,WRONG_REFERENCE,WRONG_REFERENCE
EXC_005429,LED_002253,LED,reference_id,1,0,0,0.4,0.0,,,,0,,0,1648.26,,,,,,WRONG_REFERENCE,WRONG_REFERENCE
EXC_005431,LED_011565,LED,reference_id,1,0,0,0.5,0.0,,,,0,,0,136.88,,,,,,WRONG_REFERENCE,WRONG_REFERENCE
EXC_005432,LED_006088,LED,reference_id,1,0,0,0.8,0.3333333333333333,,,,0,,0,53975.8,,,,,,WRONG_REFERENCE,WRONG_REFERENCE
EXC_005434,LED_006289,LED,reference_id,1,0,0,0.4,0.0,,,,0,,0,94358.7,,,,,,WRONG_REFERENCE,WRONG_REFERENCE
EXC_005435,LED_011352,LED,reference_id,1,0,0,0.3,0.0,,,,0,,0,67.35,,,,,,WRONG_REFERENCE,WRONG_REFERENCE
EXC_005438,LED_001405,LED,reference_id,1,0,0,0.8,0.3333333333333333,,,,0,,0,32452.0,,,,,,WRONG_REFERENCE,WRONG_REFERENCE
EXC_005439,LED_000304,LED,reference_id,1,0,0,0.5,0.0,,,,0,,0,511.33,,,,,,WRONG_REFERENCE,WRONG_REFERENCE
EXC_005440,LED_001430,LED,reference_id,1,0,0,0.7,0.3333333333333333,,,,0,,0,5955.87,,,,,,WRONG_REFERENCE,WRONG_REFERENCE
EXC_005442,LED_010190,LED,reference_id,1,0,0,0.4,0.0,,,,0,,0,165.13,,,,,,WRONG_REFERENCE,WRONG_REFERENCE
EXC_005443,LED_001445,LED,reference_id,1,0,0,0.7,0.3333333333333333,,,,0,,0,5733.97,,,,,,WRONG_REFERENCE,WRONG_REFERENCE
EXC_005444,LED_010415,LED,reference_id,1,0,0,0.6,0.0,,,,0,,0,78.77,,,,,,WRONG_REFERENCE,WRONG_REFERENCE
EXC_005445,LED_009383,LED,reference_id,1,0,0,0.5,0.0,,,,0,,0,161.15,,,,,,WRONG_REFERENCE,WRONG_REFERENCE
EXC_005446,LED_011501,LED,reference_id,1,0,0,0.4,0.0,,,,0,,0,201.57,,,,,,WRONG_REFERENCE,WRONG_REFERENCE
EXC_005447,LED_004422,LED,reference_id,1,0,0,0.4,0.0,,,,0,,0,6570.24,,,,,,WRONG_REFERENCE,WRONG_REFERENCE
EXC_005448,LED_009380,LED,reference_id,1,0,0,0.6,0.0,,,,0,,0,80.35,,,,,,WRONG_REFERENCE,WRONG_REFERENCE
EXC_005449,LED_000332,LED,reference_id,1,0,0,0.5,0.0,,,,0,,0,33166.26,,,,,,WRONG_REFERENCE,WRONG_REFERENCE
EXC_005452,LED_011865,LED,reference_id,1,0,0,0.4,0.0,,,,0,,0,4892.28,,,,,,WRONG_REFERENCE,WRONG_REFERENCE
EXC_005453,LED_001998,LED,reference_id,1,0,0,0.4,0.0,,,,0,,0,2712.0,,,,,,WRONG_REFERENCE,WRONG_REFERENCE
EXC_005455,LED_000021,LED,reference_id,1,0,0,0.6,0.3333333333333333,,,,0,,0,3478.48,,,,,,WRONG_REFERENCE,WRONG_REFERENCE
EXC_005456,LED_011691,LED,reference_id,1,0,0,0.3,0.0,,,,0,,0,1150.85,,,,,,WRONG_REFERENCE,WRONG_REFERENCE
EXC_005457,LED_008675,LED,reference_id,1,0,0,0.4,0.0,,,,0,,0,4089.76,,,,,,WRONG_REFERENCE,WRONG_REFERENCE
EXC_005458,LED_012226,LED,reference_id,1,0,0,0.4,0.0,,,,0,,0,75396.99,,,,,,WRONG_REFERENCE,WRONG_REFERENCE
EXC_005459,LED_011572,LED,reference_id,1,0,0,0.5,0.0,,,,0,,0,282.06,,,,,,WRONG_REFERENCE,WRONG_REFERENCE
EXC_005460,LED_006754,LED,reference_id,1,0,0,0.5,0.0,,,,0,,0,3216.15,,,,,,WRONG_REFERENCE,WRONG_REFERENCE
EXC_005462,LED_001732,LED,reference_id,1,0,0,0.4,0.0,,,,0,,0,510.44,,,,,,WRONG_REFERENCE,WRONG_REFERENCE
EXC_005464,LED_002880,LED,reference_id,1,0,0,0.4,0.0,,,,0,,0,4042.68,,,,,,WRONG_REFERENCE,WRONG_REFERENCE
EXC_005465,LED_000661,LED,reference_id,1,0,0,0.8,0.3333333333333333,,,,0,,0,59357.54,,,,,,WRONG_REFERENCE,WRONG_REFERENCE
EXC_005466,LED_008089,LED,reference_id,1,0,0,0.4,0.0,,,,0,,0,25859.94,,,,,,WRONG_REFERENCE,WRONG_REFERENCE
EXC_005467,LED_007885,LED,reference_id,1,0,0,0.4,0.0,,,,0,,0,83051.23,,,,,,WRONG_REFERENCE,WRONG_REFERENCE
EXC_005468,LED_010959,LED,reference_id,1,0,0,0.7,0.3333333333333333,,,,0,,0,16.63,,,,,,WRONG_REFERENCE,WRONG_REFERENCE
EXC_005469,LED_001744,LED,reference_id,1,0,0,0.7,0.3333333333333333,,,,0,,0,2274.3,,,,,,WRONG_REFERENCE,WRONG_REFERENCE
EXC_005471,LED_000923,LED,reference_id,1,0,0,0.4,0.0,,,,0,,0,306.26,,,,,,WRONG_REFERENCE,WRONG_REFERENCE
EXC_005472,LED_004813,LED,reference_id,1,0,0,0.4,0.0,,,,0,,0,1391.0,,,,,,WRONG_REFERENCE,WRONG_REFERENCE
EXC_005473,LED_000978,LED,reference_id,1,0,0,0.6,0.3333333333333333,,,,0,,0,79309.0,,,,,,WRONG_REFERENCE,WRONG_REFERENCE
EXC_005477,LED_007168,LED,reference_id,1,0,0,0.5,0.0,,,,0,,0,18025.92,,,,,,WRONG_REFERENCE,WRONG_REFERENCE
EXC_005481,LED_000120_DUP,LED,reference_id,1,0,0,0.4,0.0,,,,0,,0,,,,,,,WRONG_REFERENCE,WRONG_REFERENCE
EXC_005483,LED_006397,LED,reference_id,1,0,0,0.3,0.0,,,,0,,0,48110.96,,,,,,WRONG_REFERENCE,WRONG_REFERENCE
EXC_005484,LED_011813,LED,reference_id,1,0,0,0.3,0.0,,,,0,,0,55666.62,,,,,,WRONG_REFERENCE,WRONG_REFERENCE
EXC_005485,LED_002563,LED,reference_id,1,0,0,0.4,0.0,,,,0,,0,3548.26,,,,,,WRONG_REFERENCE,WRONG_REFERENCE
EXC_005486,LED_010947,LED,reference_id,1,0,0,0.4,0.0,,,,0,,0,2.11,,,,,,WRONG_REFERENCE,WRONG_REFERENCE
EXC_005488,LED_006958,LED,reference_id,1,0,0,0.4,0.0,,,,0,,0,1902.16,,,,,,WRONG_REFERENCE,WRONG_REFERENCE
EXC_005489,LED_011309,LED,reference_id,1,0,0,0.4,0.0,,,,0,,0,1061.09,,,,,,WRONG_REFERENCE,WRONG_REFERENCE
EXC_005491,LED_005528,LED,reference_id,1,0,0,0.7,0.3333333333333333,,,,0,,0,4412.02,,,,,,WRONG_REFERENCE,WRONG_REFERENCE
EXC_005492,LED_001132,LED,reference_id,1,0,0,0.4,0.0,,,,0,,0,26113.6,,,,,,WRONG_REFERENCE,WRONG_REFERENCE
EXC_005493,LED_001544,LED,reference_id,1,0,0,0.5,0.0,,,,0,,0,1918.68,,,,,,WRONG_REFERENCE,WRONG_REFERENCE
EXC_005496,LED_000009,LED,reference_id,1,0,0,0.4,0.0,,,,0,,0,4920.48,,,,,,WRONG_REFERENCE,WRONG_REFERENCE
EXC_005497,LED_000860,LED,reference_id,1,0,0,0.8,0.3333333333333333,,,,0,,0,4213.6,,,,,,WRONG_REFERENCE,WRONG_REFERENCE
EXC_005498,LED_011422,LED,reference_id,1,0,0,0.4,0.0,,,,0,,0,67.6,,,,,,WRONG_REFERENCE,WRONG_REFERENCE
EXC_005499,LED_007914,LED,reference_id,1,0,0,0.8,0.3333333333333333,,,,0,,0,48721.73,,,,,,WRONG_REFERENCE,WRONG_REFERENCE
EXC_005500,LED_000856,LED,reference_id,1,0,0,0.7,0.3333333333333333,,,,0,,0,2856.6,,,,,,WRONG_REFERENCE,WRONG_REFERENCE
EXC_005501,LED_001787,LED,reference_id,1,0,0,0.4,0.0,,,,0,,0,8811.65,,,,,,WRONG_REFERENCE,WRONG_REFERENCE
EXC_005504,LED_007300_DUP,LED,reference_id,1,0,0,0.4,0.0,,,,0,,0,,,,,,,WRONG_REFERENCE,WRONG_REFERENCE
EXC_005505,LED_006106,LED,reference_id,1,0,0,0.5,0.0,,,,0,,0,1603.8,,,,,,WRONG_REFERENCE,WRONG_REFERENCE
EXC_005506,LED_000474,LED,reference_id,1,0,0,0.5,0.0,,,,0,,0,15937.2,,,,,,WRONG_REFERENCE,WRONG_REFERENCE
EXC_005507,LED_012272,LED,reference_id,1,0,0,0.4,0.0,,,,0,,0,72611.35,,,,,,WRONG_REFERENCE,WRONG_REFERENCE
EXC_005509,LED_000199,LED,reference_id,1,0,0,0.7,0.3333333333333333,,,,0,,0,54181.8,,,,,,WRONG_REFERENCE,WRONG_REFERENCE
EXC_005510,LED_006275,LED,reference_id,1,0,0,0.4,0.0,,,,0,,0,10640.83,,,,,,WRONG_REFERENCE,WRONG_REFERENCE
EXC_005511,LED_000806,LED,reference_id,1,0,0,0.5,0.0,,,,0,,0,3094.0,,,,,,WRONG_REFERENCE,WRONG_REFERENCE
EXC_005512,LED_002510,LED,reference_id,1,0,0,0.6,0.0,,,,0,,0,33471.11,,,,,,WRONG_REFERENCE,WRONG_REFERENCE
EXC_005513,LED_005869,LED,reference_id,1,0,0,0.5,0.0,,,,0,,0,42635.76,,,,,,WRONG_REFERENCE,WRONG_REFERENCE
EXC_005514,LED_011232,LED,reference_id,1,0,0,0.5,0.0,,,,0,,0,200.0,,,,,,WRONG_REFERENCE,WRONG_REFERENCE
EXC_005515,LED_004877,LED,reference_id,1,0,0,0.3,0.0,,,,0,,0,74264.6,,,,,,WRONG_REFERENCE,WRONG_REFERENCE
EXC_005517,LED_007990,LED,reference_id,1,0,0,0.4,0.0,,,,0,,0,15292.8,,,,,,WRONG_REFERENCE,WRONG_REFERENCE
EXC_005518,LED_002760,LED,reference_id,1,0,0,0.7,0.3333333333333333,,,,0,,0,6609.6,,,,,,WRONG_REFERENCE,WRONG_REFERENCE
EXC_005519,LED_011587,LED,reference_id,1,0,0,0.5,0.0,,,,0,,0,254.6,,,,,,WRONG_REFERENCE,WRONG_REFERENCE
EXC_005520,LED_010581,LED,reference_id,1,0,0,0.4,0.0,,,,0,,0,164.72,,,,,,WRONG_REFERENCE,WRONG_REFERENCE
EXC_005522,LED_011884,LED,reference_id,1,0,0,0.5,0.0,,,,0,,0,25622.64,,,,,,WRONG_REFERENCE,WRONG_REFERENCE
EXC_005523,LED_011531,LED,reference_id,1,0,0,0.6,0.0,,,,0,,0,146.36,,,,,,WRONG_REFERENCE,WRONG_REFERENCE
EXC_005525,LED_002965,LED,reference_id,1,0,0,0.4,0.0,,,,0,,0,10149.53,,,,,,WRONG_REFERENCE,WRONG_REFERENCE
EXC_005527,LED_001382,LED,reference_id,1,0,0,0.4,0.0,,,,0,,0,9408.14,,,,,,WRONG_REFERENCE,WRONG_REFERENCE
EXC_005528,LED_000201,LED,reference_id,1,0,0,0.7,0.3333333333333333,,,,0,,0,3846.51,,,,,,WRONG_REFERENCE,WRONG_REFERENCE
EXC_005529,LED_011393,LED,reference_id,1,0,0,0.5,0.0,,,,0,,0,674.63,,,,,,WRONG_REFERENCE,WRONG_REFERENCE
EXC_005530,LED_002906,LED,reference_id,1,0,0,0.5,0.0,,,,0,,0,1100.52,,,,,,WRONG_REFERENCE,WRONG_REFERENCE
EXC_005531,LED_010470,LED,reference_id,1,0,0,0.8,0.3333333333333333,,,,0,,0,198.98,,,,,,WRONG_REFERENCE,WRONG_REFERENCE
EXC_005532,LED_007942,LED,reference_id,1,0,0,0.8,0.3333333333333333,,,,0,,0,3354.74,,,,,,WRONG_REFERENCE,WRONG_REFERENCE
EXC_005533,LED_006145,LED,reference_id,1,0,0,0.8,0.3333333333333333,,,,0,,0,2590.75,,,,,,WRONG_REFERENCE,WRONG_REFERENCE
EXC_005535,LED_010174,LED,reference_id,1,0,0,0.5,0.0,,,,0,,0,246.79,,,,,,WRONG_REFERENCE,WRONG_REFERENCE
EXC_005539,LED_007771,LED,reference_id,1,0,0,0.7,0.3333333333333333,,,,0,,0,6286.1,,,,,,WRONG_REFERENCE,WRONG_REFERENCE
EXC_005540,LED_011391,LED,reference_id,1,0,0,0.4,0.0,,,,0,,0,6.26,,,,,,WRONG_REFERENCE,WRONG_REFERENCE
EXC_005541,LED_011702,LED,reference_id,1,0,0,0.5,0.0,,,,0,,0,66646.81,,,,,,WRONG_REFERENCE,WRONG_REFERENCE
EXC_005543,LED_011207,LED,reference_id,1,0,0,0.5,0.0,,,,0,,0,474.88,,,,,,WRONG_REFERENCE,WRONG_REFERENCE
EXC_005546,LED_003883,LED,reference_id,1,0,0,0.4,0.0,,,,0,,0,2339.2,,,,,,WRONG_REFERENCE,WRONG_REFERENCE
EXC_005547,LED_007127,LED,reference_id,1,0,0,0.7,0.3333333333333333,,,,0,,0,49905.74,,,,,,WRONG_REFERENCE,WRONG_REFERENCE
EXC_005548,LED_005425,LED,reference_id,1,0,0,0.3,0.0,,,,0,,0,8913.72,,,,,,WRONG_REFERENCE,WRONG_REFERENCE
EXC_005549,LED_010040,LED,reference_id,1,0,0,0.5,0.0,,,,0,,0,1258.61,,,,,,WRONG_REFERENCE,WRONG_REFERENCE
EXC_005550,LED_010192_DUP,LED,reference_id,1,0,0,0.8,0.3333333333333333,,,,0,,0,,,,,,,WRONG_REFERENCE,WRONG_REFERENCE
EXC_005552,LED_003989_DUP,LED,reference_id,1,0,0,0.5,0.0,,,,0,,0,,,,,,,WRONG_REFERENCE,WRONG_REFERENCE
EXC_005553,LED_005217,LED,reference_id,1,0,0,0.6,0.3333333333333333,,,,0,,0,11524.0,,,,,,WRONG_REFERENCE,WRONG_REFERENCE
EXC_005554,LED_004299,LED,reference_id,1,0,0,0.4,0.0,,,,0,,0,9440.0,,,,,,WRONG_REFERENCE,WRONG_REFERENCE
EXC_005555,LED_002819,LED,reference_id,1,0,0,0.9,0.3333333333333333,,,,0,,0,279.86,,,,,,WRONG_REFERENCE,WRONG_REFERENCE
EXC_005556,LED_005845,LED,reference_id,1,0,0,0.7,0.3333333333333333,,,,0,,0,1635.48,,,,,,WRONG_REFERENCE,WRONG_REFERENCE
EXC_005557,LED_002558,LED,reference_id,1,0,0,0.7,0.3333333333333333,,,,0,,0,3759.0,,,,,,WRONG_REFERENCE,WRONG_REFERENCE
EXC_005560,LED_011493,LED,reference_id,1,0,0,0.5,0.0,,,,0,,0,30.25,,,,,,WRONG_REFERENCE,WRONG_REFERENCE
EXC_005562,LED_010849_DUP,LED,reference_id,1,0,0,0.5,0.0,,,,0,,0,,,,,,,WRONG_REFERENCE,WRONG_REFERENCE
EXC_005563,LED_004359,LED,reference_id,1,0,0,0.3,0.0,,,,0,,0,22864.86,,,,,,WRONG_REFERENCE,WRONG_REFERENCE
EXC_005564,LED_011297,LED,reference_id,1,0,0,0.5,0.0,,,,0,,0,531.91,,,,,,WRONG_REFERENCE,WRONG_REFERENCE
EXC_005566,LED_002797,LED,reference_id,1,0,0,0.9,0.3333333333333333,,,,0,,0,23607.56,,,,,,WRONG_REFERENCE,WRONG_REFERENCE
EXC_005567,LED_000945,LED,reference_id,1,0,0,0.5,0.0,,,,0,,0,5981.67,,,,,,WRONG_REFERENCE,WRONG_REFERENCE
EXC_005569,LED_001408,LED,reference_id,1,0,0,0.7,0.3333333333333333,,,,0,,0,22884.3,,,,,,WRONG_REFERENCE,WRONG_REFERENCE
EXC_005570,LED_006827,LED,reference_id,1,0,0,0.5,0.0,,,,0,,0,168369.48,,,,,,WRONG_REFERENCE,WRONG_REFERENCE
EXC_005571,LED_004796,LED,reference_id,1,0,0,0.8,0.3333333333333333,,,,0,,0,25269.23,,,,,,WRONG_REFERENCE,WRONG_REFERENCE
EXC_005572,LED_001902,LED,reference_id,1,0,0,0.6,0.3333333333333333,,,,0,,0,1871.48,,,,,,WRONG_REFERENCE,WRONG_REFERENCE
EXC_005573,LED_005889,LED,reference_id,1,0,0,0.4,0.0,,,,0,,0,4213.6,,,,,,WRONG_REFERENCE,WRONG_REFERENCE
EXC_005574,LED_012142,LED,reference_id,1,0,0,0.4,0.0,,,,0,,0,23683.76,,,,,,WRONG_REFERENCE,WRONG_REFERENCE
EXC_005576,LED_007436,LED,reference_id,1,0,0,0.5,0.0,,,,0,,0,28473.16,,,,,,WRONG_REFERENCE,WRONG_REFERENCE
EXC_005577,LED_004921,LED,reference_id,1,0,0,0.4,0.0,,,,0,,0,49811.34,,,,,,WRONG_REFERENCE,WRONG_REFERENCE
EXC_005578,LED_000660,LED,reference_id,1,0,0,0.7,0.3333333333333333,,,,0,,0,11029.23,,,,,,WRONG_REFERENCE,WRONG_REFERENCE
EXC_005580,LED_006178,LED,reference_id,1,0,0,0.4,0.0,,,,0,,0,15644.44,,,,,,WRONG_REFERENCE,WRONG_REFERENCE
EXC_005581,LED_001566,LED,reference_id,1,0,0,0.7,0.3333333333333333,,,,0,,0,6698.07,,,,,,WRONG_REFERENCE,WRONG_REFERENCE
EXC_005582,LED_003170,LED,reference_id,1,0,0,0.4,0.0,,,,0,,0,80806.4,,,,,,WRONG_REFERENCE,WRONG_REFERENCE
EXC_005584,LED_007736,LED,reference_id,1,0,0,0.3,0.0,,,,0,,0,46464.33,,,,,,WRONG_REFERENCE,WRONG_REFERENCE
EXC_005585,LED_010345,LED,reference_id,1,0,0,0.5,0.0,,,,0,,0,17.61,,,,,,WRONG_REFERENCE,WRONG_REFERENCE
EXC_005586,LED_003878,LED,reference_id,1,0,0,0.7,0.3333333333333333,,,,0,,0,1123.47,,,,,,WRONG_REFERENCE,WRONG_REFERENCE
EXC_005587,LED_007153,LED,reference_id,1,0,0,0.4,0.0,,,,0,,0,29955.36,,,,,,WRONG_REFERENCE,WRONG_REFERENCE
EXC_005588,LED_006673,LED,reference_id,1,0,0,0.5,0.0,,,,0,,0,7387.98,,,,,,WRONG_REFERENCE,WRONG_REFERENCE
EXC_005590,LED_009672,LED,reference_id,1,0,0,0.4,0.0,,,,0,,0,131.1,,,,,,WRONG_REFERENCE,WRONG_REFERENCE
EXC_005591,LED_011599,LED,reference_id,1,0,0,0.6,0.0,,,,0,,0,393.29,,,,,,WRONG_REFERENCE,WRONG_REFERENCE
EXC_005592,LED_010261,LED,reference_id,1,0,0,0.5,0.0,,,,0,,0,931.81,,,,,,WRONG_REFERENCE,WRONG_REFERENCE
EXC_005593,LED_007545,LED,reference_id,1,0,0,0.7,0.3333333333333333,,,,0,,0,120.36,,,,,,WRONG_REFERENCE,WRONG_REFERENCE
EXC_005594,LED_008998,LED,reference_id,1,0,0,0.7,0.3333333333333333,,,,0,,0,3391.05,,,,,,WRONG_REFERENCE,WRONG_REFERENCE
EXC_005595,LED_001942,LED,reference_id,1,0,0,0.4,0.0,,,,0,,0,20925.06,,,,,,WRONG_REFERENCE,WRONG_REFERENCE
EXC_005596,LED_004380_DUP,LED,reference_id,1,0,0,0.7,0.3333333333333333,,,,0,,0,,,,,,,WRONG_REFERENCE,WRONG_REFERENCE
EXC_005600,LED_008941,LED,reference_id,1,0,0,0.8,0.3333333333333333,,,,0,,0,137.55,,,,,,WRONG_REFERENCE,WRONG_REFERENCE
EXC_005601,LED_005407,LED,reference_id,1,0,0,0.3,0.0,,,,0,,0,1924.58,,,,,,WRONG_REFERENCE,WRONG_REFERENCE
EXC_005603,LED_008373,LED,reference_id,1,0,0,0.7,0.3333333333333333,,,,0,,0,2041.7,,,,,,WRONG_REFERENCE,WRONG_REFERENCE
EXC_005605,LED_007723,LED,reference_id,1,0,0,0.7,0.3333333333333333,,,,0,,0,311.52,,,,,,WRONG_REFERENCE,WRONG_REFERENCE
EXC_005606,LED_005081,LED,reference_id,1,0,0,0.4,0.0,,,,0,,0,11198.2,,,,,,WRONG_REFERENCE,WRONG_REFERENCE
EXC_005607,LED_011102,LED,reference_id,1,0,0,0.6,0.0,,,,0,,0,21.33,,,,,,WRONG_REFERENCE,WRONG_REFERENCE
EXC_005609,LED_006124,LED,reference_id,1,0,0,0.4,0.0,,,,0,,0,22656.0,,,,,,WRONG_REFERENCE,WRONG_REFERENCE
EXC_005610,LED_008788,LED,reference_id,1,0,0,0.8,0.3333333333333333,,,,0,,0,761.25,,,,,,WRONG_REFERENCE,WRONG_REFERENCE
EXC_005611,LED_005032,LED,reference_id,1,0,0,0.4,0.0,,,,0,,0,11089.62,,,,,,WRONG_REFERENCE,WRONG_REFERENCE
EXC_005613,LED_012221,LED,reference_id,1,0,0,0.8,0.3333333333333333,,,,0,,0,55809.13,,,,,,WRONG_REFERENCE,WRONG_REFERENCE
EXC_005615,LED_008707,LED,reference_id,1,0,0,0.5,0.0,,,,0,,0,13598.32,,,,,,WRONG_REFERENCE,WRONG_REFERENCE
EXC_005616,LED_008585,LED,reference_id,1,0,0,0.5,0.0,,,,0,,0,72698.62,,,,,,WRONG_REFERENCE,WRONG_REFERENCE
EXC_005618,LED_004645,LED,reference_id,1,0,0,0.4,0.0,,,,0,,0,279.0,,,,,,WRONG_REFERENCE,WRONG_REFERENCE
EXC_005619,LED_004609,LED,reference_id,1,0,0,0.4,0.0,,,,0,,0,41975.55,,,,,,WRONG_REFERENCE,WRONG_REFERENCE
EXC_005620,LED_009922,LED,reference_id,1,0,0,0.4,0.0,,,,0,,0,1154.3,,,,,,WRONG_REFERENCE,WRONG_REFERENCE
EXC_005621,LED_010340,LED,reference_id,1,0,0,0.5,0.0,,,,0,,0,138.28,,,,,,WRONG_REFERENCE,WRONG_REFERENCE
EXC_005623,LED_008694,LED,reference_id,1,0,0,0.7,0.3333333333333333,,,,0,,0,42247.54,,,,,,WRONG_REFERENCE,WRONG_REFERENCE
EXC_005627,LED_008488,LED,reference_id,1,0,0,0.5,0.0,,,,0,,0,74264.6,,,,,,WRONG_REFERENCE,WRONG_REFERENCE
EXC_005628,LED_006763,LED,reference_id,1,0,0,0.4,0.0,,,,0,,0,22563.84,,,,,,WRONG_REFERENCE,WRONG_REFERENCE
EXC_005629,LED_002886,LED,reference_id,1,0,0,0.4,0.0,,,,0,,0,9218.57,,,,,,WRONG_REFERENCE,WRONG_REFERENCE
EXC_005630,LED_004780,LED,reference_id,1,0,0,0.7,0.3333333333333333,,,,0,,0,2356.7,,,,,,WRONG_REFERENCE,WRONG_REFERENCE
EXC_005632,LED_000755,LED,reference_id,1,0,0,0.5,0.0,,,,0,,0,3057.59,,,,,,WRONG_REFERENCE,WRONG_REFERENCE
EXC_005634,LED_005997,LED,reference_id,1,0,0,0.4,0.0,,,,0,,0,23233.85,,,,,,WRONG_REFERENCE,WRONG_REFERENCE
EXC_005636,LED_004318,LED,reference_id,1,0,0,0.4,0.0,,,,0,,0,631.3,,,,,,WRONG_REFERENCE,WRONG_REFERENCE
EXC_005637,LED_004487,LED,reference_id,1,0,0,0.8,0.3333333333333333,,,,0,,0,5174.4,,,,,,WRONG_REFERENCE,WRONG_REFERENCE
EXC_005638,LED_005581,LED,reference_id,1,0,0,0.8,0.3333333333333333,,,,0,,0,137597.44,,,,,,WRONG_REFERENCE,WRONG_REFERENCE
EXC_005639,LED_009527,LED,reference_id,1,0,0,0.8,0.3333333333333333,,,,0,,0,581.55,,,,,,WRONG_REFERENCE,WRONG_REFERENCE
EXC_005641,LED_009742,LED,reference_id,1,0,0,0.6,0.0,,,,0,,0,880.58,,,,,,WRONG_REFERENCE,WRONG_REFERENCE
EXC_005643,LED_007368,LED,reference_id,1,0,0,0.6,0.0,,,,0,,0,7789.77,,,,,,WRONG_REFERENCE,WRONG_REFERENCE
EXC_005645,LED_003083,LED,reference_id,1,0,0,0.5,0.0,,,,0,,0,4413.38,,,,,,WRONG_REFERENCE,WRONG_REFERENCE
EXC_005646,LED_004369,LED,reference_id,1,0,0,0.8,0.3333333333333333,,,,0,,0,12888.0,,,,,,WRONG_REFERENCE,WRONG_REFERENCE
EXC_005647,LED_006303,LED,reference_id,1,0,0,0.8,0.3333333333333333,,,,0,,0,30680.0,,,,,,WRONG_REFERENCE,WRONG_REFERENCE
EXC_005650,LED_002454,LED,reference_id,1,0,0,0.6,0.0,,,,0,,0,19708.0,,,,,,WRONG_REFERENCE,WRONG_REFERENCE
EXC_005651,LED_007446,LED,reference_id,1,0,0,0.4,0.0,,,,0,,0,2562.96,,,,,,WRONG_REFERENCE,WRONG_REFERENCE
EXC_005652,LED_008667_DUP,LED,reference_id,1,0,0,0.4,0.0,,,,0,,0,,,,,,,WRONG_REFERENCE,WRONG_REFERENCE
EXC_005653,LED_009973,LED,reference_id,1,0,0,0.5,0.0,,,,0,,0,296.31,,,,,,WRONG_REFERENCE,WRONG_REFERENCE
EXC_005654,LED_001840,LED,reference_id,1,0,0,0.8,0.3333333333333333,,,,0,,0,5131.9,,,,,,WRONG_REFERENCE,WRONG_REFERENCE
EXC_005655,LED_001638,LED,reference_id,1,0,0,0.6,0.0,,,,0,,0,1683.18,,,,,,WRONG_REFERENCE,WRONG_REFERENCE
EXC_005658,LED_011678,LED,reference_id,1,0,0,0.6,0.0,,,,0,,0,10441.58,,,,,,WRONG_REFERENCE,WRONG_REFERENCE
EXC_005660,LED_011844,LED,reference_id,1,0,0,0.4,0.0,,,,0,,0,25269.23,,,,,,WRONG_REFERENCE,WRONG_REFERENCE
EXC_005663,LED_001193,LED,reference_id,1,0,0,0.5,0.0,,,,0,,0,7773.84,,,,,,WRONG_REFERENCE,WRONG_REFERENCE
EXC_005664,LED_009008,LED,reference_id,1,0,0,0.7,0.3333333333333333,,,,0,,0,970.69,,,,,,WRONG_REFERENCE,WRONG_REFERENCE
EXC_005665,LED_004227,LED,reference_id,1,0,0,0.4,0.0,,,,0,,0,16648.5,,,,,,WRONG_REFERENCE,WRONG_REFERENCE
EXC_005666,LED_006925,LED,reference_id,1,0,0,0.7,0.3333333333333333,,,,0,,0,39373.06,,,,,,WRONG_REFERENCE,WRONG_REFERENCE
