absolute_amount_difference,absolute_amount_difference_vs_gross,amount_difference,amount_ratio,bank_amount,bank_category,best_vs_second_best_amount_gap,best_vs_second_best_date_gap,best_vs_second_best_reference_gap,candidate_count,candidate_rank_by_amount,candidate_rank_by_date,candidate_rank_by_reference,date_difference_days,description_token_overlap,exact_amount_match,is_best_amount_candidate,is_best_date_candidate,is_best_reference_candidate,label,merchant_match,payment_count,reference_exact_match,relative_amount_difference,same_day,settlement_fee_amount,settlement_fee_tax_amount,settlement_gross_amount,settlement_net_amount,settlement_refund_amount,transaction_type_is_credit,utr_similarity,value_date_difference_days,within_1_day,within_3_days,within_7_days
2964.429999999993,127691.01000000001,-2964.429999999993,0.9847758072338013,191753.94,SETTLEMENT,1448.8999999999942,1.0,0.47058823529411764,8,1,2,1,1,0.0,0,1,0,1,1,1,7,1,0.015224192766198654,0,3156.24,568.12,319444.95,194718.37,121002.22,1,1.0,1,1,1,1
4413.329999999987,6090.639999999985,-4413.329999999987,0.9775022102310952,191753.94,SETTLEMENT,1448.8999999999942,1.0,0.47058823529411764,8,2,7,7,31,0.0,0,0,0,0,0,1,4,0,0.02249778976890481,0,1421.45,255.86,197844.58,196167.27,0.0,1,0.47058823529411764,29,0,0,0
12519.619999999995,72429.59000000003,-12519.619999999995,0.9387115004017162,191753.94,SETTLEMENT,1448.8999999999942,1.0,0.47058823529411764,8,3,6,3,27,0.0,0,0,0,0,0,1,6,0,0.061288499598283766,0,977.87,176.01,264183.53,204273.56,58756.09,1,0.5294117647058824,25,0,0,0
178015.33000000002,256671.19,-178015.33000000002,0.518577273876761,191753.94,SETTLEMENT,1448.8999999999942,1.0,0.47058823529411764,8,8,1,2,0,0.0,0,0,1,0,0,1,10,0,0.481422726123239,1,2055.21,369.93,448425.13,369769.27,76230.72,1,0.5294117647058824,2,1,1,1
115732.77999999997,206600.15999999997,-115732.77999999997,0.6236169809219729,191753.94,SETTLEMENT,1448.8999999999942,1.0,0.47058823529411764,8,6,3,8,1,0.0,0,0,0,0,0,1,10,0,0.3763830190780271,0,4197.41,755.54,398354.1,307486.72,85914.43,1,0.4117647058823529,1,1,1,1
39506.369999999995,80073.76000000001,-39506.369999999995,0.8291692595240403,191753.94,SETTLEMENT,1448.8999999999942,1.0,0.47058823529411764,8,5,4,5,2,0.0,0,0,0,0,0,1,6,0,0.17083074047595972,0,3357.02,604.26,271827.7,231260.31,36606.11,1,0.47058823529411764,0,0,1,1
30830.459999999992,34690.06,-30830.459999999992,0.8614886757562525,191753.94,SETTLEMENT,1448.8999999999942,1.0,0.47058823529411764,8,4,5,6,9,0.0,0,0,0,0,0,1,5,0,0.1385113242437475,0,3270.85,588.75,226444.0,222584.4,0.0,1,0.47058823529411764,7,0,0,0
119142.59,118430.21,119142.59,2.64082598657097,191753.94,SETTLEMENT,1448.8999999999942,1.0,0.47058823529411764,8,7,8,4,31,0.0,0,0,0,0,0,0,11,0,1.6408259865709698,0,603.71,108.67,73323.73,72611.35,0.0,1,0.5294117647058824,29,0,0,0
7766.989999999991,42798.380000000005,-7766.989999999991,0.9794271681347906,369769.27,SETTLEMENT,7784.650000000023,3.0,0.0,4,1,3,2,21,0.0,0,1,0,0,0,1,15,0,0.020572831865209425,0,4183.03,752.94,412567.65,377536.26,30095.42,1,0.5294117647058824,19,0,0,0
15551.640000000014,42285.26999999996,15551.640000000014,1.0439041952824313,369769.27,SETTLEMENT,7784.650000000023,3.0,0.0,4,2,2,4,4,0.0,0,0,0,0,0,1,9,0,0.04390419528243135,0,2078.33,374.1,412054.54,354217.63,55384.48,1,0.35294117647058826,2,0,0,1
62282.55000000005,28584.829999999958,62282.55000000005,1.2025536257305682,369769.27,SETTLEMENT,7784.650000000023,3.0,0.0,4,3,1,1,1,0.0,0,0,1,1,0,1,10,0,0.20255362573056832,0,4197.41,755.54,398354.1,307486.72,85914.43,1,0.5294117647058824,1,1,1,1
337876.85000000003,337411.66000000003,337876.85000000003,11.594268167796612,369769.27,SETTLEMENT,7784.650000000023,3.0,0.0,4,4,4,3,26,0.0,0,0,0,0,0,0,5,0,10.594268167796614,0,394.22,70.97,32357.61,31892.42,0.0,1,0.4117647058823529,24,0,0,0
2705.2200000000303,88162.15999999997,2705.2200000000303,1.0087978433670242,310191.94,SETTLEMENT,2997.3099999999977,0.0,0.4571428571428572,6,1,3,1,2,0.0,0,1,0,1,1,1,10,0,0.00879784336702421,0,4197.41,755.54,398354.1,307486.72,85914.43,1,0.9714285714285714,0,0,1,1
5702.530000000028,447.29999999998836,5702.530000000028,1.0187281718599015,310191.94,SETTLEMENT,2997.3099999999977,0.0,0.4571428571428572,6,2,5,4,18,0.0,0,0,0,0,0,1,12,0,0.018728171859901558,0,4453.58,801.65,309744.64,304489.41,0.0,1,0.45714285714285713,20,0,0,0
17105.929999999993,11719.210000000021,17105.929999999993,1.0583648806710357,310191.94,SETTLEMENT,2997.3099999999977,0.0,0.4571428571428572,6,3,4,6,2,0.0,0,0,0,0,0,1,6,0,0.058364880671035756,0,4565.01,821.71,298472.73,293086.01,0.0,1,0.34285714285714286,4,0,1,1
21964.76000000001,19336.440000000002,21964.76000000001,1.07620641467609,310191.94,SETTLEMENT,2997.3099999999977,0.0,0.4571428571428572,6,4,2,3,1,0.0,0,0,0,0,0,1,7,0,0.07620641467608992,0,2227.39,400.93,290855.5,288227.18,0.0,1,0.45714285714285713,3,1,1,1
44025.69,101862.59999999998,-44025.69,0.875710054296281,310191.94,SETTLEMENT,2997.3099999999977,0.0,0.4571428571428572,6,5,1,5,1,0.0,0,0,1,0,0,1,9,0,0.12428994570371893,0,2078.33,374.1,412054.54,354217.63,55384.48,1,0.4,3,1,1,1
202266.26,170935.47,202266.26,2.8741254166756236,310191.94,SETTLEMENT,2997.3099999999977,0.0,0.4571428571428572,6,6,6,2,24,0.0,0,0,0,0,0,0,11,0,1.8741254166756236,0,1081.98,194.77,139256.47,107925.68,30054.04,1,0.5142857142857142,26,0,0,0
3005.4899999999907,37561.90000000002,3005.4899999999907,1.0129961340966809,234265.8,SETTLEMENT,6024.2300000000105,1.0,0.47058823529411764,6,1,1,1,0,0.2,0,1,1,1,1,1,6,0,0.012996134096680882,1,3357.02,604.26,271827.7,231260.31,36606.11,1,0.9411764705882353,0,1,1,1
9029.720000000001,4485.25,9029.720000000001,1.0400900246532438,234265.8,SETTLEMENT,6024.2300000000105,1.0,0.47058823529411764,6,2,5,3,10,0.2,0,0,0,0,0,1,10,0,0.04009002465324384,0,2129.37,383.28,238751.05,225236.08,11002.32,1,0.47058823529411764,10,0,0,0
11681.399999999994,7821.799999999988,11681.399999999994,1.052480766846194,234265.8,SETTLEMENT,6024.2300000000105,1.0,0.47058823529411764,6,3,4,2,7,0.2,0,0,0,0,0,1,5,0,0.05248076684619405,0,3270.85,588.75,226444.0,222584.4,0.0,1,0.47058823529411764,7,0,0,1
39547.42999999999,85179.15000000002,39547.42999999999,1.2031006627674625,234265.8,SETTLEMENT,6024.2300000000105,1.0,0.47058823529411764,6,4,2,4,1,0.2,0,0,0,0,0,1,7,0,0.20310066276746253,0,3156.24,568.12,319444.95,194718.37,121002.22,1,0.35294117647058826,1,1,1,1
73220.91999999998,164088.3,-73220.91999999998,0.7618729029988678,234265.8,SETTLEMENT,6024.2300000000105,1.0,0.47058823529411764,6,5,3,6,1,0.2,0,0,0,0,0,1,10,0,0.23812709700113224,0,4197.41,755.54,398354.1,307486.72,85914.43,1,0.29411764705882354,1,1,1,1
115324.81,205269.51,-115324.81,0.6701146807118189,234265.8,SETTLEMENT,6024.2300000000105,1.0,0.47058823529411764,6,6,6,5,23,0.2,0,0,0,0,0,0,7,0,0.3298853192881811,0,1817.32,327.12,439535.31,349590.61,87800.26,1,0.35294117647058826,23,0,0,0
9721.48000000004,83870.35000000003,-9721.48000000004,0.9754315106491724,385967.48,SETTLEMENT,1290.2600000000675,0.0,0.4117647058823529,6,2,3,1,1,0.0,0,0,0,1,1,1,12,1,0.024568489350827578,0,3552.23,639.4,469837.83,395688.96,69957.24,1,1.0,1,1,1,1
8431.219999999972,26600.170000000042,8431.219999999972,1.0223322125403265,385967.48,SETTLEMENT,1290.2600000000675,0.0,0.4117647058823529,6,1,5,5,17,0.0,0,1,0,0,0,1,15,0,0.022332212540326517,0,4183.03,752.94,412567.65,377536.26,30095.42,1,0.5294117647058824,15,0,0,0
16198.209999999963,62457.65000000002,16198.209999999963,1.0438062632949459,385967.48,SETTLEMENT,1290.2600000000675,0.0,0.4117647058823529,6,3,4,6,4,0.0,0,0,0,0,0,1,10,0,0.04380626329494596,0,2055.21,369.93,448425.13,369769.27,76230.72,1,0.4117647058823529,6,0,0,1
31749.849999999977,26087.059999999998,31749.849999999977,1.0896337373156721,385967.48,SETTLEMENT,1290.2600000000675,0.0,0.4117647058823529,6,4,1,2,0,0.0,0,0,1,0,0,1,9,0,0.08963373731567222,1,2078.33,374.1,412054.54,354217.63,55384.48,1,0.5882352941176471,2,1,1,1
97740.29999999999,95111.97999999998,97740.29999999999,1.3391085462516061,385967.48,SETTLEMENT,1290.2600000000675,0.0,0.4117647058823529,6,6,2,4,0,0.0,0,0,0,0,0,1,7,0,0.3391085462516061,1,2227.39,400.93,290855.5,288227.18,0.0,1,0.5294117647058824,2,1,1,1
64112.44,48689.590000000026,64112.44,1.1991966321235796,385967.48,SETTLEMENT,1290.2600000000675,0.0,0.4117647058823529,6,5,6,3,21,0.0,0,0,0,0,0,0,9,0,0.19919663212357963,0,7490.99,1348.38,434657.07,321855.04,103962.66,1,0.5882352941176471,19,0,0,0
0.0,57836.909999999974,0.0,1.0,354217.63,SETTLEMENT,1441.429999999993,1.0,0.4242424242424243,6,1,3,1,2,0.2,1,1,0,1,1,1,9,0,0.0,0,2078.33,374.1,412054.54,354217.63,55384.48,1,0.9696969696969697,0,0,1,1
1441.429999999993,3474.7600000000093,1441.429999999993,1.0040859615813085,354217.63,SETTLEMENT,1441.429999999993,1.0,0.4242424242424243,6,2,4,2,6,0.2,0,0,0,0,0,1,7,0,0.00408596158130847,0,4166.27,749.92,357692.39,352776.2,0.0,1,0.5454545454545454,4,0,0,1
4125.049999999988,40140.71999999997,4125.049999999988,1.011782740439686,354217.63,SETTLEMENT,1441.429999999993,1.0,0.4242424242424243,6,3,6,6,17,0.2,0,0,0,0,0,1,8,0,0.011782740439685949,0,6088.71,1095.98,394358.35,350092.58,37081.08,1,0.42424242424242425,15,0,0,0
46730.91000000003,44136.46999999997,46730.91000000003,1.1519770024539597,354217.63,SETTLEMENT,1441.429999999993,1.0,0.4242424242424243,6,5,1,4,1,0.2,0,0,1,0,0,1,10,0,0.15197700245395976,0,4197.41,755.54,398354.1,307486.72,85914.43,1,0.48484848484848486,3,1,1,1
15551.640000000014,94207.5,-15551.640000000014,0.957942313594637,354217.63,SETTLEMENT,1441.429999999993,1.0,0.4242424242424243,6,4,2,3,2,0.2,0,0,0,0,0,1,10,0,0.04205768640536303,0,2055.21,369.93,448425.13,369769.27,76230.72,1,0.48484848484848486,4,0,1,1
47247.340000000026,43578.73999999999,47247.340000000026,1.1539150254573498,354217.63,SETTLEMENT,1441.429999999993,1.0,0.4242424242424243,6,6,5,5,12,0.2,0,0,0,0,0,0,5,0,0.15391502545734972,0,3108.99,559.61,310638.89,306970.29,0.0,1,0.48484848484848486,10,0,0,0
0.0,93576.16,0.0,1.0,62303.13,SETTLEMENT,45208.950000000004,1.0,0.3529411764705882,3,1,2,1,2,0.0,1,1,0,1,1,1,5,0,0.0,0,185.53,33.4,155879.29,62303.13,93357.23,1,0.9411764705882353,1,0,1,1
45208.950000000004,84968.47999999998,-45208.950000000004,0.5794988804978938,62303.13,SETTLEMENT,45208.950000000004,1.0,0.3529411764705882,3,2,1,3,1,0.0,0,0,1,0,0,1,5,0,0.4205011195021062,0,2073.66,373.27,147271.61,107512.08,37312.6,1,0.47058823529411764,0,1,1,1
148740.9,163987.96,-148740.9,0.2952138944655293,62303.13,SETTLEMENT,45208.950000000004,1.0,0.3529411764705882,3,3,3,2,12,0.0,0,0,0,0,0,0,12,0,0.7047861055344706,0,1856.58,334.19,226291.09,211044.03,13056.29,1,0.5882352941176471,13,0,0,0
1596.4099999999744,3319.780000000028,1596.4099999999744,1.004525276931947,354372.61,SETTLEMENT,1441.429999999993,2.0,0.47058823529411764,6,2,1,1,0,0.0,0,0,1,1,1,1,7,1,0.0045252769319471505,1,4166.27,749.92,357692.39,352776.2,0.0,1,1.0,0,1,1,1
154.97999999998137,57681.92999999999,154.97999999998137,1.0004375276295536,354372.61,SETTLEMENT,1441.429999999993,2.0,0.47058823529411764,6,1,4,2,4,0.0,0,1,0,0,0,1,9,0,0.0004375276295535639,0,2078.33,374.1,412054.54,354217.63,55384.48,1,0.5294117647058824,4,0,0,1
4280.02999999997,39985.73999999999,4280.02999999997,1.0122254233437338,354372.61,SETTLEMENT,1441.429999999993,2.0,0.47058823529411764,6,3,6,6,11,0.0,0,0,0,0,0,1,8,0,0.012225423343733733,0,6088.71,1095.98,394358.35,350092.58,37081.08,1,0.35294117647058826,11,0,0,0
163397.95,184001.75,-163397.95,0.6844201609299686,354372.61,SETTLEMENT,1441.429999999993,2.0,0.47058823529411764,6,6,2,5,2,0.0,0,0,0,0,0,1,15,0,0.31557983907003134,0,7821.94,1407.97,538374.36,517770.56,11373.89,1,0.4117647058823529,2,0,1,1
41316.350000000035,115465.22000000003,-41316.350000000035,0.8955837686247298,354372.61,SETTLEMENT,1441.429999999993,2.0,0.47058823529411764,6,4,3,4,3,0.0,0,0,0,0,0,1,12,0,0.10441623137527019,0,3552.23,639.4,469837.83,395688.96,69957.24,1,0.4117647058823529,3,0,1,1
115385.81,97446.60999999999,115385.81,1.4828124816935495,354372.61,SETTLEMENT,1441.429999999993,2.0,0.47058823529411764,6,5,5,3,4,0.0,0,0,0,0,0,0,12,0,0.4828124816935496,0,800.71,144.13,256926.0,238986.8,16994.36,1,0.47058823529411764,4,0,0,1
0.0,39759.529999999984,0.0,1.0,107512.08,SETTLEMENT,26465.89,1.0,0.375,5,1,2,1,1,0.0,1,1,0,1,1,1,5,0,0.0,0,2073.66,373.27,147271.61,107512.08,37312.6,1,0.9375,1,1,1,1
35301.71999999999,52644.46999999999,-35301.71999999999,0.7528129634531118,107512.08,SETTLEMENT,26465.89,1.0,0.375,5,3,1,2,0,0.0,0,0,1,0,0,1,5,0,0.24718703654688826,1,1680.94,302.57,160156.55,142813.8,15359.24,1,0.5625,0,1,1,1
52309.68999999999,54198.31000000001,-52309.68999999999,0.6726998455842406,107512.08,SETTLEMENT,26465.89,1.0,0.375,5,4,3,5,6,0.0,0,0,0,0,0,1,6,0,0.32730015441575944,0,1600.52,288.1,161710.39,159821.77,0.0,1,0.4375,6,0,0,1
26465.89,206586.97999999998,-26465.89,0.802460882188318,107512.08,SETTLEMENT,26465.89,1.0,0.375,5,2,4,3,17,0.0,0,0,0,0,0,1,7,0,0.197539117811682,0,2568.15,462.26,314099.06,133977.97,177090.68,1,0.5,17,0,0,0
68082.68999999999,69610.40000000001,-68082.68999999999,0.6122738165834894,107512.08,SETTLEMENT,26465.89,1.0,0.375,5,5,5,4,18,0.0,0,0,0,0,0,0,7,0,0.3877261834165106,0,1294.67,233.04,177122.48,175594.77,0.0,1,0.5,18,0,0,0
2651.679999999993,16166.649999999994,-2651.679999999993,0.9882271081968751,222584.4,SETTLEMENT,3980.350000000006,3.0,0.05882352941176472,5,1,4,3,4,0.2,0,1,0,0,0,1,10,0,0.01177289180312494,0,2129.37,383.28,238751.05,225236.08,11002.32,1,0.47058823529411764,2,0,0,1
6632.029999999999,3301.459999999992,6632.029999999999,1.0307106145674623,222584.4,SETTLEMENT,3980.350000000006,3.0,0.05882352941176472,5,2,5,1,7,0.2,0,0,0,1,0,1,8,0,0.030710614567462255,0,2822.52,508.05,219282.94,215952.37,0.0,1,0.5294117647058824,5,0,0,1
130191.80000000002,135107.99000000002,-130191.80000000002,0.6309507274016785,222584.4,SETTLEMENT,3980.350000000006,3.0,0.05882352941176472,5,4,1,2,0,0.2,0,0,1,0,0,1,7,0,0.3690492725983216,1,4166.27,749.92,357692.39,352776.2,0.0,1,0.47058823529411764,2,1,1,1
70501.61000000002,75888.32999999999,-70501.61000000002,0.7594507837477469,222584.4,SETTLEMENT,3980.350000000006,3.0,0.05882352941176472,5,3,2,4,3,0.2,0,0,0,0,0,1,6,0,0.2405492162522531,0,4565.01,821.71,298472.73,293086.01,0.0,1,0.4117647058823529,5,0,1,1
262782.92000000004,302874.9199999999,-262782.92000000004,0.4585895894268283,222584.4,SETTLEMENT,3980.350000000006,3.0,0.05882352941176472,5,5,3,5,3,0.2,0,0,0,0,0,0,10,0,0.5414104105731717,0,2120.87,381.76,525459.32,485367.32,37589.37,1,0.35294117647058826,1,0,1,1
8835.829999999987,171285.26,8835.829999999987,1.0659498722066023,142813.8,SETTLEMENT,6185.060000000027,1.0,0.0,7,1,7,4,17,0.0,0,1,0,0,0,1,7,0,0.06594987220660223,0,2568.15,462.26,314099.06,133977.97,177090.68,1,0.5294117647058824,16,0,0,0
15020.890000000014,16940.97,-15020.890000000014,0.9048315044050201,142813.8,SETTLEMENT,6185.060000000027,1.0,0.0,7,2,6,6,15,0.0,0,0,0,0,0,1,5,0,0.09516849559497988,0,1627.18,292.9,159754.77,157834.69,0.0,1,0.4117647058823529,14,0,0,0
79770.6,83630.20000000001,-79770.6,0.6416163936017079,142813.8,SETTLEMENT,6185.060000000027,1.0,0.0,7,6,1,5,0,0.0,0,0,1,0,0,1,5,0,0.3583836063982921,1,3270.85,588.75,226444.0,222584.4,0.0,1,0.47058823529411764,1,1,1,1
35301.71999999999,4457.809999999998,35301.71999999999,1.3283511955121694,142813.8,SETTLEMENT,6185.060000000027,1.0,0.0,7,4,2,2,1,0.0,0,0,0,0,0,1,5,0,0.3283511955121693,0,2073.66,373.27,147271.61,107512.08,37312.6,1,0.5294117647058824,2,1,1,1
17007.97,18896.590000000026,-17007.97,0.8935816441026776,142813.8,SETTLEMENT,6185.060000000027,1.0,0.0,7,3,3,3,6,0.0,0,0,0,0,0,1,6,0,0.10641835589732239,0,1600.52,288.1,161710.39,159821.77,0.0,1,0.5294117647058824,5,0,0,1
51904.57000000001,176631.15000000002,-51904.57000000001,0.7334377336868627,142813.8,SETTLEMENT,6185.060000000027,1.0,0.0,7,5,4,1,8,0.0,0,0,0,1,0,1,7,0,0.26656226631313734,0,3156.24,568.12,319444.95,194718.37,121002.22,1,0.5294117647058824,9,0,0,0
125568.01999999999,120212.95999999999,125568.01999999999,8.28108673542165,142813.8,SETTLEMENT,6185.060000000027,1.0,0.0,7,7,5,7,9,0.0,0,0,0,0,0,0,5,0,7.281086735421651,0,323.48,58.23,22600.84,17245.78,4973.35,1,0.4117647058823529,8,0,0,0
18580.77999999997,115522.64999999997,-18580.77999999997,0.9653570735928432,517770.56,SETTLEMENT,392.0800000000745,1.0,0.05882352941176472,4,1,2,4,1,0.2,0,1,0,0,0,1,20,0,0.03464292640715687,0,7651.52,1377.28,633293.21,536351.34,87913.07,1,0.4117647058823529,1,1,1,1
18972.860000000044,45751.48000000004,-18972.860000000044,0.9646519001574345,517770.56,SETTLEMENT,392.0800000000745,1.0,0.05882352941176472,4,2,3,3,9,0.2,0,0,0,0,0,1,15,0,0.035348099842565456,0,5923.15,1066.16,563522.04,536743.42,19789.31,1,0.47058823529411764,11,0,0,0
95031.97999999998,8068.76999999996,95031.97999999998,1.224800821349213,517770.56,SETTLEMENT,392.0800000000745,1.0,0.05882352941176472,4,3,1,2,0,0.2,0,0,1,0,0,1,12,0,0.22480082134921298,1,4877.61,877.98,525839.33,422738.58,97345.16,1,0.47058823529411764,2,1,1,1
386126.25,385073.31,386126.25,3.9331024637525163,517770.56,SETTLEMENT,392.0800000000745,1.0,0.05882352941176472,4,4,4,1,12,0.2,0,0,0,1,0,0,6,0,2.9331024637525163,0,892.32,160.62,132697.25,131644.31,0.0,1,0.5294117647058824,14,0,0,0
5675.150000000023,102617.02000000002,-5675.150000000023,0.9894189692897942,530676.19,SETTLEMENT,392.0800000000745,1.0,0.4,6,1,4,1,5,0.0,0,1,0,1,1,1,20,0,0.010581030710205783,0,7651.52,1377.28,633293.21,536351.34,87913.07,1,0.9142857142857143,2,0,0,1
6067.230000000098,32845.85000000009,-6067.230000000098,0.9886962191357649,530676.19,SETTLEMENT,392.0800000000745,1.0,0.4,6,2,5,3,5,0.0,0,0,0,0,0,1,15,0,0.011303780864235089,0,5923.15,1066.16,563522.04,536743.42,19789.31,1,0.5142857142857142,8,0,0,1
12905.629999999946,7698.170000000042,12905.629999999946,1.0249253839383992,530676.19,SETTLEMENT,392.0800000000745,1.0,0.4,6,3,6,5,7,0.0,0,0,0,0,0,1,15,0,0.024925383938399177,0,7821.94,1407.97,538374.36,517770.56,11373.89,1,0.45714285714285713,4,0,0,1
112443.03999999992,102745.42999999993,112443.03999999992,1.2688525287868737,530676.19,SETTLEMENT,392.0800000000745,1.0,0.4,6,5,2,6,1,0.0,0,0,0,0,0,1,12,0,0.2688525287868738,0,4072.51,733.06,427930.76,418233.15,4892.04,1,0.4,2,1,1,1
92231.17999999993,84652.04999999993,92231.17999999993,1.2103597438593268,530676.19,SETTLEMENT,392.0800000000745,1.0,0.4,6,4,3,2,2,0.0,0,0,0,0,0,1,15,0,0.2103597438593267,0,6422.98,1156.15,446024.14,438445.01,0.0,1,0.5142857142857142,5,0,1,1
376829.1,341279.1699999999,376829.1,3.4493742455577157,530676.19,SETTLEMENT,392.0800000000745,1.0,0.4,6,6,1,4,0,0.0,0,0,1,0,0,0,9,0,2.4493742455577157,1,1874.06,337.33,189397.02,153847.09,33338.54,1,0.5142857142857142,3,1,1,1
7381.72000000003,110482.46999999997,-7381.72000000003,0.9825383337380751,415356.86,SETTLEMENT,671.7199999999721,1.0,0.4242424242424243,7,3,2,1,1,0.0,0,0,0,1,1,1,12,0,0.017461666261924875,0,4877.61,877.98,525839.33,422738.58,97345.16,1,0.9696969696969697,1,1,1,1
2876.2900000000373,12573.900000000023,-2876.2900000000373,0.993122759398675,415356.86,SETTLEMENT,671.7199999999721,1.0,0.4242424242424243,7,1,5,7,4,0.0,0,1,0,0,0,1,12,0,0.006877240601324971,0,4072.51,733.06,427930.76,418233.15,4892.04,1,0.48484848484848486,2,0,0,1
3548.0100000000093,95991.25,-3548.0100000000093,0.991530272732327,415356.86,SETTLEMENT,671.7199999999721,1.0,0.4242424242424243,7,2,7,3,18,0.0,0,0,0,0,0,1,12,0,0.008469727267672991,0,6975.43,1255.58,511348.11,418904.87,84212.23,1,0.5454545454545454,16,0,0,0
120994.47999999998,217936.34999999998,-120994.47999999998,0.7744118994836482,415356.86,SETTLEMENT,671.7199999999721,1.0,0.4242424242424243,7,7,1,6,0,0.0,0,0,1,0,0,1,20,0,0.2255881005163518,1,7651.52,1377.28,633293.21,536351.34,87913.07,1,0.48484848484848486,2,1,1,1
102413.70000000001,123017.5,-102413.70000000001,0.8022025431496144,415356.86,SETTLEMENT,671.7199999999721,1.0,0.4242424242424243,7,6,3,5,2,0.0,0,0,0,0,0,1,15,0,0.19779745685038563,0,7821.94,1407.97,538374.36,517770.56,11373.89,1,0.48484848484848486,4,0,1,1
10175.98999999999,33572.92000000004,10175.98999999999,1.0251146852021913,415356.86,SETTLEMENT,671.7199999999721,1.0,0.4242424242424243,7,4,4,2,3,0.0,0,0,0,0,0,1,12,0,0.025114685202191286,0,4299.75,773.95,448929.78,405180.87,38675.21,1,0.5454545454545454,1,0,1,1
93501.82,19300.21000000002,93501.82,1.2905091062112932,415356.86,SETTLEMENT,671.7199999999721,1.0,0.4242424242424243,7,5,6,4,13,0.0,0,0,0,0,0,0,9,0,0.29050910621129317,0,7490.99,1348.38,434657.07,321855.04,103962.66,1,0.5454545454545454,11,0,0,0
1286.0299999999988,12228.940000000002,1286.0299999999988,1.005709698019962,226522.11,SETTLEMENT,2651.679999999993,1.0,0.47058823529411764,6,1,1,1,0,0.0,0,1,1,1,1,1,10,1,0.0057096980199619835,1,2129.37,383.28,238751.05,225236.08,11002.32,1,1.0,0,1,1,1
3937.709999999992,78.10999999998603,3937.709999999992,1.0176908624324077,226522.11,SETTLEMENT,2651.679999999993,1.0,0.47058823529411764,6,2,3,3,3,0.0,0,0,0,0,0,1,5,0,0.017690862432407625,0,3270.85,588.75,226444.0,222584.4,0.0,1,0.5294117647058824,3,0,1,1
4738.200000000012,45305.590000000026,-4738.200000000012,0.9795113999458013,226522.11,SETTLEMENT,2651.679999999993,1.0,0.47058823529411764,6,3,6,2,10,0.0,0,0,0,0,0,1,6,0,0.020488600054198714,0,3357.02,604.26,271827.7,231260.31,36606.11,1,0.5294117647058824,10,0,0,0
196216.47000000003,299317.22,-196216.47000000003,0.53584442186469,226522.11,SETTLEMENT,2651.679999999993,1.0,0.47058823529411764,6,6,2,4,1,0.0,0,0,0,0,0,1,12,0,0.46415557813531005,0,4877.61,877.98,525839.33,422738.58,97345.16,1,0.4117647058823529,1,1,1,1
10569.73999999999,7239.169999999984,10569.73999999999,1.0489447742573976,226522.11,SETTLEMENT,2651.679999999993,1.0,0.47058823529411764,6,4,4,5,3,0.0,0,0,0,0,0,1,8,0,0.04894477425739755,0,2822.52,508.05,219282.94,215952.37,0.0,1,0.35294117647058826,3,0,1,1
114735.51999999999,111889.29999999999,114735.51999999999,2.0263799978154804,226522.11,SETTLEMENT,2651.679999999993,1.0,0.47058823529411764,6,5,5,6,9,0.0,0,0,0,0,0,0,7,0,1.0263799978154804,0,878.17,158.08,114632.81,111786.59,1809.97,1,0.35294117647058826,9,0,0,0
1256.8399999999965,2073.7300000000105,1256.8399999999965,1.0058199870647402,217209.21,SETTLEMENT,4118.350000000006,1.0,0.4571428571428572,6,1,2,1,1,0.0,0,1,0,1,1,1,8,0,0.005819987064740232,0,2822.52,508.05,219282.94,215952.37,0.0,1,0.9714285714285714,2,1,1,1
5375.190000000002,9234.790000000008,-5375.190000000002,0.9758510030352532,217209.21,SETTLEMENT,4118.350000000006,1.0,0.4571428571428572,6,2,6,2,7,0.0,0,0,0,0,0,1,5,0,0.024148996964746868,0,3270.85,588.75,226444.0,222584.4,0.0,1,0.5142857142857142,8,0,0,1
8026.869999999995,21541.839999999997,-8026.869999999995,0.9643624147605482,217209.21,SETTLEMENT,4118.350000000006,1.0,0.4571428571428572,6,3,4,6,4,0.0,0,0,0,0,0,1,10,0,0.03563758523945185,0,2129.37,383.28,238751.05,225236.08,11002.32,1,0.34285714285714286,5,0,0,1
201023.94000000003,210721.55000000002,-201023.94000000003,0.5193495781001577,217209.21,SETTLEMENT,4118.350000000006,1.0,0.4571428571428572,6,6,1,4,0,0.0,0,0,1,0,0,1,12,0,0.48065042189984225,1,4072.51,733.06,427930.76,418233.15,4892.04,1,0.45714285714285713,1,1,1,1
57387.44,55498.81999999998,57387.44,1.3590714831903064,217209.21,SETTLEMENT,4118.350000000006,1.0,0.4571428571428572,6,4,3,3,1,0.0,0,0,0,0,0,1,6,0,0.35907148319030635,0,1600.52,288.1,161710.39,159821.77,0.0,1,0.5142857142857142,2,1,1,1
82945.37,68647.97999999998,82945.37,1.6177789194767556,217209.21,SETTLEMENT,4118.350000000006,1.0,0.4571428571428572,6,5,5,5,5,0.0,0,0,0,0,0,0,20,0,0.6177789194767556,0,1278.64,230.15,148561.23,134263.84,12788.6,1,0.45714285714285713,4,0,0,1
0.0,43748.91000000003,0.0,1.0,405180.87,SETTLEMENT,9491.909999999974,1.0,0.4117647058823529,5,1,1,1,0,0.0,1,1,1,1,1,1,12,0,0.0,1,4299.75,773.95,448929.78,405180.87,38675.21,1,0.9411764705882353,1,1,1,1
9491.909999999974,64656.96000000002,9491.909999999974,1.0239883114252164,405180.87,SETTLEMENT,9491.909999999974,1.0,0.4117647058823529,5,2,5,2,10,0.0,0,0,0,0,0,1,12,0,0.023988311425216347,0,3552.23,639.4,469837.83,395688.96,69957.24,1,0.5294117647058824,11,0,0,0
13052.280000000028,22749.890000000014,-13052.280000000028,0.9687918568865236,405180.87,SETTLEMENT,9491.909999999974,1.0,0.4117647058823529,5,3,2,5,1,0.0,0,0,0,0,0,1,12,0,0.031208143113476364,0,4072.51,733.06,427930.76,418233.15,4892.04,1,0.4117647058823529,0,1,1,1
17557.71000000002,120658.45999999996,-17557.71000000002,0.9584667432056946,405180.87,SETTLEMENT,9491.909999999974,1.0,0.4117647058823529,5,4,4,3,2,0.0,0,0,0,0,0,1,12,0,0.04153325679430541,0,4877.61,877.98,525839.33,422738.58,97345.16,1,0.5294117647058824,3,0,1,1
379012.5,373319.44,379012.5,15.483611321606963,405180.87,SETTLEMENT,9491.909999999974,1.0,0.4117647058823529,5,5,3,4,1,0.0,0,0,0,0,0,0,5,0,14.483611321606963,0,258.42,46.52,31861.43,26168.37,5388.12,1,0.5294117647058824,0,1,1,1
4169.1600000000035,2280.539999999979,4169.1600000000035,1.026086308517294,163990.93,SETTLEMENT,1987.0799999999872,0.0,0.4117647058823529,6,1,2,1,0,0.0,0,1,0,1,1,1,6,1,0.026086308517294005,1,1600.52,288.1,161710.39,159821.77,0.0,1,1.0,1,1,1,1
6156.239999999991,4236.1600000000035,6156.239999999991,1.039004353225517,163990.93,SETTLEMENT,1987.0799999999872,0.0,0.4117647058823529,6,2,6,5,9,0.0,0,0,0,0,0,1,5,0,0.0390043532255171,0,1627.18,292.9,159754.77,157834.69,0.0,1,0.5294117647058824,8,0,0,0
21177.130000000005,3834.3800000000047,21177.130000000005,1.1482848996385504,163990.93,SETTLEMENT,1987.0799999999872,0.0,0.4117647058823529,6,3,5,3,6,0.0,0,0,0,0,0,1,5,0,0.14828489963855038,0,1680.94,302.57,160156.55,142813.8,15359.24,1,0.5294117647058824,7,0,0,1
51961.44,55292.01000000001,-51961.44,0.7593847198805922,163990.93,SETTLEMENT,1987.0799999999872,0.0,0.4117647058823529,6,4,1,4,0,0.0,0,0,1,0,0,1,8,0,0.24061528011940783,1,2822.52,508.05,219282.94,215952.37,0.0,1,0.5294117647058824,1,1,1,1
61245.149999999994,74760.12,-61245.149999999994,0.7280846390152057,163990.93,SETTLEMENT,1987.0799999999872,0.0,0.4117647058823529,6,5,3,2,3,0.0,0,0,0,0,0,1,10,0,0.27191536098479424,0,2129.37,383.28,238751.05,225236.08,11002.32,1,0.5882352941176471,4,0,1,1
581865.4199999999,641317.4199999999,-581865.4199999999,0.21986932202159304,163990.93,SETTLEMENT,1987.0799999999872,0.0,0.4117647058823529,6,6,4,6,4,0.0,0,0,0,0,0,0,8,0,0.7801306779784069,0,8696.5,1565.37,805308.35,745856.35,49190.13,1,0.47058823529411764,3,0,0,1
8478.340000000026,18175.95000000001,-8478.340000000026,0.979728197059463,409754.81,SETTLEMENT,3904.4000000000233,1.0,0.36363636363636365,5,2,1,1,1,0.0,0,0,1,1,1,1,12,0,0.020271802940536935,0,4072.51,733.06,427930.76,418233.15,4892.04,1,0.9090909090909091,1,1,1,1
4573.940000000002,39174.97000000003,4573.940000000002,1.0112886375904173,409754.81,SETTLEMENT,3904.4000000000233,1.0,0.36363636363636365,5,1,2,3,2,0.0,0,1,0,0,0,1,12,0,0.011288637590417342,0,4299.75,773.95,448929.78,405180.87,38675.21,1,0.48484848484848486,2,0,1,1
9150.059999999998,101593.29999999999,-9150.059999999998,0.9781571887669867,409754.81,SETTLEMENT,3904.4000000000233,1.0,0.36363636363636365,5,3,5,4,13,0.0,0,0,0,0,0,1,12,0,0.021842811233013352,0,6975.43,1255.58,511348.11,418904.87,84212.23,1,0.42424242424242425,13,0,0,0
28690.20000000001,36269.330000000016,-28690.20000000001,0.9345637438090583,409754.81,SETTLEMENT,3904.4000000000233,1.0,0.36363636363636365,5,4,3,2,2,0.0,0,0,0,0,0,1,15,0,0.06543625619094173,0,6422.98,1156.15,446024.14,438445.01,0.0,1,0.5454545454545454,2,0,1,1
380424.28,369142.56,380424.28,13.97024908857767,409754.81,SETTLEMENT,3904.4000000000233,1.0,0.36363636363636365,5,5,4,5,12,0.0,0,0,0,0,0,0,11,0,12.97024908857767,0,442.78,79.7,40612.25,29330.53,10759.24,1,0.42424242424242425,12,0,0,0
0.0,7579.130000000005,0.0,1.0,438445.01,SETTLEMENT,15706.429999999993,0.0,0.4571428571428572,7,1,1,1,0,0.2,1,1,1,1,1,1,15,0,0.0,1,6422.98,1156.15,446024.14,438445.01,0.0,1,0.9714285714285714,1,1,1,1
15706.429999999993,87394.31999999995,15706.429999999993,1.0371540018893,438445.01,SETTLEMENT,15706.429999999993,0.0,0.4571428571428572,7,2,5,5,6,0.2,0,0,0,0,0,1,12,0,0.03715400188929999,0,4877.61,877.98,525839.33,422738.58,97345.16,1,0.45714285714285713,7,0,0,1
19540.140000000014,72903.09999999998,19540.140000000014,1.0466457694798343,438445.01,SETTLEMENT,15706.429999999993,0.0,0.4571428571428572,7,3,6,7,11,0.2,0,0,0,0,0,1,12,0,0.04664576947983444,0,6975.43,1255.58,511348.11,418904.87,84212.23,1,0.4,10,0,0,0
88352.43,44086.66000000003,88352.43,1.2523687591436528,438445.01,SETTLEMENT,15706.429999999993,0.0,0.4571428571428572,7,6,2,6,0,0.2,0,0,0,0,0,1,8,0,0.25236875914365275,1,6088.71,1095.98,394358.35,350092.58,37081.08,1,0.45714285714285713,1,1,1,1
60908.75,25877.359999999986,60908.75,1.1613321856819792,438445.01,SETTLEMENT,15706.429999999993,0.0,0.4571428571428572,7,5,3,3,2,0.2,0,0,0,0,0,1,15,0,0.16133218568197927,0,4183.03,752.94,412567.65,377536.26,30095.42,1,0.5142857142857142,1,0,1,1
20211.859999999986,10514.25,20211.859999999986,1.0483267765838264,438445.01,SETTLEMENT,15706.429999999993,0.0,0.4571428571428572,7,4,4,2,3,0.2,0,0,0,0,0,1,12,0,0.048326776583826475,0,4072.51,733.06,427930.76,418233.15,4892.04,1,0.5142857142857142,4,0,1,1
427719.03,426403.10000000003,427719.03,40.87691847271765,438445.01,SETTLEMENT,15706.429999999993,0.0,0.4571428571428572,7,7,7,4,15,0.2,0,0,0,0,0,0,6,0,39.87691847271765,0,92.74,16.7,12041.91,10725.98,1206.49,1,0.5142857142857142,16,0,0,0
85546.19999999995,58767.57999999996,85546.19999999995,1.1593800628240585,622289.62,SETTLEMENT,392.0800000000745,3.0,0.05882352941176472,4,1,1,1,2,0.0,0,1,1,1,0,1,15,0,0.15938006282405837,0,5923.15,1066.16,563522.04,536743.42,19789.31,1,0.5882352941176471,2,0,1,1
183844.61,176265.47999999998,183844.61,1.4193105310971608,622289.62,SETTLEMENT,392.0800000000745,3.0,0.05882352941176472,4,3,2,2,5,0.0,0,0,0,0,0,1,15,0,0.4193105310971608,0,6422.98,1156.15,446024.14,438445.01,0.0,1,0.5294117647058824,5,0,0,1
85938.28000000003,11003.589999999967,85938.28000000003,1.1602275851496895,622289.62,SETTLEMENT,392.0800000000745,3.0,0.05882352941176472,4,2,3,3,12,0.0,0,0,0,0,0,1,20,0,0.16022758514968943,0,7651.52,1377.28,633293.21,536351.34,87913.07,1,0.4117647058823529,12,0,0,0
590841.95,588408.22,590841.95,19.788099404502784,622289.62,SETTLEMENT,392.0800000000745,3.0,0.05882352941176472,4,4,4,4,14,0.0,0,0,0,0,0,0,9,0,18.78809940450278,0,330.88,59.56,33881.4,31447.67,2043.29,1,0.35294117647058826,14,0,0,0
0.0,33280.97999999998,0.0,1.0,290857.83,SETTLEMENT,2228.179999999993,0.0,0.4242424242424243,7,1,3,1,3,0.0,1,1,0,1,1,1,8,0,0.0,0,4074.43,733.39,324138.81,290857.83,28473.16,1,0.9696969696969697,0,0,1,1
2228.179999999993,7614.899999999965,-2228.179999999993,0.992397521805971,290857.83,SETTLEMENT,2228.179999999993,0.0,0.4242424242424243,7,2,6,2,23,0.0,0,0,0,0,0,1,6,0,0.007602478194029094,0,4565.01,821.71,298472.73,293086.01,0.0,1,0.5454545454545454,20,0,0,0
2630.6500000000233,2.330000000016298,2630.6500000000233,1.0091270018323741,290857.83,SETTLEMENT,2228.179999999993,0.0,0.4242424242424243,7,3,7,4,24,0.0,0,0,0,0,0,1,7,0,0.009127001832374113,0,2227.39,400.93,290855.5,288227.18,0.0,1,0.48484848484848486,21,0,0,0
48469.22999999998,84830.27999999997,-48469.22999999998,0.8571607286492271,290857.83,SETTLEMENT,2228.179999999993,0.0,0.4242424242424243,7,5,1,7,1,0.0,0,0,1,0,0,1,7,0,0.14283927135077285,0,4984.67,897.24,375688.11,339327.06,30479.14,1,0.30303030303030304,4,1,1,1
86584.27000000002,26674.29999999999,86584.27000000002,1.4238643023600315,290857.83,SETTLEMENT,2228.179999999993,0.0,0.4242424242424243,7,6,2,6,1,0.0,0,0,0,0,0,1,6,0,0.4238643023600314,0,977.87,176.01,264183.53,204273.56,58756.09,1,0.42424242424242425,2,1,1,1
19450.059999999998,789.9099999999744,19450.059999999998,1.071663607862074,290857.83,SETTLEMENT,2228.179999999993,0.0,0.4242424242424243,7,4,4,3,3,0.0,0,0,0,0,0,1,8,0,0.0716636078620741,0,2934.81,528.27,291647.74,271407.77,16776.89,1,0.5454545454545454,6,0,1,1
108772.87,227771.88999999996,-108772.87,0.7278165316128116,290857.83,SETTLEMENT,2228.179999999993,0.0,0.4242424242424243,7,7,5,5,21,0.0,0,0,0,0,0,0,8,0,0.27218346838718843,0,5508.98,991.61,518629.72,399630.7,112498.43,1,0.48484848484848486,18,0,0,0
8106.290000000008,6428.9800000000105,8106.290000000008,1.0413233563376807,204273.56,SETTLEMENT,1448.8999999999942,0.0,0.05882352941176472,5,1,3,5,4,0.2,0,1,0,0,0,1,4,0,0.04132335633768064,0,1421.45,255.86,197844.58,196167.27,0.0,1,0.4117647058823529,3,0,0,1
9555.190000000002,115171.39000000001,9555.190000000002,1.0490718466881168,204273.56,SETTLEMENT,1448.8999999999942,0.0,0.05882352941176472,5,2,5,2,26,0.2,0,0,0,0,0,1,7,0,0.0490718466881168,0,3156.24,568.12,319444.95,194718.37,121002.22,1,0.5294117647058824,27,0,0,0
86584.27000000002,119865.25,-86584.27000000002,0.7023141168315805,204273.56,SETTLEMENT,1448.8999999999942,0.0,0.05882352941176472,5,4,1,4,2,0.2,0,0,1,0,0,1,8,0,0.2976858831684195,0,4074.43,733.39,324138.81,290857.83,28473.16,1,0.4117647058823529,3,0,1,1
135053.5,171414.55,-135053.5,0.601996080123996,204273.56,SETTLEMENT,1448.8999999999942,0.0,0.05882352941176472,5,5,2,1,2,0.2,0,0,0,1,0,1,7,0,0.398003919876004,0,4984.67,897.24,375688.11,339327.06,30479.14,1,0.5882352941176471,1,0,1,1
50426.47,14876.540000000008,50426.47,1.3277700605191818,204273.56,SETTLEMENT,1448.8999999999942,0.0,0.05882352941176472,5,3,4,3,10,0.2,0,0,0,0,0,0,9,0,0.3277700605191818,0,1874.06,337.33,189397.02,153847.09,33338.54,1,0.5294117647058824,11,0,0,0
3215.1600000000035,4892.470000000001,-3215.1600000000035,0.9836101098822448,192952.11,SETTLEMENT,1448.8999999999942,0.0,0.4571428571428572,6,2,2,1,0,0.4,0,0,0,1,1,1,4,0,0.016389890117755136,1,1421.45,255.86,197844.58,196167.27,0.0,1,0.9714285714285714,0,1,1,1
1766.2600000000093,126492.84000000003,-1766.2600000000093,0.9909291557853529,192952.11,SETTLEMENT,1448.8999999999942,0.0,0.4571428571428572,6,1,6,2,30,0.16666666666666666,0,1,0,0,0,1,7,0,0.00907084421464708,0,3156.24,568.12,319444.95,194718.37,121002.22,1,0.5142857142857142,30,0,0,0
11321.450000000012,71231.42000000004,-11321.450000000012,0.9445770172116253,192952.11,SETTLEMENT,1448.8999999999942,0.0,0.4571428571428572,6,3,4,5,4,0.16666666666666666,0,0,0,0,0,1,6,0,0.055422982788374625,0,977.87,176.01,264183.53,204273.56,58756.09,1,0.4,4,0,0,1
78455.66000000003,98695.63,-78455.66000000003,0.7109306782189765,192952.11,SETTLEMENT,1448.8999999999942,0.0,0.4571428571428572,6,4,1,6,0,0.16666666666666666,0,0,1,0,0,1,8,0,0.2890693217810235,1,2934.81,528.27,291647.74,271407.77,16776.89,1,0.4,0,1,1,1
146374.95,182736.0,-146374.95,0.5686316617366147,192952.11,SETTLEMENT,1448.8999999999942,0.0,0.4571428571428572,6,6,3,4,2,0.16666666666666666,0,0,0,0,0,1,7,0,0.4313683382633852,0,4984.67,897.24,375688.11,339327.06,30479.14,1,0.4,2,0,1,1
135771.77,135018.40999999997,135771.77,3.3744484555355916,192952.11,SETTLEMENT,1448.8999999999942,0.0,0.4571428571428572,6,5,5,3,6,0.16666666666666666,0,0,0,0,0,0,8,0,2.3744484555355916,0,374.44,67.4,57933.7,57180.34,311.52,1,0.45714285714285713,6,0,0,1
791.8899999999994,3638.1100000000006,-791.8899999999994,0.9929160554946707,110994.7,SETTLEMENT,1734.5299999999988,0.0,0.5294117647058824,7,1,5,1,4,0.2,0,1,0,1,1,1,7,1,0.007083944505329302,0,878.17,158.08,114632.81,111786.59,1809.97,1,1.0,2,0,0,1
2526.4199999999983,22772.62999999999,2526.4199999999983,1.023291786317622,110994.7,SETTLEMENT,1734.5299999999988,0.0,0.5294117647058824,7,2,3,2,2,0.2,0,0,0,0,0,1,7,0,0.02329178631762206,0,1888.41,339.91,133767.33,108468.28,23070.73,1,0.47058823529411764,4,0,1,1
3069.020000000004,28261.770000000004,3069.020000000004,1.0284364203218364,110994.7,SETTLEMENT,1734.5299999999988,0.0,0.5294117647058824,7,3,7,3,20,0.2,0,0,0,0,0,1,11,0,0.028436420321836325,0,1081.98,194.77,139256.47,107925.68,30054.04,1,0.47058823529411764,22,0,0,0
30320.190000000002,17252.12999999999,30320.190000000002,1.3758335811398172,110994.7,SETTLEMENT,1734.5299999999988,0.0,0.5294117647058824,7,6,2,6,0,0.2,0,0,0,0,0,1,7,0,0.37583358113981735,1,246.53,44.37,93742.57,80674.51,12777.16,1,0.4117647058823529,2,1,1,1
36058.20999999999,34647.509999999995,36058.20999999999,1.4811835996054792,110994.7,SETTLEMENT,1734.5299999999988,0.0,0.5294117647058824,7,7,1,5,0,0.2,0,0,1,0,0,1,8,0,0.48118359960547913,1,1195.51,215.19,76347.19,74936.49,0.0,1,0.4117647058823529,2,1,1,1
16534.39,20548.86,-16534.39,0.8703480907767789,110994.7,SETTLEMENT,1734.5299999999988,0.0,0.5294117647058824,7,5,4,7,3,0.2,0,0,0,0,0,1,7,0,0.12965190922322115,0,1467.09,264.08,131543.56,127529.09,2283.3,1,0.4117647058823529,5,0,1,1
16499.520000000004,2730.459999999992,16499.520000000004,1.1746070011189989,110994.7,SETTLEMENT,1734.5299999999988,0.0,0.5294117647058824,7,4,6,4,7,0.2,0,0,0,0,0,0,15,0,0.17460700111899893,0,772.96,139.13,108264.24,94495.18,12856.97,1,0.47058823529411764,9,0,0,1
1195.0899999999965,35424.30000000002,-1195.0899999999965,0.9916138019267435,141311.68,SETTLEMENT,8472.279999999999,1.0,0.47058823529411764,7,1,4,1,4,0.14285714285714285,0,1,0,1,1,1,6,1,0.008386198073256426,0,1927.81,347.0,176735.98,142506.77,31954.4,1,1.0,2,0,0,1
9667.369999999995,8614.429999999993,9667.369999999995,1.073435532458638,141311.68,SETTLEMENT,8472.279999999999,1.0,0.47058823529411764,7,2,7,4,18,0.0,0,0,0,0,0,1,6,0,0.07343553245863794,0,892.32,160.62,132697.25,131644.31,0.0,1,0.47058823529411764,20,0,0,0
12535.410000000003,48085.34,-12535.410000000003,0.918520330803787,141311.68,SETTLEMENT,8472.279999999999,1.0,0.47058823529411764,7,3,5,7,10,0.0,0,0,0,0,0,1,9,0,0.08147966919621297,0,1874.06,337.33,189397.02,153847.09,33338.54,1,0.4117647058823529,12,0,0,0
77445.63,80228.32,-77445.63,0.6459746648009157,141311.68,SETTLEMENT,8472.279999999999,1.0,0.47058823529411764,7,6,1,2,0,0.0,0,0,1,0,0,1,9,0,0.35402533519908436,1,2358.21,424.48,221540.0,218757.31,0.0,1,0.5294117647058824,2,1,1,1
45281.75,48134.19,-45281.75,0.7573239850942233,141311.68,SETTLEMENT,8472.279999999999,1.0,0.47058823529411764,7,5,2,6,1,0.0,0,0,0,0,0,1,7,0,0.2426760149057767,0,2417.32,435.12,189445.87,186593.43,0.0,1,0.4117647058823529,3,1,1,1
13782.589999999997,9768.119999999995,13782.589999999997,1.1080740872533474,141311.68,SETTLEMENT,8472.279999999999,1.0,0.47058823529411764,7,4,3,3,3,0.0,0,0,0,0,0,1,7,0,0.10807408725334743,0,1467.09,264.08,131543.56,127529.09,2283.3,1,0.5294117647058824,5,0,1,1
111279.0,106813.01999999999,111279.0,4.705263732707171,141311.68,SETTLEMENT,8472.279999999999,1.0,0.47058823529411764,7,7,6,5,17,0.0,0,0,0,0,0,0,12,0,3.705263732707171,0,364.44,65.6,34498.66,30032.68,4035.94,1,0.47058823529411764,19,0,0,0
6896.68,5942.8399999999965,6896.68,1.1446663123083036,54569.7,SETTLEMENT,13470.110000000008,0.0,0.0,4,1,3,3,14,0.0,0,1,0,0,0,1,5,0,0.14466631230830354,0,808.34,145.5,48626.86,47673.02,0.0,1,0.4117647058823529,16,0,0,0
20366.790000000008,21777.490000000005,-20366.790000000008,0.72821265047242,54569.7,SETTLEMENT,13470.110000000008,0.0,0.0,4,2,1,1,2,0.0,0,0,1,1,0,1,8,0,0.27178734952758005,0,1195.51,215.19,76347.19,74936.49,0.0,1,0.47058823529411764,4,0,1,1
26104.809999999998,39172.87000000001,-26104.809999999998,0.6764181152138389,54569.7,SETTLEMENT,13470.110000000008,0.0,0.0,4,3,2,2,2,0.0,0,0,0,0,0,1,7,0,0.32358188478616107,0,246.53,44.37,93742.57,80674.51,12777.16,1,0.47058823529411764,4,0,1,1
284757.36,321118.41,-284757.36,0.16081741314706818,54569.7,SETTLEMENT,13470.110000000008,0.0,0.0,4,4,4,4,24,0.0,0,0,0,0,0,0,7,0,0.8391825868529318,0,4984.67,897.24,375688.11,339327.06,30479.14,1,0.29411764705882354,26,0,0,0
2282.0199999999895,86199.70999999996,-2282.0199999999895,0.9895300266523178,215676.51,SETTLEMENT,37.04000000000815,1.0,0.05882352941176472,5,1,4,4,9,0.0,0,1,0,0,0,1,11,0,0.010469973347682193,0,3698.59,665.74,301876.22,217958.53,79553.36,1,0.4117647058823529,9,0,0,0
2319.0599999999977,18353.139999999985,-2319.0599999999977,0.9893618939137158,215676.51,SETTLEMENT,37.04000000000815,1.0,0.05882352941176472,5,2,5,2,20,0.0,0,0,0,0,0,1,12,0,0.010638106086284219,0,700.2,126.04,234029.65,217995.57,15207.84,1,0.5294117647058824,20,0,0,0
8368.430000000022,67603.62,8368.430000000022,1.0403671193134394,215676.51,SETTLEMENT,37.04000000000815,1.0,0.05882352941176472,5,3,1,3,0,0.0,0,0,1,0,0,1,15,0,0.040367119313439316,1,3552.18,639.41,283280.13,207308.08,71780.46,1,0.47058823529411764,0,1,1,1
23310.28999999998,41249.48999999999,-23310.28999999998,0.902462018822797,215676.51,SETTLEMENT,37.04000000000815,1.0,0.05882352941176472,5,4,2,1,1,0.0,0,0,0,1,0,1,12,0,0.09753798117720301,0,800.71,144.13,256926.0,238986.8,16994.36,1,0.5882352941176471,1,1,1,1
145187.2,144368.95,145187.2,3.0597052233877733,215676.51,SETTLEMENT,37.04000000000815,1.0,0.05882352941176472,5,5,3,5,3,0.0,0,0,0,0,0,0,15,0,2.0597052233877733,0,693.44,124.81,71307.56,70489.31,0.0,1,0.4117647058823529,3,0,1,1
4391.690000000002,22330.890000000014,-4391.690000000002,0.9816237131088411,234595.11,SETTLEMENT,8773.51000000001,0.0,0.4,7,1,1,1,1,0.0,0,1,1,1,1,1,12,0,0.018376286891158854,0,800.71,144.13,256926.0,238986.8,16994.36,1,0.9714285714285714,2,1,1,1
13165.200000000012,15978.310000000027,-13165.200000000012,0.9468631598015033,234595.11,SETTLEMENT,8773.51000000001,0.0,0.4,7,2,6,6,24,0.0,0,0,0,0,0,1,11,0,0.05313684019849673,0,2383.99,429.12,250573.42,247760.31,0.0,1,0.45714285714285713,23,0,0,0
13723.319999999978,4023.75,13723.319999999978,1.0621325158817247,234595.11,SETTLEMENT,8773.51000000001,0.0,0.4,7,3,5,3,10,0.0,0,0,0,0,0,1,15,0,0.06213251588172477,0,1379.92,248.39,230571.36,220871.79,8071.26,1,0.5714285714285714,9,0,0,0
68110.87999999998,43034.26999999999,68110.87999999998,1.4091131033852273,234595.11,SETTLEMENT,8773.51000000001,0.0,0.4,7,6,2,2,1,0.0,0,0,0,0,0,1,12,0,0.4091131033852274,0,1203.86,216.7,191560.84,166484.23,23656.05,1,0.5714285714285714,2,1,1,1
15837.799999999988,13055.109999999986,15837.799999999988,1.0723989520624475,234595.11,SETTLEMENT,8773.51000000001,0.0,0.4,7,4,4,5,2,0.0,0,0,0,0,0,1,9,0,0.07239895206244759,0,2358.21,424.48,221540.0,218757.31,0.0,1,0.5142857142857142,1,0,1,1
18918.599999999977,16048.139999999985,18918.599999999977,1.087717480220725,234595.11,SETTLEMENT,8773.51000000001,0.0,0.4,7,5,3,4,2,0.0,0,0,0,0,0,1,10,0,0.0877174802207249,0,2432.59,437.87,218546.97,215676.51,0.0,1,0.5142857142857142,3,0,1,1
221472.03,218545.15999999997,221472.03,17.876528223557273,234595.11,SETTLEMENT,8773.51000000001,0.0,0.4,7,7,7,7,25,0.0,0,0,0,0,0,0,7,0,16.876528223557276,0,210.34,37.85,16049.95,13123.08,2678.68,1,0.45714285714285713,24,0,0,0
1529.5099999999802,23547.100000000006,1529.5099999999802,1.009187116401355,168013.74,SETTLEMENT,472.64000000001397,1.0,0.4117647058823529,6,3,3,1,3,0.0,0,0,0,1,1,1,12,0,0.009187116401355132,0,1203.86,216.7,191560.84,166484.23,23656.05,1,0.9411764705882353,1,0,1,1
536.0199999999895,1510.320000000007,536.0199999999895,1.0032005451232557,168013.74,SETTLEMENT,472.64000000001397,1.0,0.4117647058823529,6,1,6,5,15,0.0,0,1,0,0,0,1,11,0,0.0032005451232557354,0,1734.18,312.16,169524.06,167477.72,0.0,1,0.47058823529411764,11,0,0,0
1008.6600000000035,560.5200000000186,1008.6600000000035,1.0060396965170162,168013.74,SETTLEMENT,472.64000000001397,1.0,0.4117647058823529,6,2,5,4,14,0.0,0,0,0,0,0,1,9,0,0.00603969651701615,0,1329.81,239.37,168574.26,167005.08,0.0,1,0.47058823529411764,10,0,0,0
20649.550000000017,36043.369999999995,-20649.550000000017,0.8905481294214682,168013.74,SETTLEMENT,472.64000000001397,1.0,0.4117647058823529,6,4,1,2,1,0.0,0,0,1,0,0,1,10,0,0.10945187057853183,0,3113.62,560.44,204057.11,188663.29,11719.76,1,0.5294117647058824,5,1,1,1
25506.97,8722.24000000002,25506.97,1.1789877772122686,168013.74,SETTLEMENT,472.64000000001397,1.0,0.4117647058823529,6,5,2,3,2,0.0,0,0,0,0,0,1,6,0,0.1789877772122686,0,1927.81,347.0,176735.98,142506.77,31954.4,1,0.47058823529411764,2,0,1,1
108240.84,104809.22,108240.84,2.81086813589436,168013.74,SETTLEMENT,472.64000000001397,1.0,0.4117647058823529,6,6,4,6,3,0.0,0,0,0,0,0,0,12,0,1.8108681358943601,0,402.16,72.38,63204.52,59772.9,2957.08,1,0.47058823529411764,1,0,1,1
3664.7999999999884,882.109999999986,3664.7999999999884,1.0167528115974729,222422.11,SETTLEMENT,2114.4800000000105,1.0,0.36363636363636365,7,2,1,1,0,0.0,0,0,1,1,1,1,9,0,0.016752811597472963,1,2358.21,424.48,221540.0,218757.31,0.0,1,0.9090909090909091,1,1,1,1
1550.3199999999779,8149.25,1550.3199999999779,1.007019094652151,222422.11,SETTLEMENT,2114.4800000000105,1.0,0.36363636363636365,7,1,5,5,8,0.0,0,1,0,0,0,1,15,0,0.007019094652150815,0,1379.92,248.39,230571.36,220871.79,8071.26,1,0.48484848484848486,7,0,0,0
4426.539999999979,11607.540000000008,4426.539999999979,1.020305641990798,222422.11,SETTLEMENT,2114.4800000000105,1.0,0.36363636363636365,7,3,6,6,16,0.0,0,0,0,0,0,1,12,0,0.020305641990798158,0,700.2,126.04,234029.65,217995.57,15207.84,1,0.42424242424242425,15,0,0,0
35828.67999999999,32976.23999999999,35828.67999999999,1.1920146920499826,222422.11,SETTLEMENT,2114.4800000000105,1.0,0.36363636363636365,7,5,2,2,1,0.0,0,0,0,0,0,1,7,0,0.19201469204998264,0,2417.32,435.12,189445.87,186593.43,0.0,1,0.5454545454545454,0,1,1,1
171190.19,197507.92000000004,-171190.19,0.5650791654630711,222422.11,SETTLEMENT,2114.4800000000105,1.0,0.36363636363636365,7,7,3,3,2,0.0,0,0,0,0,0,1,20,0,0.43492083453692887,0,2613.46,470.42,419930.03,393612.3,23233.85,1,0.5454545454545454,1,0,1,1
16564.690000000002,34503.890000000014,-16564.690000000002,0.9306878455211752,222422.11,SETTLEMENT,2114.4800000000105,1.0,0.36363636363636365,7,4,4,4,3,0.0,0,0,0,0,0,1,12,0,0.06931215447882479,0,800.71,144.13,256926.0,238986.8,16994.36,1,0.48484848484848486,4,0,1,1
152975.52,140421.19,152975.52,3.202779430926702,222422.11,SETTLEMENT,2114.4800000000105,1.0,0.36363636363636365,7,6,7,7,17,0.0,0,0,0,0,0,0,11,0,2.202779430926702,0,583.41,105.01,82000.92,69446.59,11865.91,1,0.36363636363636365,16,0,0,0
0.0,2852.4400000000023,0.0,1.0,186593.43,SETTLEMENT,2069.860000000015,0.0,0.4242424242424243,7,1,1,1,1,0.0,1,1,1,1,1,1,7,0,0.0,0,2417.32,435.12,189445.87,186593.43,0.0,1,0.9696969696969697,1,1,1,1
2069.860000000015,17463.679999999993,-2069.860000000015,0.9890288142436188,186593.43,SETTLEMENT,2069.860000000015,0.0,0.4242424242424243,7,2,6,3,9,0.0,0,0,0,0,0,1,10,0,0.010971185756381197,0,3113.62,560.44,204057.11,188663.29,11719.76,1,0.48484848484848486,9,0,0,0
2544.5599999999977,938.9700000000012,2544.5599999999977,1.0138254584230808,186593.43,SETTLEMENT,2069.860000000015,0.0,0.4242424242424243,7,3,7,2,13,0.0,0,0,0,0,0,1,11,0,0.01382545842308077,0,2952.14,531.39,187532.4,184048.87,0.0,1,0.5454545454545454,13,0,0,0
59064.34,55049.869999999995,59064.34,1.4631440559953812,186593.43,SETTLEMENT,2069.860000000015,0.0,0.4242424242424243,7,6,2,5,1,0.0,0,0,0,0,0,1,7,0,0.4631440559953811,0,1467.09,264.08,131543.56,127529.09,2283.3,1,0.48484848484848486,1,1,1,1
32163.880000000005,34946.57000000001,-32163.880000000005,0.8529700333214008,186593.43,SETTLEMENT,2069.860000000015,0.0,0.4242424242424243,7,5,3,4,2,0.0,0,0,0,0,0,1,9,0,0.14702996667859924,0,2358.21,424.48,221540.0,218757.31,0.0,1,0.48484848484848486,2,0,1,1
30977.139999999985,28736.690000000002,30977.139999999985,1.1990610366048438,186593.43,SETTLEMENT,2069.860000000015,0.0,0.4242424242424243,7,4,4,7,2,0.0,0,0,0,0,0,1,10,0,0.19906103660484376,0,1898.68,341.77,157856.74,155616.29,0.0,1,0.36363636363636365,2,0,1,1
146569.66999999998,146033.58,146569.66999999998,4.662066482509389,186593.43,SETTLEMENT,2069.860000000015,0.0,0.4242424242424243,7,7,5,6,2,0.0,0,0,0,0,0,0,10,0,3.6620664825093887,0,454.31,81.78,40559.85,40023.76,0.0,1,0.42424242424242425,2,0,1,1
608.0600000000122,12460.0,608.0600000000122,1.007537201031652,81282.57,SETTLEMENT,5179.939999999988,0.0,0.4117647058823529,5,1,2,1,0,0.2,0,1,0,1,1,1,7,0,0.007537201031651909,1,246.53,44.37,93742.57,80674.51,12777.16,1,0.9411764705882353,0,1,1,1
5788.0,13999.839999999997,-5788.0,0.9335251853754949,81282.57,SETTLEMENT,5179.939999999988,0.0,0.4117647058823529,5,2,4,5,5,0.2,0,0,0,0,0,1,6,0,0.06647481462450515,0,801.97,144.35,95282.41,87070.57,7265.52,1,0.29411764705882354,5,0,0,1
6346.080000000002,4935.380000000005,6346.080000000002,1.0846861121998108,81282.57,SETTLEMENT,5179.939999999988,0.0,0.4117647058823529,5,3,1,4,0,0.2,0,0,1,0,0,1,8,0,0.08468611219981081,1,1195.51,215.19,76347.19,74936.49,0.0,1,0.4117647058823529,0,1,1,1
27185.709999999992,52484.75999999998,-27185.709999999992,0.7493671882692342,81282.57,SETTLEMENT,5179.939999999988,0.0,0.4117647058823529,5,4,3,3,2,0.2,0,0,0,0,0,1,7,0,0.25063281173076585,0,1888.41,339.91,133767.33,108468.28,23070.73,1,0.47058823529411764,2,0,1,1
32204.12000000001,31810.640000000007,32204.12000000001,1.6561763869885868,81282.57,SETTLEMENT,5179.939999999988,0.0,0.4117647058823529,5,5,5,2,5,0.2,0,0,0,0,0,0,15,0,0.6561763869885869,0,333.46,60.02,49471.93,49078.45,0.0,1,0.5294117647058824,5,0,0,1
542.6000000000058,30788.190000000002,542.6000000000058,1.0050275337621224,108468.28,SETTLEMENT,2775.709999999992,0.0,0.05882352941176472,6,1,5,3,21,0.0,0,1,0,0,0,1,11,0,0.005027533762122285,0,1081.98,194.77,139256.47,107925.68,30054.04,1,0.5294117647058824,18,0,0,0
3318.3099999999977,6164.529999999999,-3318.3099999999977,0.9703156702427367,108468.28,SETTLEMENT,2775.709999999992,0.0,0.05882352941176472,6,2,3,4,3,0.0,0,0,0,0,0,1,7,0,0.02968432975726335,0,878.17,158.08,114632.81,111786.59,1809.97,1,0.47058823529411764,6,0,1,1
27793.770000000004,14725.709999999992,27793.770000000004,1.344517369860691,108468.28,SETTLEMENT,2775.709999999992,0.0,0.05882352941176472,6,3,2,5,1,0.0,0,0,0,0,0,1,7,0,0.34451736986069087,0,246.53,44.37,93742.57,80674.51,12777.16,1,0.47058823529411764,2,1,1,1
33531.78999999999,32121.089999999997,33531.78999999999,1.4474694504639862,108468.28,SETTLEMENT,2775.709999999992,0.0,0.05882352941176472,6,4,1,6,1,0.0,0,0,1,0,0,1,8,0,0.4474694504639861,0,1195.51,215.19,76347.19,74936.49,0.0,1,0.4117647058823529,2,1,1,1
34038.48999999999,68267.70000000001,-34038.48999999999,0.7611447512283102,108468.28,SETTLEMENT,2775.709999999992,0.0,0.05882352941176472,6,5,4,2,3,0.0,0,0,0,0,0,1,6,0,0.2388552487716899,0,1927.81,347.0,176735.98,142506.77,31954.4,1,0.5294117647058824,6,0,1,1
75600.85,75460.48999999999,75600.85,3.3001752799047566,108468.28,SETTLEMENT,2775.709999999992,0.0,0.05882352941176472,6,6,6,1,21,0.0,0,0,0,1,0,0,10,0,2.300175279904757,0,118.95,21.41,33007.79,32867.43,0.0,1,0.5882352941176471,18,0,0,0
0.0,2240.4499999999825,0.0,1.0,155616.29,SETTLEMENT,1769.2000000000116,1.0,0.4,7,1,2,1,1,0.0,1,1,0,1,1,1,10,0,0.0,0,1898.68,341.77,157856.74,155616.29,0.0,1,0.9142857142857143,2,1,1,1
1769.2000000000116,33780.72999999998,1769.2000000000116,1.0114997300241428,155616.29,SETTLEMENT,1769.2000000000116,1.0,0.4,7,2,6,7,5,0.0,0,0,0,0,0,1,9,0,0.011499730024142878,0,1874.06,337.33,189397.02,153847.09,33338.54,1,0.34285714285714286,4,0,0,1
6122.669999999984,12398.609999999986,-6122.669999999984,0.9621447423675781,155616.29,SETTLEMENT,1769.2000000000116,1.0,0.4,7,3,7,6,8,0.0,0,0,0,0,0,1,10,0,0.037855257632421924,0,1172.59,211.07,168014.9,161738.96,4892.28,1,0.4,7,0,0,0
62342.23999999999,146259.92999999996,-62342.23999999999,0.7139720110977075,155616.29,SETTLEMENT,1769.2000000000116,1.0,0.4,7,6,1,5,0,0.0,0,0,1,0,0,1,11,0,0.28602798890229253,1,3698.59,665.74,301876.22,217958.53,79553.36,1,0.4,1,1,1,1
28087.20000000001,24072.73000000001,28087.20000000001,1.2202415150927526,155616.29,SETTLEMENT,1769.2000000000116,1.0,0.4,7,5,4,3,2,0.0,0,0,0,0,0,1,7,0,0.22024151509275267,0,1467.09,264.08,131543.56,127529.09,2283.3,1,0.5142857142857142,3,0,1,1
11388.789999999979,12957.970000000001,-11388.789999999979,0.9318057271072234,155616.29,SETTLEMENT,1769.2000000000116,1.0,0.4,7,4,5,4,3,0.0,0,0,0,0,0,1,9,0,0.06819427289277656,0,1329.81,239.37,168574.26,167005.08,0.0,1,0.5142857142857142,2,0,1,1
362154.27,382758.06999999995,-362154.27,0.3005506724831941,155616.29,SETTLEMENT,1769.2000000000116,1.0,0.4,7,7,3,2,2,0.0,0,0,0,0,0,0,15,0,0.6994493275168059,0,7821.94,1407.97,538374.36,517770.56,11373.89,1,0.5142857142857142,3,0,1,1
1122.3299999999872,82795.35999999999,1122.3299999999872,1.005149282296958,219080.86,SETTLEMENT,761.7399999999907,1.0,0.36363636363636365,6,3,1,1,0,0.0,0,0,1,1,1,1,11,0,0.005149282296957991,1,3698.59,665.74,301876.22,217958.53,79553.36,1,0.9696969696969697,0,1,1,1
323.54999999998836,2459.140000000014,323.54999999998836,1.0014790362891186,219080.86,SETTLEMENT,761.7399999999907,1.0,0.36363636363636365,6,1,4,2,5,0.0,0,1,0,0,0,1,9,0,0.0014790362891186966,0,2358.21,424.48,221540.0,218757.31,0.0,1,0.6060606060606061,5,0,0,1
1085.289999999979,14948.790000000008,1085.289999999979,1.0049784956639256,219080.86,SETTLEMENT,761.7399999999907,1.0,0.36363636363636365,6,2,6,5,11,0.0,0,0,0,0,0,1,12,0,0.004978495663925551,0,700.2,126.04,234029.65,217995.57,15207.84,1,0.48484848484848486,11,0,0,0
63464.56999999998,61224.119999999995,63464.56999999998,1.4078272910888698,219080.86,SETTLEMENT,761.7399999999907,1.0,0.36363636363636365,6,5,2,3,1,0.0,0,0,0,0,0,1,10,0,0.4078272910888698,0,1898.68,341.77,157856.74,155616.29,0.0,1,0.48484848484848486,1,1,1,1
1790.9300000000221,11490.5,-1790.9300000000221,0.9918915403365907,219080.86,SETTLEMENT,761.7399999999907,1.0,0.36363636363636365,6,4,3,4,3,0.0,0,0,0,0,0,1,15,0,0.008108459663409357,0,1379.92,248.39,230571.36,220871.79,8071.26,1,0.48484848484848486,3,0,1,1
143683.87,142390.96,143683.87,2.9056976942978756,219080.86,SETTLEMENT,761.7399999999907,1.0,0.36363636363636365,6,6,5,6,8,0.0,0,0,0,0,0,0,15,0,1.9056976942978756,0,647.17,116.49,76689.9,75396.99,529.25,1,0.48484848484848486,8,0,0,0
0.0,9699.569999999978,0.0,1.0,220871.79,SETTLEMENT,2114.4800000000105,1.0,0.4242424242424242,8,1,4,1,2,0.2,1,1,0,1,1,1,15,0,0.0,0,1379.92,248.39,230571.36,220871.79,8071.26,1,0.9090909090909091,4,0,1,1
2114.4800000000105,668.2099999999919,2114.4800000000105,1.009665871279913,220871.79,SETTLEMENT,2114.4800000000105,1.0,0.4242424242424242,8,2,8,6,10,0.2,0,0,0,0,0,1,9,0,0.009665871279912934,0,2358.21,424.48,221540.0,218757.31,0.0,1,0.36363636363636365,12,0,0,0
2876.220000000001,13157.859999999986,2876.220000000001,1.013193937840113,220871.79,SETTLEMENT,2114.4800000000105,1.0,0.4242424242424242,8,3,7,5,6,0.2,0,0,0,0,0,1,12,0,0.013193937840112994,0,700.2,126.04,234029.65,217995.57,15207.84,1,0.42424242424242425,4,0,0,1
67024.70000000001,31474.77000000002,67024.70000000001,1.4356578990216846,220871.79,SETTLEMENT,2114.4800000000105,1.0,0.4242424242424242,8,7,1,7,0,0.2,0,0,1,0,0,1,9,0,0.43565789902168456,1,1874.06,337.33,189397.02,153847.09,33338.54,1,0.30303030303030304,2,1,1,1
53394.07000000001,51347.73000000001,53394.07000000001,1.3188129740481302,220871.79,SETTLEMENT,2114.4800000000105,1.0,0.4242424242424242,8,6,2,4,1,0.2,0,0,0,0,0,1,11,0,0.31881297404813014,0,1734.18,312.16,169524.06,167477.72,0.0,1,0.42424242424242425,3,1,1,1
9827.76000000001,5419.299999999988,9827.76000000001,1.0465673442646068,220871.79,SETTLEMENT,2114.4800000000105,1.0,0.4242424242424242,8,5,5,8,4,0.2,0,0,0,0,0,1,12,0,0.04656734426460682,0,1856.58,334.19,226291.09,211044.03,13056.29,1,0.30303030303030304,2,0,0,1
2913.2600000000093,81004.42999999996,2913.2600000000093,1.0133661206101914,220871.79,SETTLEMENT,2114.4800000000105,1.0,0.4242424242424242,8,4,6,3,5,0.2,0,0,0,0,0,1,11,0,0.01336612061019135,0,3698.59,665.74,301876.22,217958.53,79553.36,1,0.42424242424242425,7,0,0,1
129220.79000000001,173486.55999999997,-129220.79000000001,0.6308953763030339,220871.79,SETTLEMENT,2114.4800000000105,1.0,0.4242424242424242,8,8,3,2,2,0.2,0,0,0,0,0,0,8,0,0.3691046236969661,0,6088.71,1095.98,394358.35,350092.58,37081.08,1,0.48484848484848486,0,0,1,1
0.0,1569.1800000000221,0.0,1.0,167005.08,SETTLEMENT,472.64000000001397,0.0,0.36363636363636365,5,1,2,1,0,0.0,1,1,0,1,1,1,9,0,0.0,1,1329.81,239.37,168574.26,167005.08,0.0,1,0.9090909090909091,1,1,1,1
472.64000000001397,2518.9800000000105,-472.64000000001397,0.9971778932744009,167005.08,SETTLEMENT,472.64000000001397,0.0,0.36363636363636365,5,2,3,2,1,0.0,0,0,0,0,0,1,11,0,0.0028221067255991663,0,1734.18,312.16,169524.06,167477.72,0.0,1,0.5454545454545454,0,1,1,1
520.8499999999767,24555.76000000001,520.8499999999767,1.003128524545538,167005.08,SETTLEMENT,472.64000000001397,0.0,0.36363636363636365,5,3,5,5,11,0.0,0,0,0,0,0,1,12,0,0.0031285245455378967,0,1203.86,216.7,191560.84,166484.23,23656.05,1,0.36363636363636365,12,0,0,0
53866.71000000002,63566.28,-53866.71000000002,0.7561177459556967,167005.08,SETTLEMENT,472.64000000001397,0.0,0.36363636363636365,5,4,1,4,0,0.0,0,0,1,0,0,1,15,0,0.24388225404430333,1,1379.92,248.39,230571.36,220871.79,8071.26,1,0.48484848484848486,1,1,1,1
187212.55000000002,245049.46,-187212.55000000002,0.47147591157447466,167005.08,SETTLEMENT,472.64000000001397,0.0,0.36363636363636365,5,5,4,3,11,0.0,0,0,0,0,0,0,9,0,0.5285240884255253,0,2078.33,374.1,412054.54,354217.63,55384.48,1,0.48484848484848486,12,0,0,0
3016.579999999987,5062.919999999984,-3016.579999999987,0.9819881713221318,164461.14,SETTLEMENT,520.8499999999767,1.0,0.4,5,3,1,1,0,0.0,0,0,1,1,1,1,11,0,0.018011828677868238,1,1734.18,312.16,169524.06,167477.72,0.0,1,0.9714285714285714,0,1,1,1
2023.0899999999965,27099.699999999983,-2023.0899999999965,0.9878481583510943,164461.14,SETTLEMENT,520.8499999999767,1.0,0.4,5,1,5,3,12,0.0,0,1,0,0,0,1,12,0,0.012151841648905704,0,1203.86,216.7,191560.84,166484.23,23656.05,1,0.45714285714285713,12,0,0,0
2543.939999999973,4113.119999999995,-2543.939999999973,0.9847672897135825,164461.14,SETTLEMENT,520.8499999999767,1.0,0.4,5,2,2,2,1,0.0,0,0,0,0,0,1,9,0,0.015232710286417475,0,1329.81,239.37,168574.26,167005.08,0.0,1,0.5714285714285714,1,1,1,1
10614.050000000017,24935.879999999976,10614.050000000017,1.0689909051903421,164461.14,SETTLEMENT,520.8499999999767,1.0,0.4,5,4,3,5,1,0.0,0,0,0,0,0,1,9,0,0.06899090519034203,0,1874.06,337.33,189397.02,153847.09,33338.54,1,0.2857142857142857,1,1,1,1
124919.83000000002,115740.42000000001,124919.83000000002,4.159223354006229,164461.14,SETTLEMENT,520.8499999999767,1.0,0.4,5,5,4,4,2,0.0,0,0,0,0,0,0,15,0,3.1592233540062287,0,602.16,108.39,48720.72,39541.31,8468.86,1,0.4,2,0,1,1
1588.229999999996,19137.009999999995,1588.229999999996,1.015592292710952,103448.17,SETTLEMENT,2889.279999999999,1.0,0.4117647058823529,8,1,2,1,1,0.0,0,1,0,1,1,1,9,1,0.015592292710951881,0,741.96,133.56,122585.18,101859.94,19849.72,1,1.0,2,1,1,1
4477.509999999995,35808.3,-4477.509999999995,0.9585130248889792,103448.17,SETTLEMENT,2889.279999999999,1.0,0.4117647058823529,8,2,7,6,7,0.0,0,0,0,0,0,1,11,0,0.0414869751110208,0,1081.98,194.77,139256.47,107925.68,30054.04,1,0.47058823529411764,6,0,0,1
5020.110000000001,30319.15999999999,-5020.110000000001,0.953718174566795,103448.17,SETTLEMENT,2889.279999999999,1.0,0.4117647058823529,8,3,8,2,11,0.0,0,0,0,0,0,1,7,0,0.04628182543320499,0,1888.41,339.91,133767.33,108468.28,23070.73,1,0.5882352941176471,12,0,0,0
58290.78999999999,64566.729999999996,-58290.78999999999,0.6395995745242828,103448.17,SETTLEMENT,2889.279999999999,1.0,0.4117647058823529,8,6,1,3,0,0.0,0,0,1,0,0,1,10,0,0.36040042547571716,1,1172.59,211.07,168014.9,161738.96,4892.28,1,0.5294117647058824,1,1,1,1
77560.87000000001,80569.05,-77560.87000000001,0.5715083069884244,103448.17,SETTLEMENT,2889.279999999999,1.0,0.4117647058823529,8,8,4,4,2,0.0,0,0,0,0,0,1,12,0,0.4284916930115756,0,2549.31,458.87,184017.22,181009.04,0.0,1,0.5294117647058824,1,0,1,1
5376.25,4938.3399999999965,5376.25,1.0548194631042198,103448.17,SETTLEMENT,2889.279999999999,1.0,0.4117647058823529,8,4,5,7,5,0.0,0,0,0,0,0,1,7,0,0.05481946310421984,0,371.11,66.8,98509.83,98071.92,0.0,1,0.4117647058823529,6,0,0,1
28196.14,29249.08,-28196.14,0.7858157333195791,103448.17,SETTLEMENT,2889.279999999999,1.0,0.4117647058823529,8,5,6,5,5,0.0,0,0,0,0,0,1,6,0,0.2141842666804209,0,892.32,160.62,132697.25,131644.31,0.0,1,0.47058823529411764,4,0,0,1
75903.93,75747.95999999999,75903.93,3.7557097237026684,103448.17,SETTLEMENT,2889.279999999999,1.0,0.4117647058823529,8,7,3,8,1,0.0,0,0,0,0,0,0,9,0,2.7557097237026684,0,132.18,23.79,27700.21,27544.24,0.0,1,0.4117647058823529,2,1,1,1
1769.2000000000116,4009.649999999994,-1769.2000000000116,0.9886310102881902,153847.09,SETTLEMENT,6122.669999999984,1.0,0.05882352941176472,5,1,5,3,9,0.2,0,1,0,0,0,1,10,0,0.011368989711809808,0,1898.68,341.77,157856.74,155616.29,0.0,1,0.4117647058823529,6,0,0,0
7891.869999999995,14167.809999999998,-7891.869999999995,0.9512061286903292,153847.09,SETTLEMENT,6122.669999999984,1.0,0.05882352941176472,5,2,1,4,0,0.2,0,0,1,0,0,1,10,0,0.04879387130967082,1,1172.59,211.07,168014.9,161738.96,4892.28,1,0.4117647058823529,3,1,1,1
57196.94,72444.0,-57196.94,0.7289810093182925,153847.09,SETTLEMENT,6122.669999999984,1.0,0.05882352941176472,5,5,2,2,1,0.2,0,0,0,0,0,1,12,0,0.27101899068170754,0,1856.58,334.19,226291.09,211044.03,13056.29,1,0.47058823529411764,4,1,1,1
27161.95000000001,30170.130000000005,-27161.95000000001,0.8499414725363992,153847.09,SETTLEMENT,6122.669999999984,1.0,0.05882352941176472,5,4,3,5,2,0.2,0,0,0,0,0,1,12,0,0.15005852746360077,0,2549.31,458.87,184017.22,181009.04,0.0,1,0.4117647058823529,5,0,1,1
19869.119999999995,160251.97,19869.119999999995,1.1483013961175856,153847.09,SETTLEMENT,6122.669999999984,1.0,0.05882352941176472,5,3,4,1,6,0.2,0,0,0,1,0,0,7,0,0.14830139611758555,0,2568.15,462.26,314099.06,133977.97,177090.68,1,0.5294117647058824,9,0,0,1
3109.4100000000035,9385.350000000006,-3109.4100000000035,0.9807751329673444,158629.55,SETTLEMENT,96.15000000002328,1.0,0.47058823529411764,6,2,1,1,0,0.0,0,0,1,1,1,1,10,1,0.019224867032655607,1,1172.59,211.07,168014.9,161738.96,4892.28,1,1.0,1,1,1,1
3013.25999999998,772.8099999999977,3013.25999999998,1.0193633969811258,158629.55,SETTLEMENT,96.15000000002328,1.0,0.47058823529411764,6,1,6,3,9,0.0,0,1,0,0,0,1,10,0,0.019363396981125693,0,1898.68,341.77,157856.74,155616.29,0.0,1,0.47058823529411764,10,0,0,0
4782.459999999992,30767.47,4782.459999999992,1.0310858008429018,158629.55,SETTLEMENT,96.15000000002328,1.0,0.47058823529411764,6,3,5,2,3,0.0,0,0,0,0,0,1,9,0,0.031085800842901818,0,1874.06,337.33,189397.02,153847.09,33338.54,1,0.5294117647058824,4,0,1,1
52414.48000000001,67661.54000000001,-52414.48000000001,0.7516419677922185,158629.55,SETTLEMENT,96.15000000002328,1.0,0.47058823529411764,6,5,2,5,1,0.0,0,0,0,0,0,1,12,0,0.24835803220778152,0,1856.58,334.19,226291.09,211044.03,13056.29,1,0.4117647058823529,0,1,1,1
22379.49000000002,25387.670000000013,-22379.49000000002,0.8763625838797885,158629.55,SETTLEMENT,96.15000000002328,1.0,0.47058823529411764,6,4,4,6,2,0.0,0,0,0,0,0,1,12,0,0.12363741612021156,0,2549.31,458.87,184017.22,181009.04,0.0,1,0.4117647058823529,1,0,1,1
587226.8,646678.8,-587226.8,0.21268110139439048,158629.55,SETTLEMENT,96.15000000002328,1.0,0.47058823529411764,6,6,3,4,1,0.0,0,0,0,0,0,0,8,0,0.7873188986056096,0,8696.5,1565.37,805308.35,745856.35,49190.13,1,0.47058823529411764,2,1,1,1
955.4800000000032,1.639999999999418,955.4800000000032,1.0200423635842664,48628.5,SETTLEMENT,4985.719999999994,7.0,0.5294117647058824,5,1,1,1,0,0.0,0,1,1,1,1,1,5,0,0.02004236358426639,1,808.34,145.5,48626.86,47673.02,0.0,1,0.9411764705882353,1,1,1,1
5941.199999999997,20204.67,-5941.199999999997,0.8911263943177258,48628.5,SETTLEMENT,4985.719999999994,7.0,0.5294117647058824,5,2,5,4,17,0.0,0,0,0,0,0,1,5,0,0.10887360568227418,0,278.69,50.16,68833.17,54569.7,13934.62,1,0.35294117647058826,18,0,0,0
38442.07000000001,46653.91,-38442.07000000001,0.5584952527587679,48628.5,SETTLEMENT,4985.719999999994,7.0,0.5294117647058824,5,5,2,3,7,0.0,0,0,0,0,0,1,6,0,0.44150474724123207,0,801.97,144.35,95282.41,87070.57,7265.52,1,0.4117647058823529,8,0,0,1
26307.990000000005,27718.690000000002,-26307.990000000005,0.648929513512042,48628.5,SETTLEMENT,4985.719999999994,7.0,0.5294117647058824,5,4,4,2,12,0.0,0,0,0,0,0,1,8,0,0.351070486487958,0,1195.51,215.19,76347.19,74936.49,0.0,1,0.4117647058823529,13,0,0,0
21168.82,20694.06,21168.82,1.7709055604435302,48628.5,SETTLEMENT,4985.719999999994,7.0,0.5294117647058824,5,3,3,5,9,0.0,0,0,0,0,0,0,5,0,0.7709055604435303,0,402.34,72.42,27934.44,27459.68,0.0,1,0.29411764705882354,8,0,0,0
10085.899999999994,13569.429999999993,-10085.899999999994,0.9451998808794643,173962.97,SETTLEMENT,4853.450000000012,0.0,0.47058823529411764,7,4,1,1,0,0.16666666666666666,0,0,1,1,1,1,11,1,0.05480011912053573,1,2952.14,531.39,187532.4,184048.87,0.0,1,1.0,2,1,1,1
1631.7999999999884,3159.5100000000093,-1631.7999999999884,0.9907070125152362,173962.97,SETTLEMENT,4853.450000000012,0.0,0.47058823529411764,7,1,5,5,5,0.0,0,1,0,0,0,1,7,0,0.00929298748476386,0,1294.67,233.04,177122.48,175594.77,0.0,1,0.47058823529411764,3,0,0,1
6485.25,4438.9100000000035,6485.25,1.038723061192856,173962.97,SETTLEMENT,4853.450000000012,0.0,0.47058823529411764,7,2,6,3,6,0.0,0,0,0,0,0,1,11,0,0.038723061192855984,0,1734.18,312.16,169524.06,167477.72,0.0,1,0.47058823529411764,8,0,0,1
7046.070000000007,10054.25,-7046.070000000007,0.9610733806444142,173962.97,SETTLEMENT,4853.450000000012,0.0,0.47058823529411764,7,3,2,2,0,0.0,0,0,0,0,0,1,12,0,0.03892661935558581,1,2549.31,458.87,184017.22,181009.04,0.0,1,0.5294117647058824,2,1,1,1
37081.06,52328.119999999995,-37081.06,0.8242970436074406,173962.97,SETTLEMENT,4853.450000000012,0.0,0.47058823529411764,7,6,3,4,1,0.0,0,0,0,0,0,1,12,0,0.1757029563925594,0,1856.58,334.19,226291.09,211044.03,13056.29,1,0.47058823529411764,3,1,1,1
12224.01000000001,5948.070000000007,12224.01000000001,1.0755786360936166,173962.97,SETTLEMENT,4853.450000000012,0.0,0.47058823529411764,7,5,4,6,2,0.0,0,0,0,0,0,1,10,0,0.07557863609361659,0,1172.59,211.07,168014.9,161738.96,4892.28,1,0.35294117647058826,4,0,1,1
93024.67,77947.79000000001,93024.67,2.14932819196845,173962.97,SETTLEMENT,4853.450000000012,0.0,0.47058823529411764,7,7,7,7,16,0.0,0,0,0,0,0,0,15,0,1.14932819196845,0,1362.51,245.26,96015.18,80938.3,13469.11,1,0.35294117647058826,18,0,0,0
4276.739999999991,1268.5599999999977,4276.739999999991,1.0236272177345396,185285.78,SETTLEMENT,70.73999999999069,0.0,0.4,5,3,2,1,0,0.0,0,0,0,1,1,1,12,0,0.023627217734539616,1,2549.31,458.87,184017.22,181009.04,0.0,1,0.9142857142857143,0,1,1,1
1236.9100000000035,2246.6199999999953,1236.9100000000035,1.0067205519925224,185285.78,SETTLEMENT,70.73999999999069,0.0,0.4,5,1,1,3,0,0.0,0,1,1,0,0,1,11,0,0.00672055199252244,1,2952.14,531.39,187532.4,184048.87,0.0,1,0.5142857142857142,0,1,1,1
1307.6499999999942,4160.0899999999965,-1307.6499999999942,0.9929919826223249,185285.78,SETTLEMENT,70.73999999999069,0.0,0.4,5,2,4,2,14,0.0,0,0,0,0,0,1,7,0,0.007008017377675056,0,2417.32,435.12,189445.87,186593.43,0.0,1,0.5142857142857142,14,0,0,0
25758.25,41005.31,-25758.25,0.8779484546423796,185285.78,SETTLEMENT,70.73999999999069,0.0,0.4,5,4,3,4,1,0.0,0,0,0,0,0,1,12,0,0.1220515453576204,0,1856.58,334.19,226291.09,211044.03,13056.29,1,0.45714285714285713,1,1,1,1
123441.78,122203.68,123441.78,2.9960186921932603,185285.78,SETTLEMENT,70.73999999999069,0.0,0.4,5,5,5,5,15,0.0,0,0,0,0,0,0,12,0,1.9960186921932603,0,676.23,121.73,63082.1,61844.0,440.14,1,0.2857142857142857,15,0,0,0
6674.369999999995,9359.709999999992,6674.369999999995,1.0306169983179017,224669.94,SETTLEMENT,2114.4800000000105,1.0,0.4117647058823529,6,3,3,1,3,0.0,0,0,0,1,1,1,12,0,0.030616998317901576,0,700.2,126.04,234029.65,217995.57,15207.84,1,0.9411764705882353,0,0,1,1
3798.149999999994,5901.419999999984,3798.149999999994,1.0171961752109673,224669.94,SETTLEMENT,2114.4800000000105,1.0,0.4117647058823529,6,1,5,3,11,0.0,0,1,0,0,0,1,15,0,0.017196175210967387,0,1379.92,248.39,230571.36,220871.79,8071.26,1,0.47058823529411764,8,0,0,0
5912.630000000005,3129.9400000000023,5912.630000000005,1.0270282625069764,224669.94,SETTLEMENT,2114.4800000000105,1.0,0.4117647058823529,6,2,6,5,19,0.0,0,0,0,0,0,1,9,0,0.02702826250697636,0,2358.21,424.48,221540.0,218757.31,0.0,1,0.4117647058823529,16,0,0,0
32965.140000000014,15703.440000000002,32965.140000000014,1.171957822652328,224669.94,SETTLEMENT,2114.4800000000105,1.0,0.4117647058823529,6,4,1,2,0,0.0,0,0,1,0,0,1,11,0,0.17195782265232804,1,2038.56,366.94,240373.38,191704.8,46263.08,1,0.5294117647058824,3,1,1,1
49075.17000000001,47547.45999999999,49075.17000000001,1.279479679263796,224669.94,SETTLEMENT,2114.4800000000105,1.0,0.4117647058823529,6,5,2,6,1,0.0,0,0,0,0,0,1,7,0,0.2794796792637959,0,1294.67,233.04,177122.48,175594.77,0.0,1,0.35294117647058826,4,1,1,1
197125.7,196969.73,197125.7,8.15669410374002,224669.94,SETTLEMENT,2114.4800000000105,1.0,0.4117647058823529,6,6,4,4,7,0.0,0,0,0,0,0,0,9,0,7.15669410374002,0,132.18,23.79,27700.21,27544.24,0.0,1,0.47058823529411764,4,0,0,1
0.0,1052.9400000000023,0.0,1.0,131644.31,SETTLEMENT,4115.220000000001,1.0,0.36363636363636365,7,1,2,1,1,0.0,1,1,0,1,1,1,6,0,0.0,0,892.32,160.62,132697.25,131644.31,0.0,1,0.9090909090909091,4,1,1,1
4115.220000000001,100.75,4115.220000000001,1.0322688729293057,131644.31,SETTLEMENT,4115.220000000001,1.0,0.36363636363636365,7,2,6,5,16,0.0,0,0,0,0,0,1,7,0,0.03226887292930579,0,1467.09,264.08,131543.56,127529.09,2283.3,1,0.48484848484848486,19,0,0,0
10862.459999999992,45091.67000000001,-10862.459999999992,0.9237758318429363,131644.31,SETTLEMENT,4115.220000000001,1.0,0.36363636363636365,7,3,7,4,23,0.0,0,0,0,0,0,1,6,0,0.07622416815706365,0,1927.81,347.0,176735.98,142506.77,31954.4,1,0.48484848484848486,26,0,0,0
60060.48999999999,108729.07,-60060.48999999999,0.686703254169953,131644.31,SETTLEMENT,4115.220000000001,1.0,0.36363636363636365,7,6,1,2,0,0.0,0,0,1,0,0,1,11,0,0.313296745830047,1,2038.56,366.94,240373.38,191704.8,46263.08,1,0.5454545454545454,3,1,1,1
17141.259999999995,14267.119999999995,17141.259999999995,1.1497013398333058,131644.31,SETTLEMENT,4115.220000000001,1.0,0.36363636363636365,7,4,4,7,1,0.0,0,0,0,0,0,1,7,0,0.1497013398333057,0,517.17,93.09,145911.43,114503.05,30798.12,1,0.42424242424242425,2,1,1,1
23718.630000000005,7612.1600000000035,23718.630000000005,1.2197681775088192,131644.31,SETTLEMENT,4115.220000000001,1.0,0.36363636363636365,7,5,3,3,1,0.0,0,0,0,0,0,1,11,0,0.21976817750881908,0,1081.98,194.77,139256.47,107925.68,30054.04,1,0.5454545454545454,2,1,1,1
92335.66,91786.98,92335.66,3.3489908709660594,131644.31,SETTLEMENT,4115.220000000001,1.0,0.36363636363636365,7,7,5,6,15,0.0,0,0,0,0,0,0,11,0,2.34899087096606,0,464.98,83.7,39857.33,39308.65,0.0,1,0.48484848484848486,18,0,0,0
3041.50999999998,12352.309999999998,3041.50999999998,1.016121366271096,191704.8,SETTLEMENT,2069.860000000015,0.0,0.0,6,1,6,4,26,0.0,0,1,0,0,0,1,10,0,0.016121366271095876,0,3113.62,560.44,204057.11,188663.29,11719.76,1,0.47058823529411764,26,0,0,0
5111.369999999995,2258.929999999993,5111.369999999995,1.0273930866697718,191704.8,SETTLEMENT,2069.860000000015,0.0,0.0,6,2,5,5,18,0.0,0,0,0,0,0,1,7,0,0.02739308666977179,0,2417.32,435.12,189445.87,186593.43,0.0,1,0.4117647058823529,18,0,0,0
16110.029999999999,14582.319999999978,16110.029999999999,1.0917455001649536,191704.8,SETTLEMENT,2069.860000000015,0.0,0.0,6,3,2,3,1,0.0,0,0,0,0,0,1,7,0,0.09174550016495366,0,1294.67,233.04,177122.48,175594.77,0.0,1,0.5294117647058824,1,1,1,1
60060.48999999999,59007.54999999999,60060.48999999999,1.4562330874763976,191704.8,SETTLEMENT,2069.860000000015,0.0,0.0,6,5,1,2,1,0.0,0,0,1,0,0,1,6,0,0.4562330874763975,0,892.32,160.62,132697.25,131644.31,0.0,1,0.5294117647058824,1,1,1,1
26290.77000000002,42324.850000000006,-26290.77000000002,0.8793976868429023,191704.8,SETTLEMENT,2069.860000000015,0.0,0.0,6,4,4,1,3,0.0,0,0,0,1,0,1,12,0,0.12060231315709773,0,700.2,126.04,234029.65,217995.57,15207.84,1,0.5294117647058824,3,0,1,1
511588.48000000004,521076.79,-511588.48000000004,0.27258158929088583,191704.8,SETTLEMENT,2069.860000000015,0.0,0.0,6,6,3,6,1,0.0,0,0,0,0,0,0,6,0,0.7274184107091142,0,8040.94,1447.37,712781.59,703293.28,0.0,1,0.35294117647058826,1,1,1,1
1060.8100000000122,30269.979999999996,1060.8100000000122,1.0098290786771045,108986.49,SETTLEMENT,542.6000000000058,0.0,0.4,7,2,4,1,2,0.0,0,0,0,1,1,1,11,0,0.00982907867710458,0,1081.98,194.77,139256.47,107925.68,30054.04,1,0.9714285714285714,2,0,1,1
518.2100000000064,24780.839999999982,518.2100000000064,1.0047775257430098,108986.49,SETTLEMENT,542.6000000000058,0.0,0.4,7,1,6,3,16,0.0,0,1,0,0,0,1,7,0,0.004777525743009905,0,1888.41,339.91,133767.33,108468.28,23070.73,1,0.5142857142857142,20,0,0,0
2800.0999999999913,5646.319999999992,-2800.0999999999913,0.9749513783361672,108986.49,SETTLEMENT,542.6000000000058,0.0,0.4,7,3,7,7,22,0.0,0,0,0,0,0,1,7,0,0.025048621663832767,0,878.17,158.08,114632.81,111786.59,1809.97,1,0.34285714285714286,26,0,0,0
22657.819999999992,23710.759999999995,-22657.819999999992,0.8278860666290857,108986.49,SETTLEMENT,542.6000000000058,0.0,0.4,7,5,2,4,0,0.0,0,0,0,0,0,1,6,0,0.17211393337091435,1,892.32,160.62,132697.25,131644.31,0.0,1,0.5142857142857142,4,1,1,1
82718.30999999998,131386.89,-82718.30999999998,0.5685120560361556,108986.49,SETTLEMENT,542.6000000000058,0.0,0.4,7,6,3,5,1,0.0,0,0,0,0,0,1,11,0,0.4314879439638443,0,2038.56,366.94,240373.38,191704.8,46263.08,1,0.5142857142857142,3,1,1,1
5516.559999999998,36924.93999999999,-5516.559999999998,0.9518217200327852,108986.49,SETTLEMENT,542.6000000000058,0.0,0.4,7,4,5,2,2,0.0,0,0,0,0,0,1,7,0,0.048178279967214827,0,517.17,93.09,145911.43,114503.05,30798.12,1,0.5714285714285714,2,0,1,1
181871.34000000003,215152.32,-181871.34000000003,0.37470708627648086,108986.49,SETTLEMENT,542.6000000000058,0.0,0.4,7,7,1,6,0,0.0,0,0,1,0,0,0,8,0,0.6252929137235193,1,4074.43,733.39,324138.81,290857.83,28473.16,1,0.4,4,1,1,1
5414.270000000019,8422.450000000012,-5414.270000000019,0.9700884000047731,175594.77,SETTLEMENT,3039.829999999987,0.0,0.0,6,1,6,1,6,0.2,0,1,0,1,0,1,12,0,0.02991159999522686,0,2549.31,458.87,184017.22,181009.04,0.0,1,0.5294117647058824,7,0,0,1
8454.100000000006,11937.630000000005,-8454.100000000006,0.9540660043172229,175594.77,SETTLEMENT,3039.829999999987,0.0,0.0,6,2,5,3,6,0.2,0,0,0,0,0,1,11,0,0.04593399568277711,0,2952.14,531.39,187532.4,184048.87,0.0,1,0.47058823529411764,7,0,0,1
72165.54000000001,74978.65000000002,-72165.54000000001,0.7087284077098547,175594.77,SETTLEMENT,3039.829999999987,0.0,0.0,6,4,1,2,1,0.2,0,0,1,0,0,1,11,0,0.2912715922901453,0,2383.99,429.12,250573.42,247760.31,0.0,1,0.5294117647058824,0,1,1,1
77817.86000000002,90558.05000000002,-77817.86000000002,0.692920356810945,175594.77,SETTLEMENT,3039.829999999987,0.0,0.0,6,5,2,6,1,0.2,0,0,0,0,0,1,11,0,0.307079643189055,0,3443.45,619.82,266152.82,253412.63,8676.92,1,0.4117647058823529,0,1,1,1
16110.029999999999,64778.610000000015,-16110.029999999999,0.9159643889980845,175594.77,SETTLEMENT,3039.829999999987,0.0,0.0,6,3,3,4,2,0.2,0,0,0,0,0,1,11,0,0.08403561100191545,0,2038.56,366.94,240373.38,191704.8,46263.08,1,0.47058823529411764,3,0,1,1
102983.41999999998,102271.04,102983.41999999998,2.4182826789475746,175594.77,SETTLEMENT,3039.829999999987,0.0,0.0,6,6,4,5,3,0.2,0,0,0,0,0,0,11,0,1.4182826789475746,0,603.71,108.67,73323.73,72611.35,0.0,1,0.47058823529411764,2,0,1,1
4399.179999999993,9513.229999999981,-4399.179999999993,0.9856996771620479,303228.84,SETTLEMENT,45417.03000000003,1.0,0.4242424242424242,4,1,1,1,2,0.0,0,1,1,1,1,1,14,0,0.014300322837952123,0,4333.95,780.1,312742.07,307628.02,0.0,1,0.9090909090909091,4,0,1,1
49816.21000000002,37076.02000000002,49816.21000000002,1.196581401645214,303228.84,SETTLEMENT,45417.03000000003,1.0,0.4242424242424242,4,2,3,2,3,0.0,0,0,0,0,0,1,11,0,0.19658140164521407,0,3443.45,619.82,266152.82,253412.63,8676.92,1,0.48484848484848486,5,0,1,1
55468.53000000003,52655.42000000001,55468.53000000003,1.223879805445836,303228.84,SETTLEMENT,45417.03000000003,1.0,0.4242424242424242,4,3,2,4,3,0.0,0,0,0,0,0,1,11,0,0.22387980544583605,0,2383.99,429.12,250573.42,247760.31,0.0,1,0.36363636363636365,5,0,1,1
247419.71000000002,237319.35000000003,247419.71000000002,5.4333196020077725,303228.84,SETTLEMENT,45417.03000000003,1.0,0.4242424242424242,4,4,4,3,31,0.0,0,0,0,0,0,0,10,0,4.4333196020077725,0,927.12,166.89,65909.49,55809.13,9006.35,1,0.48484848484848486,33,0,0,0
2179.8600000000006,1643.770000000004,2179.8600000000006,1.0544641482959123,42203.62,SETTLEMENT,482.45000000000437,1.0,0.05882352941176472,5,1,3,4,10,0.0,0,1,0,0,0,1,10,0,0.05446414829591224,0,454.31,81.78,40559.85,40023.76,0.0,1,0.47058823529411764,8,0,0,0
2662.310000000005,6517.0999999999985,2662.310000000005,1.0673298380857894,42203.62,SETTLEMENT,482.45000000000437,1.0,0.05882352941176472,5,2,4,5,17,0.0,0,0,0,0,0,1,15,0,0.06732983808578939,0,602.16,108.39,48720.72,39541.31,8468.86,1,0.47058823529411764,15,0,0,0
17569.28,21000.899999999994,-17569.28,0.7060661269571997,42203.62,SETTLEMENT,482.45000000000437,1.0,0.05882352941176472,5,4,1,1,3,0.0,0,0,1,1,0,1,12,0,0.29393387304280033,0,402.16,72.38,63204.52,59772.9,2957.08,1,0.5294117647058824,1,0,1,1
12873.090000000004,1591.3700000000026,12873.090000000004,1.4388972855246736,42203.62,SETTLEMENT,482.45000000000437,1.0,0.05882352941176472,5,3,2,3,4,0.0,0,0,0,0,0,1,11,0,0.4388972855246736,0,442.78,79.7,40612.25,29330.53,10759.24,1,0.47058823529411764,2,0,0,1
248654.21000000002,281935.19,-248654.21000000002,0.14510051182050007,42203.62,SETTLEMENT,482.45000000000437,1.0,0.05882352941176472,5,5,5,2,24,0.0,0,0,0,0,0,0,8,0,0.8548994881794999,0,4074.43,733.39,324138.81,290857.83,28473.16,1,0.47058823529411764,22,0,0,0
0.0,270.7099999999991,0.0,1.0,28119.56,SETTLEMENT,575.3199999999997,1.0,0.47058823529411764,7,1,1,1,0,0.0,1,1,1,1,1,1,8,0,0.0,1,229.42,41.29,28390.27,28119.56,0.0,1,0.9411764705882353,1,1,1,1
575.3199999999997,419.3500000000022,575.3199999999997,1.0208871255841512,28119.56,SETTLEMENT,575.3199999999997,1.0,0.47058823529411764,7,2,6,2,17,0.0,0,0,0,0,0,1,9,0,0.020887125584151157,0,132.18,23.79,27700.21,27544.24,0.0,1,0.47058823529411764,16,0,0,0
659.880000000001,185.12000000000262,659.880000000001,1.0240308699882883,28119.56,SETTLEMENT,575.3199999999997,1.0,0.47058823529411764,7,3,7,5,26,0.0,0,0,0,0,0,1,5,0,0.02403086998828832,0,402.34,72.42,27934.44,27459.68,0.0,1,0.35294117647058826,25,0,0,0
14084.060000000001,18986.52,-14084.060000000001,0.6662831292671102,28119.56,SETTLEMENT,575.3199999999997,1.0,0.47058823529411764,7,6,2,3,1,0.0,0,0,0,0,0,1,12,0,0.33371687073288975,0,306.18,55.11,47106.08,42203.62,4541.17,1,0.4117647058823529,2,1,1,1
1210.9699999999975,12492.689999999999,-1210.9699999999975,0.9587129860933301,28119.56,SETTLEMENT,575.3199999999997,1.0,0.47058823529411764,7,4,3,7,3,0.0,0,0,0,0,0,1,11,0,0.04128701390666986,0,442.78,79.7,40612.25,29330.53,10759.24,1,0.23529411764705882,2,0,1,1
5621.0300000000025,5342.450000000001,5621.0300000000025,1.249839878427613,28119.56,SETTLEMENT,575.3199999999997,1.0,0.47058823529411764,7,5,4,4,3,0.0,0,0,0,0,0,1,8,0,0.24983987842761296,0,236.09,42.49,22777.11,22498.53,0.0,1,0.35294117647058826,2,0,1,1
508009.59,550222.9299999999,-508009.59,0.05244922795188436,28119.56,SETTLEMENT,575.3199999999997,1.0,0.47058823529411764,7,7,5,6,6,0.0,0,0,0,0,0,0,8,0,0.9475507720481157,0,7165.02,1289.7,578342.49,536129.15,33758.62,1,0.29411764705882354,5,0,0,1
238.25,837.6800000000003,-238.25,0.9960299044427577,59772.9,SETTLEMENT,36.669999999998254,4.0,0.05882352941176472,6,1,5,6,16,0.0,0,1,0,0,0,1,15,0,0.003970095557242279,0,507.99,91.44,60610.58,60011.15,0.0,1,0.35294117647058826,17,0,0,0
274.91999999999825,1991.8300000000017,274.91999999999825,1.0046206610711825,59772.9,SETTLEMENT,36.669999999998254,4.0,0.05882352941176472,6,2,4,3,10,0.0,0,0,0,0,0,1,20,0,0.004620661071182555,0,581.24,104.62,61764.73,59497.98,1580.89,1,0.47058823529411764,11,0,0,0
2071.0999999999985,3309.199999999997,-2071.0999999999985,0.9665108983894962,59772.9,SETTLEMENT,36.669999999998254,4.0,0.05882352941176472,6,3,1,5,1,0.0,0,0,1,0,0,1,12,0,0.03348910161050382,0,676.23,121.73,63082.1,61844.0,440.14,1,0.4117647058823529,2,1,1,1
17569.28,12666.82,17569.28,1.4162979384232917,59772.9,SETTLEMENT,36.669999999998254,4.0,0.05882352941176472,6,5,2,1,5,0.0,0,0,0,1,0,1,12,0,0.4162979384232916,0,306.18,55.11,47106.08,42203.62,4541.17,1,0.5294117647058824,4,0,0,1
10520.870000000003,23444.889999999992,-10520.870000000003,0.8503299794562164,59772.9,SETTLEMENT,36.669999999998254,4.0,0.05882352941176472,6,4,3,2,7,0.0,0,0,0,0,0,1,15,0,0.14967002054378364,0,836.89,150.65,83217.79,70293.77,11936.48,1,0.47058823529411764,8,0,0,1
289817.70999999996,379762.41,-289817.70999999996,0.17097970680619826,59772.9,SETTLEMENT,36.669999999998254,4.0,0.05882352941176472,6,6,6,4,19,0.0,0,0,0,0,0,0,7,0,0.8290202931938017,0,1817.32,327.12,439535.31,349590.61,87800.26,1,0.47058823529411764,20,0,0,0
0.0,1238.0999999999985,0.0,1.0,61844.0,SETTLEMENT,1832.8499999999985,1.0,0.47058823529411764,6,1,1,1,1,0.0,1,1,1,1,1,1,12,0,0.0,0,676.23,121.73,63082.1,61844.0,440.14,1,0.9411764705882353,1,1,1,1
1832.8499999999985,1233.4199999999983,1832.8499999999985,1.0305418243109823,61844.0,SETTLEMENT,1832.8499999999985,1.0,0.47058823529411764,6,2,6,2,16,0.0,0,0,0,0,0,1,15,0,0.030541824310982183,0,507.99,91.44,60610.58,60011.15,0.0,1,0.47058823529411764,14,0,0,0
2071.0999999999985,1360.5199999999968,2071.0999999999985,1.03464948162127,61844.0,SETTLEMENT,1832.8499999999985,1.0,0.47058823529411764,6,3,2,6,2,0.0,0,0,0,0,0,1,12,0,0.034649481621269816,0,402.16,72.38,63204.52,59772.9,2957.08,1,0.35294117647058826,4,0,1,1
19640.379999999997,14737.919999999998,19640.379999999997,1.4653719278109318,61844.0,SETTLEMENT,1832.8499999999985,1.0,0.47058823529411764,6,6,3,4,5,0.0,0,0,0,0,0,1,12,0,0.4653719278109318,0,306.18,55.11,47106.08,42203.62,4541.17,1,0.4117647058823529,7,0,0,1
8449.770000000004,21373.789999999994,-8449.770000000004,0.8797934724513993,61844.0,SETTLEMENT,1832.8499999999985,1.0,0.47058823529411764,6,4,4,5,7,0.0,0,0,0,0,0,1,15,0,0.12020652754860073,0,836.89,150.65,83217.79,70293.77,11936.48,1,0.4117647058823529,5,0,0,1
14170.980000000003,13217.14,14170.980000000003,1.2972536667490333,61844.0,SETTLEMENT,1832.8499999999985,1.0,0.47058823529411764,6,5,5,3,13,0.0,0,0,0,0,0,0,5,0,0.2972536667490334,0,808.34,145.5,48626.86,47673.02,0.0,1,0.4117647058823529,11,0,0,0
564.5499999999956,15.869999999995343,564.5499999999956,1.0143619788519829,39873.2,SETTLEMENT,181.32999999999447,1.0,0.5294117647058824,5,3,2,1,1,0.0,0,0,0,1,1,1,11,1,0.014361978851982848,0,464.98,83.7,39857.33,39308.65,0.0,1,1.0,2,1,1,1
150.56000000000495,686.6500000000015,-150.56000000000495,0.9962382344887136,39873.2,SETTLEMENT,181.32999999999447,1.0,0.5294117647058824,5,1,3,5,1,0.0,0,1,0,0,0,1,10,0,0.0037617655112864193,0,454.31,81.78,40559.85,40023.76,0.0,1,0.4117647058823529,2,1,1,1
331.8899999999994,8847.520000000004,331.8899999999994,1.0083935003670845,39873.2,SETTLEMENT,181.32999999999447,1.0,0.5294117647058824,5,2,4,2,6,0.0,0,0,0,0,0,1,15,0,0.008393500367084436,0,602.16,108.39,48720.72,39541.31,8468.86,1,0.47058823529411764,5,0,0,1
6817.789999999994,4176.360000000001,6817.789999999994,1.2062533787963905,39873.2,SETTLEMENT,181.32999999999447,1.0,0.5294117647058824,5,4,1,4,0,0.0,0,0,1,0,0,1,10,0,0.20625337879639044,1,164.9,29.68,35696.84,33055.41,2446.85,1,0.4117647058823529,1,1,1,1
94390.64,108688.03000000001,-94390.64,0.2969764606762327,39873.2,SETTLEMENT,181.32999999999447,1.0,0.5294117647058824,5,5,5,3,9,0.0,0,0,0,0,0,0,20,0,0.7030235393237673,0,1278.64,230.15,148561.23,134263.84,12788.6,1,0.47058823529411764,8,0,0,0
187.9800000000032,47.62000000000262,187.9800000000032,1.0057193397840964,33055.41,SETTLEMENT,349.18999999999505,0.0,0.0,6,1,6,2,16,0.0,0,1,0,0,0,1,10,0,0.00571933978409639,0,118.95,21.41,33007.79,32867.43,0.0,1,0.5294117647058824,14,0,0,0
537.1699999999983,2193.489999999998,-537.1699999999983,0.9840092663320293,33055.41,SETTLEMENT,349.18999999999505,0.0,0.0,6,2,4,3,5,0.0,0,0,0,0,0,1,9,0,0.015990733667970672,0,261.74,47.11,35248.9,33592.58,1347.47,1,0.47058823529411764,3,0,0,1
6253.239999999998,6801.919999999998,-6253.239999999998,0.8409194922746012,33055.41,SETTLEMENT,349.18999999999505,0.0,0.0,6,4,1,6,0,0.0,0,0,1,0,0,1,11,0,0.1590805077253988,1,464.98,83.7,39857.33,39308.65,0.0,1,0.35294117647058826,2,1,1,1
6968.3499999999985,7504.439999999995,-6968.3499999999985,0.8258946685668713,33055.41,SETTLEMENT,349.18999999999505,0.0,0.0,6,5,2,1,0,0.0,0,0,0,1,0,1,10,0,0.17410533143312867,1,454.31,81.78,40559.85,40023.76,0.0,1,0.5294117647058824,2,1,1,1
1607.7400000000052,825.989999999998,1607.7400000000052,1.0511242963310161,33055.41,SETTLEMENT,349.18999999999505,0.0,0.0,6,3,3,4,1,0.0,0,0,0,0,0,1,9,0,0.05112429633101611,0,330.88,59.56,33881.4,31447.67,2043.29,1,0.4117647058823529,3,1,1,1
37433.899999999994,38252.149999999994,-37433.899999999994,0.4689421700964303,33055.41,SETTLEMENT,349.18999999999505,0.0,0.0,6,6,5,5,5,0.0,0,0,0,0,0,0,15,0,0.5310578299035698,0,693.44,124.81,71307.56,70489.31,0.0,1,0.4117647058823529,7,0,0,1
212.70999999999913,748.7999999999956,-212.70999999999913,0.9946854068683202,39811.05,SETTLEMENT,57.03000000000611,0.0,0.4117647058823529,6,1,5,1,3,0.0,0,1,0,1,1,1,10,1,0.00531459313167976,0,454.31,81.78,40559.85,40023.76,0.0,1,1.0,1,0,1,1
269.74000000000524,8909.669999999998,269.74000000000524,1.0068217264425485,39811.05,SETTLEMENT,57.03000000000611,0.0,0.4117647058823529,6,2,6,3,4,0.0,0,0,0,0,0,1,15,0,0.006821726442548445,0,602.16,108.39,48720.72,39541.31,8468.86,1,0.47058823529411764,6,0,0,1
502.40000000000146,46.279999999998836,502.40000000000146,1.0127809019134466,39811.05,SETTLEMENT,57.03000000000611,0.0,0.4117647058823529,6,3,4,4,3,0.0,0,0,0,0,0,1,11,0,0.012780901913446567,0,464.98,83.7,39857.33,39308.65,0.0,1,0.4117647058823529,1,0,1,1
30482.72,43406.73999999999,-30482.72,0.566352466228515,39811.05,SETTLEMENT,57.03000000000611,0.0,0.4117647058823529,6,5,2,2,1,0.0,0,0,0,0,0,1,15,0,0.433647533771485,0,836.89,150.65,83217.79,70293.77,11936.48,1,0.5882352941176471,1,1,1,1
6218.470000000001,4562.1500000000015,6218.470000000001,1.185114391332848,39811.05,SETTLEMENT,57.03000000000611,0.0,0.4117647058823529,6,4,3,5,2,0.0,0,0,0,0,0,1,9,0,0.18511439133284793,0,261.74,47.11,35248.9,33592.58,1347.47,1,0.4117647058823529,4,0,1,1
382927.53,486028.27999999997,-382927.53,0.09417415841251112,39811.05,SETTLEMENT,57.03000000000611,0.0,0.4117647058823529,6,6,1,6,1,0.0,0,0,1,0,0,0,12,0,0.9058258415874889,0,4877.61,877.98,525839.33,422738.58,97345.16,1,0.35294117647058826,1,1,1,1
500.47000000000116,12423.549999999988,500.47000000000116,1.0071196921149628,70794.24,SETTLEMENT,1757.9699999999866,1.0,0.4117647058823529,6,1,3,1,2,0.2,0,1,0,1,1,1,15,0,0.007119692114962693,0,836.89,150.65,83217.79,70293.77,11936.48,1,0.9411764705882353,2,0,1,1
2258.439999999988,11290.709999999992,-2258.439999999988,0.9690847755345869,70794.24,SETTLEMENT,1757.9699999999866,1.0,0.4117647058823529,6,2,6,4,14,0.2,0,0,0,0,0,1,20,0,0.030915224465413015,0,715.42,128.76,82084.95,73052.68,8188.09,1,0.5294117647058824,14,0,0,0
8950.240000000005,7712.140000000007,8950.240000000005,1.1447228510445637,70794.24,SETTLEMENT,1757.9699999999866,1.0,0.4117647058823529,6,3,5,5,8,0.2,0,0,0,0,0,1,12,0,0.14472285104456384,0,676.23,121.73,63082.1,61844.0,440.14,1,0.4117647058823529,8,0,0,0
11296.260000000002,9029.510000000002,11296.260000000002,1.1898595548958133,70794.24,SETTLEMENT,1757.9699999999866,1.0,0.4117647058823529,6,5,2,6,1,0.2,0,0,0,0,0,1,20,0,0.1898595548958133,0,581.24,104.62,61764.73,59497.98,1580.89,1,0.4117647058823529,1,1,1,1
10783.090000000004,10183.660000000003,10783.090000000004,1.1796847752459336,70794.24,SETTLEMENT,1757.9699999999866,1.0,0.4117647058823529,6,4,4,3,7,0.2,0,0,0,0,0,1,15,0,0.17968477524593351,0,507.99,91.44,60610.58,60011.15,0.0,1,0.5294117647058824,7,0,0,1
150077.55,159777.12,-150077.55,0.32052187379836966,70794.24,SETTLEMENT,1757.9699999999866,1.0,0.4117647058823529,6,6,1,2,0,0.2,0,0,1,0,0,0,15,0,0.6794781262016303,1,1379.92,248.39,230571.36,220871.79,8071.26,1,0.5294117647058824,0,1,1,1
537.1699999999983,2104.2599999999948,537.1699999999983,1.0162505925656344,33592.58,SETTLEMENT,187.9800000000032,0.0,0.0,6,1,4,3,5,0.0,0,1,0,0,0,1,10,0,0.016250592565634436,0,164.9,29.68,35696.84,33055.41,2446.85,1,0.4117647058823529,5,0,0,1
725.1500000000015,584.7900000000009,725.1500000000015,1.0220628750103067,33592.58,SETTLEMENT,187.9800000000032,0.0,0.0,6,2,5,2,10,0.0,0,0,0,0,0,1,10,0,0.0220628750103066,0,118.95,21.41,33007.79,32867.43,0.0,1,0.5882352941176471,10,0,0,0
5948.729999999996,15128.14,-5948.729999999996,0.8495565776652317,33592.58,SETTLEMENT,187.9800000000032,0.0,0.0,6,4,2,1,1,0.0,0,0,0,1,0,1,15,0,0.1504434223347683,0,602.16,108.39,48720.72,39541.31,8468.86,1,0.5882352941176471,1,1,1,1
25905.4,28172.15,-25905.4,0.5646003444150541,33592.58,SETTLEMENT,187.9800000000032,0.0,0.0,6,5,1,4,1,0.0,0,0,1,0,0,1,20,0,0.4353996555849459,0,581.24,104.62,61764.73,59497.98,1580.89,1,0.4117647058823529,1,1,1,1
2985.0,3326.5,-2985.0,0.9183926328641753,33592.58,SETTLEMENT,187.9800000000032,0.0,0.0,6,3,3,5,3,0.0,0,0,0,0,0,1,8,0,0.08160736713582473,0,289.41,52.09,36919.08,36577.58,0.0,1,0.4117647058823529,3,0,1,1
1154329.69,1179860.53,-1154329.69,0.028278432729441128,33592.58,SETTLEMENT,187.9800000000032,0.0,0.0,6,6,6,6,11,0.0,0,0,0,0,0,0,12,0,0.9717215672705588,0,11458.31,2062.49,1213453.11,1187922.27,12010.04,1,0.4117647058823529,11,0,0,0
0.0,9179.410000000003,0.0,1.0,39541.31,SETTLEMENT,232.65999999999622,1.0,0.36363636363636365,7,1,1,1,0,0.2,1,1,1,1,1,1,15,0,0.0,1,602.16,108.39,48720.72,39541.31,8468.86,1,0.9696969696969697,1,1,1,1
232.65999999999622,316.0200000000041,232.65999999999622,1.0059187990429586,39541.31,SETTLEMENT,232.65999999999622,1.0,0.36363636363636365,7,2,5,7,7,0.2,0,0,0,0,0,1,11,0,0.005918799042958642,0,464.98,83.7,39857.33,39308.65,0.0,1,0.42424242424242425,8,0,0,1
482.45000000000437,1018.5400000000009,-482.45000000000437,0.987945910129383,39541.31,SETTLEMENT,232.65999999999622,1.0,0.36363636363636365,7,3,6,4,7,0.2,0,0,0,0,0,1,10,0,0.012054089870616963,0,454.31,81.78,40559.85,40023.76,0.0,1,0.48484848484848486,8,0,0,1
11997.069999999996,11841.099999999999,11997.069999999996,1.4355563994504839,39541.31,SETTLEMENT,232.65999999999622,1.0,0.36363636363636365,7,6,2,6,1,0.2,0,0,0,0,0,1,9,0,0.43555639945048386,0,132.18,23.79,27700.21,27544.24,0.0,1,0.48484848484848486,0,1,1,1
2963.729999999996,2622.229999999996,2963.729999999996,1.0810258633840728,39541.31,SETTLEMENT,232.65999999999622,1.0,0.36363636363636365,7,4,4,5,2,0.2,0,0,0,0,0,1,8,0,0.08102586338407286,0,289.41,52.09,36919.08,36577.58,0.0,1,0.48484848484848486,1,0,1,1
5948.729999999996,4292.409999999996,5948.729999999996,1.17708464190604,39541.31,SETTLEMENT,232.65999999999622,1.0,0.36363636363636365,7,5,3,2,2,0.2,0,0,0,0,0,1,9,0,0.17708464190603984,0,261.74,47.11,35248.9,33592.58,1347.47,1,0.6060606060606061,3,0,1,1
167766.77,243738.82,-167766.77,0.19073694570901434,39541.31,SETTLEMENT,232.65999999999622,1.0,0.36363636363636365,7,7,7,3,15,0.2,0,0,0,0,0,0,15,0,0.8092630542909857,0,3552.18,639.41,283280.13,207308.08,71780.46,1,0.48484848484848486,16,0,0,0
0.0,341.5,0.0,1.0,36577.58,SETTLEMENT,1545.1500000000015,0.0,0.3529411764705882,6,1,1,1,1,0.2,1,1,1,1,1,1,8,0,0.0,0,289.41,52.09,36919.08,36577.58,0.0,1,0.9411764705882353,1,1,1,1
1545.1500000000015,6706.709999999999,-1545.1500000000015,0.9594690621579304,36577.58,SETTLEMENT,1545.1500000000015,0.0,0.3529411764705882,6,2,5,4,3,0.2,0,0,0,0,0,1,6,0,0.040530937842069584,0,553.57,99.65,43284.29,38122.73,4508.34,1,0.47058823529411764,3,0,1,1
2102.0499999999956,4010.709999999999,-2102.0499999999956,0.945654857608514,36577.58,SETTLEMENT,1545.1500000000015,0.0,0.3529411764705882,6,3,6,6,3,0.2,0,0,0,0,0,1,8,0,0.05434514239148606,0,158.91,28.6,40588.29,38679.63,1721.15,1,0.4117647058823529,3,0,1,1
23433.57,24033.0,-23433.57,0.6095130654886634,36577.58,SETTLEMENT,1545.1500000000015,0.0,0.3529411764705882,6,5,2,2,1,0.2,0,0,0,0,0,1,15,0,0.39048693451133665,0,507.99,91.44,60610.58,60011.15,0.0,1,0.5882352941176471,1,1,1,1
9033.34,8877.370000000003,9033.34,1.3279574967397902,36577.58,SETTLEMENT,1545.1500000000015,0.0,0.3529411764705882,6,4,4,3,2,0.2,0,0,0,0,0,1,9,0,0.32795749673979024,0,132.18,23.79,27700.21,27544.24,0.0,1,0.47058823529411764,2,0,1,1
401867.43,409446.56,-401867.43,0.08342569573320038,36577.58,SETTLEMENT,1545.1500000000015,0.0,0.3529411764705882,6,6,3,5,2,0.2,0,0,0,0,0,0,15,0,0.9165743042667995,0,6422.98,1156.15,446024.14,438445.01,0.0,1,0.4117647058823529,2,0,1,1
84.56000000000131,390.1999999999971,84.56000000000131,1.0030794240865153,27544.24,SETTLEMENT,490.7599999999984,2.0,0.0,6,1,4,5,8,0.0,0,1,0,0,0,1,5,0,0.0030794240865152584,0,402.34,72.42,27934.44,27459.68,0.0,1,0.4117647058823529,5,0,0,0
575.3199999999997,846.0299999999988,-575.3199999999997,0.9795402204017417,27544.24,SETTLEMENT,490.7599999999984,2.0,0.0,6,2,6,4,18,0.0,0,0,0,0,0,1,8,0,0.020459779598258284,0,229.42,41.29,28390.27,28119.56,0.0,1,0.5294117647058824,21,0,0,0
9033.34,9374.84,-9033.34,0.7530361494664218,27544.24,SETTLEMENT,490.7599999999984,2.0,0.0,6,4,1,6,0,0.0,0,0,1,0,0,1,8,0,0.24696385053357822,1,289.41,52.09,36919.08,36577.58,0.0,1,0.35294117647058826,3,1,1,1
11997.069999999996,21176.48,-11997.069999999996,0.6965940177500443,27544.24,SETTLEMENT,490.7599999999984,2.0,0.0,6,5,2,1,2,0.0,0,0,0,1,0,1,15,0,0.30340598224995574,0,602.16,108.39,48720.72,39541.31,8468.86,1,0.5882352941176471,5,0,1,1
2488.4399999999987,6954.420000000002,-2488.4399999999987,0.9171422596984352,27544.24,SETTLEMENT,490.7599999999984,2.0,0.0,6,3,3,2,4,0.0,0,0,0,0,0,1,12,0,0.08285774030156479,0,364.44,65.6,34498.66,30032.68,4035.94,1,0.5882352941176471,1,0,0,1
181676.61000000002,183933.94,-181676.61000000002,0.13165150605209758,27544.24,SETTLEMENT,490.7599999999984,2.0,0.0,6,6,5,3,13,0.0,0,0,0,0,0,0,6,0,0.8683484939479025,0,1912.99,344.34,211478.18,209220.85,0.0,1,0.5882352941176471,16,0,0,0
1181.300000000001,8284.19,1181.300000000001,1.0869676608106627,14764.51,SETTLEMENT,460.1299999999992,0.0,0.05882352941176472,5,1,3,5,1,0.0,0,1,0,0,0,1,6,0,0.08696766081066266,0,426.6,76.79,23048.7,13583.21,8962.1,1,0.35294117647058826,0,1,1,1
1641.4300000000003,1285.4400000000005,1641.4300000000003,1.1250796306964523,14764.51,SETTLEMENT,460.1299999999992,0.0,0.05882352941176472,5,2,5,1,10,0.0,0,0,0,1,0,1,7,0,0.1250796306964524,0,210.34,37.85,16049.95,13123.08,2678.68,1,0.47058823529411764,9,0,0,0
12779.730000000001,12935.699999999999,-12779.730000000001,0.5360289483391083,14764.51,SETTLEMENT,460.1299999999992,0.0,0.05882352941176472,5,4,2,3,1,0.0,0,0,0,0,0,1,9,0,0.46397105166089175,0,132.18,23.79,27700.21,27544.24,0.0,1,0.4117647058823529,2,1,1,1
2481.2699999999986,7836.33,-2481.2699999999986,0.8561230631493618,14764.51,SETTLEMENT,460.1299999999992,0.0,0.05882352941176472,5,3,4,2,2,0.0,0,0,0,0,0,1,5,0,0.14387693685063818,0,323.48,58.23,22600.84,17245.78,4973.35,1,0.4117647058823529,3,0,1,1
32908.509999999995,33862.35,-32908.509999999995,0.30970368564861217,14764.51,SETTLEMENT,460.1299999999992,0.0,0.05882352941176472,5,5,1,4,1,0.0,0,0,1,0,0,0,5,0,0.6902963143513878,0,808.34,145.5,48626.86,47673.02,0.0,1,0.35294117647058826,2,1,1,1
0.0,599.4300000000003,0.0,1.0,60011.15,SETTLEMENT,238.25,2.0,0.4117647058823529,6,1,2,1,2,0.2,1,1,0,1,1,1,15,0,0.0,0,507.99,91.44,60610.58,60011.15,0.0,1,0.9411764705882353,1,0,1,1
238.25,3193.3699999999953,238.25,1.0039859200406873,60011.15,SETTLEMENT,238.25,2.0,0.4117647058823529,6,2,5,2,20,0.2,0,0,0,0,0,1,12,0,0.003985920040687335,0,402.16,72.38,63204.52,59772.9,2957.08,1,0.5294117647058824,19,0,0,0
513.1699999999983,1753.5800000000017,513.1699999999983,1.0086249986974347,60011.15,SETTLEMENT,238.25,2.0,0.4117647058823529,6,3,4,5,8,0.2,0,0,0,0,0,1,20,0,0.00862499869743474,0,581.24,104.62,61764.73,59497.98,1580.89,1,0.47058823529411764,7,0,0,0
9579.46,8133.68,9579.46,1.189949216454971,60011.15,SETTLEMENT,238.25,2.0,0.4117647058823529,6,4,1,3,0,0.2,0,0,1,0,0,1,11,0,0.18994921645497104,1,32.75,5.9,51877.47,50431.69,1407.13,1,0.5294117647058824,1,1,1,1
13041.529999999992,22073.799999999996,-13041.529999999992,0.8214777336026551,60011.15,SETTLEMENT,238.25,2.0,0.4117647058823529,6,5,3,6,5,0.2,0,0,0,0,0,1,20,0,0.17852226639734495,0,715.42,128.76,82084.95,73052.68,8188.09,1,0.4117647058823529,6,0,0,1
128652.14000000001,144045.96,-128652.14000000001,0.3180859933058519,60011.15,SETTLEMENT,238.25,2.0,0.4117647058823529,6,6,6,4,24,0.2,0,0,0,0,0,0,10,0,0.6819140066941481,0,3113.62,560.44,204057.11,188663.29,11719.76,1,0.47058823529411764,23,0,0,0
0.0,5161.559999999998,0.0,1.0,38122.73,SETTLEMENT,556.8999999999942,1.0,0.34285714285714286,6,1,4,1,3,0.0,1,1,0,1,1,1,6,0,0.0,0,553.57,99.65,43284.29,38122.73,4508.34,1,0.9142857142857143,2,0,1,1
556.8999999999942,2465.5599999999977,-556.8999999999942,0.9856022407660054,38122.73,SETTLEMENT,556.8999999999942,1.0,0.34285714285714286,6,2,5,3,3,0.0,0,0,0,0,0,1,8,0,0.01439775923399459,0,158.91,28.6,40588.29,38679.63,1721.15,1,0.5142857142857142,2,0,1,1
1185.9199999999983,1734.5999999999985,-1185.9199999999983,0.9698305589227817,38122.73,SETTLEMENT,556.8999999999942,1.0,0.34285714285714286,6,3,6,2,16,0.0,0,0,0,0,0,1,11,0,0.030169441077218327,0,464.98,83.7,39857.33,39308.65,0.0,1,0.5714285714285714,15,0,0,0
5255.300000000003,5114.940000000002,5255.300000000003,1.159893852363875,38122.73,SETTLEMENT,556.8999999999942,1.0,0.34285714285714286,6,4,1,6,0,0.0,0,0,1,0,0,1,10,0,0.1598938523638752,1,118.95,21.41,33007.79,32867.43,0.0,1,0.34285714285714286,1,1,1,1
10663.050000000003,10188.290000000005,10663.050000000003,1.3883166154886002,38122.73,SETTLEMENT,556.8999999999942,1.0,0.34285714285714286,6,5,2,5,1,0.0,0,0,0,0,0,1,5,0,0.38831661548860014,0,402.34,72.42,27934.44,27459.68,0.0,1,0.45714285714285713,2,1,1,1
252735.1,286016.08,-252735.1,0.13106998013428073,38122.73,SETTLEMENT,556.8999999999942,1.0,0.34285714285714286,6,6,3,4,2,0.0,0,0,0,0,0,0,8,0,0.8689300198657193,0,4074.43,733.39,324138.81,290857.83,28473.16,1,0.45714285714285713,1,0,1,1
364.84000000000015,4101.140000000003,364.84000000000015,1.0121481000030634,30397.52,SETTLEMENT,685.3099999999977,0.0,0.4,7,1,2,1,1,0.2,0,1,0,1,1,1,12,0,0.012148100003063335,0,364.44,65.6,34498.66,30032.68,4035.94,1,0.9714285714285714,2,1,1,1
1050.1499999999978,3483.880000000001,-1050.1499999999978,0.9666064290295593,30397.52,SETTLEMENT,685.3099999999977,0.0,0.4,7,2,6,6,15,0.2,0,0,0,0,0,1,9,0,0.03339357097044067,0,330.88,59.56,33881.4,31447.67,2043.29,1,0.34285714285714286,16,0,0,0
1066.9900000000016,10214.73,1066.9900000000016,1.0363781356831943,30397.52,SETTLEMENT,685.3099999999977,0.0,0.4,7,3,7,2,20,0.2,0,0,0,0,0,1,11,0,0.036378135683194326,0,442.78,79.7,40612.25,29330.53,10759.24,1,0.5714285714285714,21,0,0,0
7725.210000000003,12886.77,-7725.210000000003,0.7973594755674632,30397.52,SETTLEMENT,685.3099999999977,0.0,0.4,7,5,1,3,1,0.2,0,0,1,0,0,1,6,0,0.20264052443253677,0,553.57,99.65,43284.29,38122.73,4508.34,1,0.45714285714285713,2,1,1,1
8282.109999999997,10190.77,-8282.109999999997,0.7858792858152988,30397.52,SETTLEMENT,685.3099999999977,0.0,0.4,7,6,3,4,1,0.2,0,0,0,0,0,1,8,0,0.2141207141847013,0,158.91,28.6,40588.29,38679.63,1721.15,1,0.4,2,1,1,1
2469.91,2610.2700000000004,-2469.91,0.9248523538347841,30397.52,SETTLEMENT,685.3099999999977,0.0,0.4,7,4,4,7,2,0.2,0,0,0,0,0,1,10,0,0.07514764616521584,0,118.95,21.41,33007.79,32867.43,0.0,1,0.34285714285714286,1,0,1,1
447018.29,453006.0,-447018.29,0.06367095383791332,30397.52,SETTLEMENT,685.3099999999977,0.0,0.4,7,7,5,5,8,0.2,0,0,0,0,0,0,5,0,0.9363290461620867,0,5074.33,913.38,483403.52,477415.81,0.0,1,0.4,9,0,0,0
348.00999999999476,1097.770000000004,348.00999999999476,1.0069006214148286,50779.7,SETTLEMENT,8370.270000000011,3.0,0.34285714285714286,7,1,3,1,4,0.2,0,1,0,1,1,1,11,0,0.006900621414828548,0,32.75,5.9,51877.47,50431.69,1407.13,1,0.9714285714285714,1,0,0,1
8718.280000000006,10985.030000000006,-8718.280000000006,0.8534693110589636,50779.7,SETTLEMENT,8370.270000000011,3.0,0.34285714285714286,7,2,6,5,12,0.2,0,0,0,0,0,1,20,0,0.1465306889410364,0,581.24,104.62,61764.73,59497.98,1580.89,1,0.45714285714285713,9,0,0,0
22272.979999999996,31305.25,-22272.979999999996,0.695110706410771,50779.7,SETTLEMENT,8370.270000000011,3.0,0.34285714285714286,7,6,1,7,1,0.2,0,0,1,0,0,1,20,0,0.304889293589229,0,715.42,128.76,82084.95,73052.68,8188.09,1,0.4,4,1,1,1
12100.07,10191.409999999996,12100.07,1.3128279665550058,50779.7,SETTLEMENT,8370.270000000011,3.0,0.34285714285714286,7,5,2,3,4,0.2,0,0,0,0,0,1,8,0,0.31282796655500583,0,158.91,28.6,40588.29,38679.63,1721.15,1,0.6285714285714286,1,0,0,1
9231.450000000004,9830.880000000005,-9231.450000000004,0.8461710865397513,50779.7,SETTLEMENT,8370.270000000011,3.0,0.34285714285714286,7,3,4,6,6,0.2,0,0,0,0,0,1,15,0,0.1538289134602487,0,507.99,91.44,60610.58,60011.15,0.0,1,0.45714285714285713,3,0,0,1
11238.39,2058.979999999996,11238.39,1.284218959867541,50779.7,SETTLEMENT,8370.270000000011,3.0,0.34285714285714286,7,4,5,2,10,0.2,0,0,0,0,0,1,15,0,0.2842189598675411,0,602.16,108.39,48720.72,39541.31,8468.86,1,0.6285714285714286,7,0,0,0
485571.63999999996,582513.51,-485571.63999999996,0.09467618744086666,50779.7,SETTLEMENT,8370.270000000011,3.0,0.34285714285714286,7,7,7,4,16,0.2,0,0,0,0,0,0,20,0,0.9053238125591333,0,7651.52,1377.28,633293.21,536351.34,87913.07,1,0.45714285714285713,13,0,0,0
0.0,140.36000000000058,0.0,1.0,32867.43,SETTLEMENT,187.9800000000032,1.0,0.48484848484848486,6,1,1,1,1,0.0,1,1,1,1,1,1,10,0,0.0,0,118.95,21.41,33007.79,32867.43,0.0,1,0.9696969696969697,0,1,1,1
187.9800000000032,2829.409999999996,-187.9800000000032,0.9943131850429323,32867.43,SETTLEMENT,187.9800000000032,1.0,0.48484848484848486,6,2,6,2,14,0.0,0,0,0,0,0,1,10,0,0.005686814957067638,0,164.9,29.68,35696.84,33055.41,2446.85,1,0.48484848484848486,15,0,0,0
725.1500000000015,2381.470000000001,-725.1500000000015,0.9784133877183592,32867.43,SETTLEMENT,187.9800000000032,1.0,0.48484848484848486,6,3,4,3,10,0.0,0,0,0,0,0,1,9,0,0.02158661228164081,0,261.74,47.11,35248.9,33592.58,1347.47,1,0.48484848484848486,11,0,0,0
2834.75,1631.2300000000032,2834.75,1.0943888457506956,32867.43,SETTLEMENT,187.9800000000032,1.0,0.48484848484848486,6,4,3,6,2,0.0,0,0,0,0,0,1,12,0,0.09438884575069557,0,364.44,65.6,34498.66,30032.68,4035.94,1,0.30303030303030304,3,0,1,1
5255.300000000003,10416.86,-5255.300000000003,0.8621478577216269,32867.43,SETTLEMENT,187.9800000000032,1.0,0.48484848484848486,6,5,2,5,2,0.0,0,0,0,0,0,1,6,0,0.13785214227837309,0,553.57,99.65,43284.29,38122.73,4508.34,1,0.42424242424242425,3,0,1,1
192998.6,196037.23,-192998.6,0.14551736708702942,32867.43,SETTLEMENT,187.9800000000032,1.0,0.48484848484848486,6,6,5,4,13,0.0,0,0,0,0,0,0,5,0,0.8544826329129707,0,2575.11,463.52,228904.66,225866.03,0.0,1,0.48484848484848486,14,0,0,0
2758.909999999989,10165.11,2758.909999999989,1.0392482861567958,73052.68,SETTLEMENT,10282.620000000003,2.0,0.0,5,1,5,1,20,0.0,0,1,0,1,0,1,15,0,0.03924828615679581,0,836.89,150.65,83217.79,70293.77,11936.48,1,0.5882352941176471,17,0,0,0
22620.98999999999,21175.209999999992,22620.98999999999,1.4485471337565723,73052.68,SETTLEMENT,10282.620000000003,2.0,0.0,5,5,1,4,9,0.0,0,0,1,0,0,1,11,0,0.4485471337565723,0,32.75,5.9,51877.47,50431.69,1407.13,1,0.47058823529411764,6,0,0,0
13041.529999999992,12442.099999999991,13041.529999999992,1.2173184483216868,73052.68,SETTLEMENT,10282.620000000003,2.0,0.0,5,2,2,3,11,0.0,0,0,0,0,0,1,15,0,0.21731844832168673,0,507.99,91.44,60610.58,60011.15,0.0,1,0.47058823529411764,8,0,0,0
13554.69999999999,11287.94999999999,13554.69999999999,1.2278178183528246,73052.68,SETTLEMENT,10282.620000000003,2.0,0.0,5,3,3,2,17,0.0,0,0,0,0,0,1,20,0,0.22781781835282458,0,581.24,104.62,61764.73,59497.98,1580.89,1,0.5882352941176471,14,0,0,0
21442.5,35211.56000000001,-21442.5,0.7730836641614948,73052.68,SETTLEMENT,10282.620000000003,2.0,0.0,5,4,4,5,19,0.0,0,0,0,0,0,0,15,0,0.2269163358385052,0,772.96,139.13,108264.24,94495.18,12856.97,1,0.35294117647058826,16,0,0,0
1276.9300000000003,493.09000000000015,1276.9300000000003,1.0568223485603623,23749.25,SETTLEMENT,337.0799999999981,1.0,0.4571428571428572,5,3,1,1,0,0.2,0,0,1,1,1,1,8,0,0.05682234856036227,1,352.88,63.52,23256.16,22472.32,367.44,1,0.9714285714285714,0,1,1,1
65.4900000000016,198.2599999999984,65.4900000000016,1.0027651859333147,23749.25,SETTLEMENT,337.0799999999981,1.0,0.4571428571428572,5,1,4,2,2,0.2,0,1,0,0,0,1,6,0,0.0027651859333147105,0,223.52,40.23,23947.51,23683.76,0.0,1,0.5142857142857142,2,0,1,1
402.5699999999997,121.79999999999927,402.5699999999997,1.0172431369256785,23749.25,SETTLEMENT,337.0799999999981,1.0,0.4571428571428572,5,2,5,4,16,0.2,0,0,0,0,0,1,11,0,0.0172431369256785,0,237.93,42.84,23627.45,23346.68,0.0,1,0.4,16,0,0,0
4482.130000000001,781.6699999999983,4482.130000000001,1.2326310315189817,23749.25,SETTLEMENT,337.0799999999981,1.0,0.4571428571428572,5,4,2,5,1,0.2,0,0,0,0,0,1,10,0,0.23263103151898162,0,106.65,19.19,24530.92,19267.12,5137.96,1,0.34285714285714286,1,1,1,1
8243.32,8533.0,-8243.32,0.7423364237383867,23749.25,SETTLEMENT,337.0799999999981,1.0,0.4571428571428572,5,5,3,3,1,0.2,0,0,0,0,0,0,7,0,0.25766357626161324,0,245.49,44.19,32282.25,31992.57,0.0,1,0.45714285714285713,1,1,1,1
84.56000000000131,240.52999999999884,-84.56000000000131,0.9969300296541127,27459.68,SETTLEMENT,575.3199999999997,1.0,0.11764705882352944,6,1,4,6,13,0.0,0,1,0,0,0,1,9,0,0.0030699703458872455,0,132.18,23.79,27700.21,27544.24,0.0,1,0.35294117647058826,11,0,0,0
659.880000000001,930.5900000000001,-659.880000000001,0.9765330609725045,27459.68,SETTLEMENT,575.3199999999997,1.0,0.11764705882352944,6,2,6,5,30,0.0,0,0,0,0,0,1,8,0,0.023466939027495488,0,229.42,41.29,28390.27,28119.56,0.0,1,0.4117647058823529,28,0,0,0
8192.560000000001,2928.760000000002,8192.560000000001,1.4252093722362242,27459.68,SETTLEMENT,575.3199999999997,1.0,0.11764705882352944,6,5,1,4,1,0.0,0,0,1,0,0,1,10,0,0.4252093722362243,0,106.65,19.19,24530.92,19267.12,5137.96,1,0.47058823529411764,1,1,1,1
4987.360000000001,4203.52,4987.360000000001,1.221933471933472,27459.68,SETTLEMENT,575.3199999999997,1.0,0.11764705882352944,6,4,2,2,2,0.0,0,0,0,0,0,1,8,0,0.22193347193347196,0,352.88,63.52,23256.16,22472.32,367.44,1,0.47058823529411764,0,0,1,1
3775.920000000002,3512.170000000002,3775.920000000002,1.1594307660607945,27459.68,SETTLEMENT,575.3199999999997,1.0,0.11764705882352944,6,3,3,3,4,0.0,0,0,0,0,0,1,6,0,0.15943076606079448,0,223.52,40.23,23947.51,23683.76,0.0,1,0.47058823529411764,2,0,0,1
508891.66,605833.5299999999,-508891.66,0.05119718727653408,27459.68,SETTLEMENT,575.3199999999997,1.0,0.11764705882352944,6,6,5,1,20,0.0,0,0,0,1,0,0,20,0,0.9488028127234659,0,7651.52,1377.28,633293.21,536351.34,87913.07,1,0.5882352941176471,18,0,0,0
0.0,2926.870000000001,0.0,1.0,13123.08,SETTLEMENT,460.1299999999992,0.0,0.2941176470588235,6,1,2,1,0,0.0,1,1,0,1,1,1,7,0,0.0,1,210.34,37.85,16049.95,13123.08,2678.68,1,0.9411764705882353,1,1,1,1
460.1299999999992,9925.62,-460.1299999999992,0.9661250911971471,13123.08,SETTLEMENT,460.1299999999992,0.0,0.2941176470588235,6,2,4,3,9,0.0,0,0,0,0,0,1,6,0,0.03387490880285288,0,426.6,76.79,23048.7,13583.21,8962.1,1,0.5294117647058824,10,0,0,0
1641.4300000000003,1879.9699999999993,-1641.4300000000003,0.8888259752609466,13123.08,SETTLEMENT,460.1299999999992,0.0,0.2941176470588235,6,3,5,5,10,0.0,0,0,0,0,0,1,5,0,0.11117402473905333,0,202.15,36.39,15003.05,14764.51,0.0,1,0.47058823529411764,11,0,0,0
9349.24,10133.08,-9349.24,0.5839664084527099,13123.08,SETTLEMENT,460.1299999999992,0.0,0.2941176470588235,6,5,1,6,0,0.0,0,0,1,0,0,1,8,0,0.4160335915472902,1,352.88,63.52,23256.16,22472.32,367.44,1,0.29411764705882354,1,1,1,1
6144.039999999999,11407.839999999998,-6144.039999999999,0.6811126935421589,13123.08,SETTLEMENT,460.1299999999992,0.0,0.2941176470588235,6,4,3,4,1,0.0,0,0,0,0,0,1,10,0,0.3188873064578411,0,106.65,19.19,24530.92,19267.12,5137.96,1,0.5294117647058824,0,1,1,1
69023.93,69896.64,-69023.93,0.15975115831970027,13123.08,SETTLEMENT,460.1299999999992,0.0,0.2941176470588235,6,6,6,2,20,0.0,0,0,0,0,0,0,12,0,0.8402488416802997,0,739.59,133.12,83019.72,82147.01,0.0,1,0.6470588235294118,21,0,0,0
2333.6399999999994,13933.48,-2333.6399999999994,0.8919649123456768,19267.12,SETTLEMENT,312.2999999999993,0.0,0.11764705882352944,5,2,4,2,18,0.0,0,0,0,0,0,1,10,0,0.10803508765432325,0,389.37,70.09,33200.6,21600.76,11140.38,1,0.47058823529411764,21,0,0,0
2021.3400000000001,3333.720000000001,2021.3400000000001,1.1172078038801376,19267.12,SETTLEMENT,312.2999999999993,0.0,0.11764705882352944,5,1,3,1,10,0.0,0,1,0,1,0,1,5,0,0.11720780388013766,0,323.48,58.23,22600.84,17245.78,4973.35,1,0.5882352941176471,13,0,0,0
4416.639999999999,4680.389999999999,-4416.639999999999,0.8135160971062028,19267.12,SETTLEMENT,312.2999999999993,0.0,0.11764705882352944,5,3,2,4,0,0.0,0,0,0,0,0,1,6,0,0.18648390289379727,1,223.52,40.23,23947.51,23683.76,0.0,1,0.47058823529411764,3,1,1,1
8192.560000000001,8667.32,-8192.560000000001,0.7016512938242543,19267.12,SETTLEMENT,312.2999999999993,0.0,0.11764705882352944,5,4,1,3,0,0.0,0,0,1,0,0,1,5,0,0.2983487061757457,1,402.34,72.42,27934.44,27459.68,0.0,1,0.47058823529411764,3,1,1,1
380363.58,499362.6,-380363.58,0.048212312017069756,19267.12,SETTLEMENT,312.2999999999993,0.0,0.11764705882352944,5,5,5,5,21,0.0,0,0,0,0,0,0,8,0,0.9517876879829302,0,5508.98,991.61,518629.72,399630.7,112498.43,1,0.4117647058823529,24,0,0,0
12256.770000000019,73585.04999999993,-12256.770000000019,0.9785414325582665,558926.28,SETTLEMENT,10522.719999999972,0.0,0.4242424242424243,5,3,1,1,1,0.0,0,0,1,1,1,1,8,0,0.021458567441733464,0,3977.02,715.86,632511.33,571183.05,56635.4,1,0.9696969696969697,2,1,1,1
472.71999999997206,150816.22999999998,472.71999999997206,1.0008464804128028,558926.28,SETTLEMENT,10522.719999999972,0.0,0.4242424242424243,5,1,3,3,2,0.0,0,1,0,0,0,1,11,0,0.000846480412802762,0,6256.57,1126.19,709742.51,558453.56,143906.19,1,0.48484848484848486,3,0,1,1
10995.439999999944,23196.919999999925,-10995.439999999944,0.9807071048283614,558926.28,SETTLEMENT,10522.719999999972,0.0,0.4242424242424243,5,2,5,4,12,0.0,0,0,0,0,0,1,10,0,0.019292895171638562,0,6763.24,1217.38,582123.2,569921.72,4220.86,1,0.42424242424242425,11,0,0,0
57388.390000000014,49363.40000000002,57388.390000000014,1.1144248343829017,558926.28,SETTLEMENT,10522.719999999972,0.0,0.4242424242424243,5,4,2,2,1,0.0,0,0,0,0,0,1,12,0,0.11442483438290178,0,6800.84,1224.15,509562.88,501537.89,0.0,1,0.5454545454545454,0,1,1,1
372332.85000000003,369480.41000000003,372332.85000000003,2.9954231507508062,558926.28,SETTLEMENT,10522.719999999972,0.0,0.4242424242424243,5,5,4,5,4,0.0,0,0,0,0,0,0,7,0,1.9954231507508065,0,2417.32,435.12,189445.87,186593.43,0.0,1,0.36363636363636365,3,0,0,1
16170.570000000007,23921.429999999935,16170.570000000007,1.0333161490971416,501537.89,SETTLEMENT,7951.510000000009,1.0,0.0,5,1,4,5,8,0.2,0,1,0,0,0,1,10,0,0.033316149097141534,0,2120.87,381.76,525459.32,485367.32,37589.37,1,0.35294117647058826,5,0,0,0
24122.080000000016,18134.369999999995,24122.080000000016,1.0505263535365534,501537.89,SETTLEMENT,7951.510000000009,1.0,0.0,5,2,5,3,14,0.2,0,0,0,0,0,1,5,0,0.05052635353655342,0,5074.33,913.38,483403.52,477415.81,0.0,1,0.47058823529411764,11,0,0,0
69645.16000000003,130973.43999999994,-69645.16000000003,0.8780685806415298,501537.89,SETTLEMENT,7951.510000000009,1.0,0.0,5,4,1,2,0,0.2,0,0,1,0,0,1,8,0,0.12193141935847016,1,3977.02,715.86,632511.33,571183.05,56635.4,1,0.5294117647058824,3,1,1,1
56915.67000000004,208204.62,-56915.67000000004,0.8980834323985686,501537.89,SETTLEMENT,7951.510000000009,1.0,0.0,5,3,3,4,1,0.2,0,0,0,0,0,1,11,0,0.10191656760143142,0,6256.57,1126.19,709742.51,558453.56,143906.19,1,0.4117647058823529,4,1,1,1
270277.58,229710.19,270277.58,2.1687158077406368,501537.89,SETTLEMENT,7951.510000000009,1.0,0.0,5,5,2,1,1,0.2,0,0,0,1,0,0,6,0,1.1687158077406365,0,3357.02,604.26,271827.7,231260.31,36606.11,1,0.5294117647058824,4,1,1,1
0.0,118999.01999999996,0.0,1.0,399630.7,SETTLEMENT,6020.48000000004,0.0,0.4,6,1,1,1,0,0.0,1,1,1,1,1,1,8,0,0.0,1,5508.98,991.61,518629.72,399630.7,112498.43,1,0.9714285714285714,0,1,1,1
6020.48000000004,65579.22999999998,6020.48000000004,1.015295537803871,399630.7,SETTLEMENT,6020.48000000004,0.0,0.4,6,2,6,6,13,0.0,0,0,0,0,0,1,10,0,0.01529553780387115,0,4542.72,817.69,465209.93,393610.22,66239.3,1,0.4,13,0,0,0
12186.299999999988,43643.45000000001,-12186.299999999988,0.970408458125818,399630.7,SETTLEMENT,6020.48000000004,0.0,0.4,6,3,5,5,12,0.0,0,0,0,0,0,1,7,0,0.02959154187418195,0,3422.4,616.03,443274.15,411817.0,27418.72,1,0.4,12,0,0,0
34305.48999999999,31486.929999999993,34305.48999999999,1.0939039766787515,399630.7,SETTLEMENT,6020.48000000004,0.0,0.4,6,4,2,4,0,0.0,0,0,0,0,0,1,6,0,0.09390397667875149,1,2388.61,429.95,368143.77,365325.21,0.0,1,0.45714285714285713,0,1,1,1
136498.45,178711.78999999998,-136498.45,0.7454000589223697,399630.7,SETTLEMENT,6020.48000000004,0.0,0.4,6,5,3,2,1,0.0,0,0,0,0,0,1,8,0,0.2545999410776303,0,7165.02,1289.7,578342.49,536129.15,33758.62,1,0.5714285714285714,1,1,1,1
168370.39,127803.0,168370.39,1.72805571349446,399630.7,SETTLEMENT,6020.48000000004,0.0,0.4,6,6,4,3,5,0.0,0,0,0,0,0,0,6,0,0.7280557134944601,0,3357.02,604.26,271827.7,231260.31,36606.11,1,0.5142857142857142,5,0,0,1
0.0,2818.5599999999977,0.0,1.0,365325.21,SETTLEMENT,4444.059999999998,0.0,0.3529411764705882,7,1,2,1,0,0.0,1,1,0,1,1,1,6,0,0.0,1,2388.61,429.95,368143.77,365325.21,0.0,1,0.9411764705882353,1,1,1,1
15734.600000000035,74210.09999999998,15734.600000000035,1.0450086459702108,365325.21,SETTLEMENT,4444.059999999998,0.0,0.3529411764705882,7,3,7,6,18,0.0,0,0,0,0,0,1,7,0,0.0450086459702108,0,1817.32,327.12,439535.31,349590.61,87800.26,1,0.4117647058823529,17,0,0,0
17572.72000000003,15216.97000000003,17572.72000000003,1.050532262184521,365325.21,SETTLEMENT,4444.059999999998,0.0,0.3529411764705882,7,4,5,2,4,0.0,0,0,0,0,0,1,6,0,0.05053226218452104,0,1996.4,359.35,350108.24,347752.49,0.0,1,0.5882352941176471,3,0,0,1
34305.48999999999,153304.50999999995,-34305.48999999999,0.9141570204691482,365325.21,SETTLEMENT,4444.059999999998,0.0,0.3529411764705882,7,6,1,7,0,0.0,0,0,1,0,0,1,8,0,0.08584297953085183,1,5508.98,991.61,518629.72,399630.7,112498.43,1,0.35294117647058826,1,1,1,1
170803.94,213017.27999999997,-170803.94,0.681412696922001,365325.21,SETTLEMENT,4444.059999999998,0.0,0.3529411764705882,7,7,3,5,1,0.0,0,0,0,0,0,1,8,0,0.31858730307799904,0,7165.02,1289.7,578342.49,536129.15,33758.62,1,0.4117647058823529,0,1,1,1
25944.48000000004,20329.369999999995,25944.48000000004,1.076446532482855,365325.21,SETTLEMENT,4444.059999999998,0.0,0.3529411764705882,7,5,4,3,3,0.0,0,0,0,0,0,1,8,0,0.07644653248285499,0,4758.56,856.55,344995.84,339380.73,0.0,1,0.5294117647058824,4,0,1,1
4444.059999999998,83099.91999999998,-4444.059999999998,0.9879815323755812,365325.21,SETTLEMENT,4444.059999999998,0.0,0.3529411764705882,7,2,6,4,7,0.0,0,0,0,0,0,0,10,0,0.012018467624418864,0,2055.21,369.93,448425.13,369769.27,76230.72,1,0.4117647058823529,8,0,0,1
6388.149999999965,33703.84999999998,6388.149999999965,1.013161475313171,491755.47,SETTLEMENT,3394.270000000077,0.0,0.3030303030303031,7,1,1,1,1,0.0,0,1,1,1,1,1,10,0,0.013161475313170991,0,2120.87,381.76,525459.32,485367.32,37589.37,1,0.9696969696969697,1,1,1,1
9782.420000000042,17807.410000000033,-9782.420000000042,0.980495152619476,491755.47,SETTLEMENT,3394.270000000077,0.0,0.3030303030303031,7,2,7,6,7,0.0,0,0,0,0,0,1,12,0,0.019504847380524014,0,6800.84,1224.15,509562.88,501537.89,0.0,1,0.42424242424242425,7,0,0,1
14339.659999999974,8351.949999999953,14339.659999999974,1.0300359973416044,491755.47,SETTLEMENT,3394.270000000077,0.0,0.3030303030303031,7,3,6,7,5,0.0,0,0,0,0,0,1,5,0,0.03003599734160453,0,5074.33,913.38,483403.52,477415.81,0.0,1,0.42424242424242425,5,0,0,1
42190.71999999997,126515.38,-42190.71999999997,0.9209831987002286,491755.47,SETTLEMENT,3394.270000000077,0.0,0.3030303030303031,7,5,3,2,1,0.0,0,0,0,0,0,1,10,0,0.07901680129977139,0,4015.08,722.71,618270.85,533946.19,79586.87,1,0.6666666666666666,1,1,1,1
144002.97999999998,141647.22999999998,144002.97999999998,1.4140961866297492,491755.47,SETTLEMENT,3394.270000000077,0.0,0.3030303030303031,7,6,2,3,1,0.0,0,0,0,0,0,1,6,0,0.4140961866297492,0,1996.4,359.35,350108.24,347752.49,0.0,1,0.5454545454545454,1,1,1,1
41271.25,54181.04000000004,41271.25,1.0916153067470378,491755.47,SETTLEMENT,3394.270000000077,0.0,0.3030303030303031,7,4,4,4,2,0.0,0,0,0,0,0,1,12,0,0.09161530674703768,0,6702.67,1206.48,545936.51,450484.22,87543.14,1,0.48484848484848486,2,0,1,1
269171.06999999995,265311.47,269171.06999999995,2.2092988996533447,491755.47,SETTLEMENT,3394.270000000077,0.0,0.3030303030303031,7,7,5,5,3,0.0,0,0,0,0,0,0,5,0,1.2092988996533447,0,3270.85,588.75,226444.0,222584.4,0.0,1,0.42424242424242425,3,0,1,1
13115.399999999965,97440.06,-13115.399999999965,0.9754368506684167,520830.79,SETTLEMENT,2182.960000000079,0.0,0.3529411764705882,7,1,1,1,1,0.0,0,1,1,1,1,1,10,0,0.02456314933158333,0,4015.08,722.71,618270.85,533946.19,79586.87,1,0.9411764705882353,1,1,1,1
15298.360000000044,57511.70000000001,-15298.360000000044,0.971465159094595,520830.79,SETTLEMENT,2182.960000000079,0.0,0.3529411764705882,7,2,6,6,6,0.0,0,0,0,0,0,1,8,0,0.028534840905405055,0,7165.02,1289.7,578342.49,536129.15,33758.62,1,0.35294117647058826,6,0,0,1
19292.899999999965,11267.909999999974,19292.899999999965,1.0384674824867168,520830.79,SETTLEMENT,2182.960000000079,0.0,0.3529411764705882,7,3,7,4,9,0.0,0,0,0,0,0,1,12,0,0.038467482486716935,0,6800.84,1224.15,509562.88,501537.89,0.0,1,0.47058823529411764,9,0,0,0
219748.33000000002,229304.12000000005,-219748.33000000002,0.703275012668464,520830.79,SETTLEMENT,2182.960000000079,0.0,0.3529411764705882,7,6,2,3,1,0.0,0,0,0,0,0,1,15,0,0.2967249873315359,0,8098.12,1457.67,750134.91,740579.12,0.0,1,0.5882352941176471,1,1,1,1
49090.92999999999,61292.409999999974,-49090.92999999999,0.9138637320227065,520830.79,SETTLEMENT,2182.960000000079,0.0,0.3529411764705882,7,5,4,5,2,0.0,0,0,0,0,0,1,10,0,0.08613626797729343,0,6763.24,1217.38,582123.2,569921.72,4220.86,1,0.4117647058823529,2,0,1,1
35463.46999999997,4628.52999999997,35463.46999999997,1.0730652199657775,520830.79,SETTLEMENT,2182.960000000079,0.0,0.3529411764705882,7,4,5,2,3,0.0,0,0,0,0,0,1,10,0,0.07306521996577761,0,2120.87,381.76,525459.32,485367.32,37589.37,1,0.5882352941176471,3,0,1,1
487775.38,485133.94999999995,487775.38,15.756294960492093,520830.79,SETTLEMENT,2182.960000000079,0.0,0.3529411764705882,7,7,3,7,2,0.0,0,0,0,0,0,0,10,0,14.756294960492093,0,164.9,29.68,35696.84,33055.41,2446.85,1,0.23529411764705882,2,0,1,1
19106.929999999993,20695.209999999992,-19106.929999999993,0.9220039223920877,225866.03,SETTLEMENT,2461.75,1.0,0.0,6,2,6,4,5,0.0,0,0,0,0,0,1,5,0,0.07799607760791229,0,1346.0,242.28,246561.24,244972.96,0.0,1,0.47058823529411764,8,0,0,1
16645.179999999993,14387.850000000006,16645.179999999993,1.0795579408075247,225866.03,SETTLEMENT,2461.75,1.0,0.0,6,1,5,5,4,0.0,0,1,0,0,0,1,6,0,0.07955794080752464,0,1912.99,344.34,211478.18,209220.85,0.0,1,0.47058823529411764,7,0,0,1
121886.45999999999,124242.20999999999,-121886.45999999999,0.6495022652461813,225866.03,SETTLEMENT,2461.75,1.0,0.0,6,5,1,6,0,0.0,0,0,1,0,0,1,6,0,0.35049773475381873,1,1996.4,359.35,350108.24,347752.49,0.0,1,0.47058823529411764,3,1,1,1
224618.18999999997,320070.48,-224618.18999999997,0.5013849985688733,225866.03,SETTLEMENT,2461.75,1.0,0.0,6,6,2,2,1,0.0,0,0,0,0,0,1,12,0,0.4986150014311267,0,6702.67,1206.48,545936.51,450484.22,87543.14,1,0.5294117647058824,4,1,1,1
81104.25999999998,84772.86000000002,-81104.25999999998,0.735791173797308,225866.03,SETTLEMENT,2461.75,1.0,0.0,6,3,4,3,3,0.0,0,0,0,0,0,1,5,0,0.2642088262026921,0,3108.99,559.61,310638.89,306970.29,0.0,1,0.5294117647058824,0,0,1,1
83052.23000000001,65709.48000000001,83052.23000000001,1.5815420498579271,225866.03,SETTLEMENT,2461.75,1.0,0.0,6,4,3,1,2,0.0,0,0,0,1,0,0,5,0,0.581542049857927,0,1680.94,302.57,160156.55,142813.8,15359.24,1,0.5294117647058824,5,0,1,1
1261.3300000000745,62589.609999999986,-1261.3300000000745,0.9977917236864783,569921.72,SETTLEMENT,10206.829999999842,0.0,0.0,5,1,3,5,14,0.0,0,1,0,0,0,1,8,0,0.0022082763135216885,0,3977.02,715.86,632511.33,571183.05,56635.4,1,0.4117647058823529,15,0,0,0
11468.159999999916,139820.79000000004,11468.159999999916,1.0205355661086661,569921.72,SETTLEMENT,10206.829999999842,0.0,0.0,5,2,5,1,15,0.0,0,0,0,1,0,1,11,0,0.02053556610866607,0,6256.57,1126.19,709742.51,558453.56,143906.19,1,0.5294117647058824,16,0,0,0
130867.56000000006,134175.07000000007,-130867.56000000006,0.813256903701495,569921.72,SETTLEMENT,10206.829999999842,0.0,0.0,5,4,1,3,0,0.0,0,0,1,0,0,1,8,0,0.1867430962985051,1,2802.97,504.54,704096.79,700789.28,0.0,1,0.47058823529411764,1,1,1,1
92505.90999999997,86518.19999999995,92505.90999999997,1.1937638177504009,569921.72,SETTLEMENT,10206.829999999842,0.0,0.0,5,3,2,2,0,0.0,0,0,0,0,0,1,5,0,0.1937638177504008,1,5074.33,913.38,483403.52,477415.81,0.0,1,0.5294117647058824,1,1,1,1
515352.01999999996,501088.55,515352.01999999996,10.44392254309626,569921.72,SETTLEMENT,10206.829999999842,0.0,0.0,5,5,4,4,15,0.0,0,0,0,0,0,0,5,0,9.44392254309626,0,278.69,50.16,68833.17,54569.7,13934.62,1,0.4117647058823529,16,0,0,0
5733.740000000049,2065.140000000014,5733.740000000049,1.0186784851393926,312704.03,SETTLEMENT,3417.269999999902,0.0,0.4,7,1,2,1,1,0.0,0,1,0,1,1,1,5,0,0.01867848513939264,0,3108.99,559.61,310638.89,306970.29,0.0,1,0.9142857142857143,4,1,1,1
9151.009999999951,121953.03999999998,-9151.009999999951,0.9715679145493575,312704.03,SETTLEMENT,3417.269999999902,0.0,0.4,7,2,6,5,10,0.0,0,0,0,0,0,1,9,0,0.028432085450642474,0,7490.99,1348.38,434657.07,321855.04,103962.66,1,0.45714285714285713,7,0,0,0
13653.740000000049,48944.25999999995,13653.740000000049,1.0456570030411942,312704.03,SETTLEMENT,3417.269999999902,0.0,0.4,7,3,5,4,4,0.0,0,0,0,0,0,1,6,0,0.04565700304119434,0,6745.2,1214.14,361648.29,299050.29,54638.66,1,0.5142857142857142,1,0,0,1
257217.68999999994,269419.1699999999,-257217.68999999994,0.5486789133076031,312704.03,SETTLEMENT,3417.269999999902,0.0,0.4,7,7,1,7,1,0.0,0,0,1,0,0,1,10,0,0.4513210866923969,0,6763.24,1217.38,582123.2,569921.72,4220.86,1,0.34285714285714286,2,1,1,1
164711.77999999997,170699.49,-164711.77999999997,0.6549930342692255,312704.03,SETTLEMENT,3417.269999999902,0.0,0.4,7,6,3,3,2,0.0,0,0,0,0,0,1,5,0,0.34500696573077455,0,5074.33,913.38,483403.52,477415.81,0.0,1,0.5142857142857142,1,0,1,1
35048.45999999996,37404.20999999996,-35048.45999999996,0.8992143521387871,312704.03,SETTLEMENT,3417.269999999902,0.0,0.4,7,4,4,6,4,0.0,0,0,0,0,0,1,6,0,0.10078564786121291,0,1996.4,359.35,350108.24,347752.49,0.0,1,0.34285714285714286,7,0,0,1
120999.23000000004,72330.65000000002,120999.23000000004,1.6311747541010972,312704.03,SETTLEMENT,3417.269999999902,0.0,0.4,7,5,7,2,11,0.0,0,0,0,0,0,0,11,0,0.6311747541010974,0,2038.56,366.94,240373.38,191704.8,46263.08,1,0.5142857142857142,8,0,0,0
12239.349999999977,21795.140000000014,-12239.349999999977,0.9834732715661765,728339.77,SETTLEMENT,10635.910000000033,1.0,0.5294117647058824,6,2,2,1,1,0.2,0,0,0,1,1,1,15,1,0.01652672843382349,0,8098.12,1457.67,750134.91,740579.12,0.0,1,1.0,1,1,1,1
1603.4399999999441,13847.079999999958,-1603.4399999999441,0.9978033359608894,728339.77,SETTLEMENT,10635.910000000033,1.0,0.5294117647058824,6,1,6,5,12,0.2,0,1,0,0,0,1,12,0,0.0021966640391105825,0,10375.97,1867.67,742186.85,729943.21,0.0,1,0.4117647058823529,12,0,0,0
17516.579999999958,76968.57999999996,-17516.579999999958,0.9765148074424788,728339.77,SETTLEMENT,10635.910000000033,1.0,0.5294117647058824,6,3,4,3,3,0.2,0,0,0,0,0,1,8,0,0.023485192557521243,0,8696.5,1565.37,805308.35,745856.35,49190.13,1,0.47058823529411764,3,0,1,1
158418.05000000005,146216.57000000007,158418.05000000005,1.2779645773107227,728339.77,SETTLEMENT,10635.910000000033,1.0,0.5294117647058824,6,5,1,4,0,0.2,0,0,1,0,0,1,10,0,0.2779645773107227,1,6763.24,1217.38,582123.2,569921.72,4220.86,1,0.4117647058823529,0,1,1,1
27550.48999999999,24242.97999999998,27550.48999999999,1.0393135151839081,728339.77,SETTLEMENT,10635.910000000033,1.0,0.5294117647058824,6,4,3,6,1,0.2,0,0,0,0,0,1,8,0,0.03931351518390805,0,2802.97,504.54,704096.79,700789.28,0.0,1,0.35294117647058826,1,1,1,1
700880.09,700405.3300000001,700880.09,26.523971510228815,728339.77,SETTLEMENT,10635.910000000033,1.0,0.5294117647058824,6,6,5,2,12,0.2,0,0,0,0,0,0,5,0,25.523971510228815,0,402.34,72.42,27934.44,27459.68,0.0,1,0.47058823529411764,12,0,0,0
4762.820000000007,1224.890000000014,4762.820000000007,1.0099762511006916,482178.63,SETTLEMENT,1574.1300000000047,0.0,0.4117647058823529,6,2,4,1,3,0.0,0,0,0,1,1,1,5,1,0.009976251100691464,0,5074.33,913.38,483403.52,477415.81,0.0,1,1.0,0,0,1,1
3188.6900000000023,43280.689999999944,-3188.6900000000023,0.9934303570335143,482178.63,SETTLEMENT,1574.1300000000047,0.0,0.4117647058823529,6,1,3,6,3,0.0,0,1,0,0,0,1,10,0,0.006569642966485676,0,2120.87,381.76,525459.32,485367.32,37589.37,1,0.4117647058823529,6,0,1,1
19359.26000000001,27384.25,-19359.26000000001,0.9614002044790674,482178.63,SETTLEMENT,1574.1300000000047,0.0,0.4117647058823529,6,3,5,2,9,0.0,0,0,0,0,0,1,12,0,0.038599795520932643,0,6800.84,1224.15,509562.88,501537.89,0.0,1,0.5882352941176471,12,0,0,0
51767.55999999994,136092.21999999997,-51767.55999999994,0.9030472340293317,482178.63,SETTLEMENT,1574.1300000000047,0.0,0.4117647058823529,6,4,1,3,1,0.0,0,0,1,0,0,1,10,0,0.09695276597066821,0,4015.08,722.71,618270.85,533946.19,79586.87,1,0.5882352941176471,4,1,1,1
258400.49,267956.28,-258400.49,0.6510832090432147,482178.63,SETTLEMENT,1574.1300000000047,0.0,0.4117647058823529,6,5,2,4,1,0.0,0,0,0,0,0,1,15,0,0.3489167909567853,0,8098.12,1457.67,750134.91,740579.12,0.0,1,0.5882352941176471,2,1,1,1
469055.55,466128.68,469055.55,36.74279437449135,482178.63,SETTLEMENT,1574.1300000000047,0.0,0.4117647058823529,6,6,6,5,16,0.0,0,0,0,0,0,0,7,0,35.74279437449135,0,210.34,37.85,16049.95,13123.08,2678.68,1,0.5294117647058824,13,0,0,0
4335.880000000005,6756.489999999991,-4335.880000000005,0.9895810405060755,411817.0,SETTLEMENT,7850.419999999984,0.0,0.05882352941176472,7,1,6,4,10,0.2,0,1,0,0,0,1,7,0,0.010418959493924455,0,2051.36,369.25,418573.49,416152.88,0.0,1,0.5294117647058824,10,0,0,0
12186.299999999988,106812.71999999997,12186.299999999988,1.0304939034964031,411817.0,SETTLEMENT,7850.419999999984,0.0,0.05882352941176472,7,2,7,6,12,0.2,0,0,0,0,0,1,8,0,0.030493903496403026,0,5508.98,991.61,518629.72,399630.7,112498.43,1,0.4117647058823529,12,0,0,0
112766.71000000002,50168.71000000002,112766.71000000002,1.3770827642400882,411817.0,SETTLEMENT,7850.419999999984,0.0,0.05882352941176472,7,5,2,5,0,0.2,0,0,0,0,0,1,6,0,0.3770827642400883,1,6745.2,1214.14,361648.29,299050.29,54638.66,1,0.47058823529411764,0,1,1,1
334039.35,393491.35,-334039.35,0.5521398322880807,411817.0,SETTLEMENT,7850.419999999984,0.0,0.05882352941176472,7,6,1,7,0,0.2,0,0,1,0,0,1,8,0,0.44786016771191933,1,8696.5,1565.37,805308.35,745856.35,49190.13,1,0.35294117647058826,0,1,1,1
18206.780000000028,53392.92999999999,18206.780000000028,1.046255861953991,411817.0,SETTLEMENT,7850.419999999984,0.0,0.05882352941176472,7,3,3,1,1,0.2,0,0,0,1,0,1,10,0,0.046255861953991007,0,4542.72,817.69,465209.93,393610.22,66239.3,1,0.6470588235294118,1,1,1,1
65598.81,71586.52000000002,-65598.81,0.8625960669379592,411817.0,SETTLEMENT,7850.419999999984,0.0,0.05882352941176472,7,4,4,2,2,0.2,0,0,0,0,0,1,5,0,0.13740393306204082,0,5074.33,913.38,483403.52,477415.81,0.0,1,0.5882352941176471,2,0,1,1
373694.27,368532.71,373694.27,10.802400562603989,411817.0,SETTLEMENT,7850.419999999984,0.0,0.05882352941176472,7,7,5,3,5,0.2,0,0,0,0,0,0,6,0,9.802400562603989,0,553.57,99.65,43284.29,38122.73,4508.34,1,0.5294117647058824,5,0,0,1
8815.889999999956,80415.59999999998,-8815.889999999956,0.9776024870492439,384794.33,SETTLEMENT,6020.48000000004,1.0,0.3529411764705882,6,1,1,1,1,0.2,0,1,1,1,1,1,10,1,0.022397512950756097,0,4542.72,817.69,465209.93,393610.22,66239.3,1,1.0,2,1,1,1
14836.369999999995,133835.38999999996,-14836.369999999995,0.962874799158323,384794.33,SETTLEMENT,6020.48000000004,1.0,0.3529411764705882,6,2,5,4,14,0.2,0,0,0,0,0,1,8,0,0.037125200841677065,0,5508.98,991.61,518629.72,399630.7,112498.43,1,0.4117647058823529,15,0,0,0
19469.119999999995,16650.559999999998,19469.119999999995,1.0532925718430437,384794.33,SETTLEMENT,6020.48000000004,1.0,0.3529411764705882,6,3,6,5,14,0.2,0,0,0,0,0,1,6,0,0.05329257184304361,0,2388.61,429.95,368143.77,365325.21,0.0,1,0.4117647058823529,15,0,0,0
27022.669999999984,58479.82000000001,-27022.669999999984,0.9343818492194349,384794.33,SETTLEMENT,6020.48000000004,1.0,0.3529411764705882,6,4,3,2,2,0.2,0,0,0,0,0,1,7,0,0.06561815078056511,0,3422.4,616.03,443274.15,411817.0,27418.72,1,0.6470588235294118,3,0,1,1
85744.04000000004,23146.040000000037,85744.04000000004,1.2867211397788647,384794.33,SETTLEMENT,6020.48000000004,1.0,0.3529411764705882,6,5,2,3,2,0.2,0,0,0,0,0,1,6,0,0.28672113977886476,0,6745.2,1214.14,361648.29,299050.29,54638.66,1,0.47058823529411764,3,0,1,1
322491.2,228915.04,322491.2,6.17616370156684,384794.33,SETTLEMENT,6020.48000000004,1.0,0.3529411764705882,6,6,4,6,14,0.2,0,0,0,0,0,0,5,0,5.17616370156684,0,185.53,33.4,155879.29,62303.13,93357.23,1,0.29411764705882354,15,0,0,0
0.0,101019.66000000003,0.0,1.0,634227.32,SETTLEMENT,66561.96000000008,1.0,0.3529411764705882,5,1,3,1,3,0.0,1,1,0,1,1,1,15,0,0.0,0,2980.53,536.5,735246.98,634227.32,97502.63,1,0.8823529411764706,1,0,1,1
66561.96000000008,69869.47000000009,-66561.96000000008,0.9050185813344632,634227.32,SETTLEMENT,66561.96000000008,1.0,0.3529411764705882,5,2,5,2,9,0.0,0,0,0,0,0,1,8,0,0.09498141866553678,0,2802.97,504.54,704096.79,700789.28,0.0,1,0.5294117647058824,7,0,0,0
69065.96000000008,78554.27000000002,-69065.96000000008,0.9017963601187827,634227.32,SETTLEMENT,66561.96000000008,1.0,0.3529411764705882,5,3,1,5,1,0.0,0,0,1,0,0,1,6,0,0.09820363988121723,0,8040.94,1447.37,712781.59,703293.28,0.0,1,0.35294117647058826,1,1,1,1
95715.89000000001,107959.53000000003,-95715.89000000001,0.868872141436866,634227.32,SETTLEMENT,66561.96000000008,1.0,0.3529411764705882,5,4,2,3,2,0.0,0,0,0,0,0,1,12,0,0.131127858563134,0,10375.97,1867.67,742186.85,729943.21,0.0,1,0.5294117647058824,4,0,1,1
620644.11,611178.62,620644.11,46.69200579244523,634227.32,SETTLEMENT,66561.96000000008,1.0,0.3529411764705882,5,5,4,4,5,0.0,0,0,0,0,0,0,6,0,45.69200579244524,0,426.6,76.79,23048.7,13583.21,8962.1,1,0.47058823529411764,3,0,0,1
0.0,86696.1100000001,0.0,1.0,972135.71,SETTLEMENT,10558.400000000023,0.0,0.4117647058823529,8,1,3,1,1,0.0,1,1,0,1,1,1,15,0,0.0,0,13586.13,2445.5,1058831.82,972135.71,70664.48,1,0.9411764705882353,1,1,1,1
10558.400000000023,19766.22000000009,-10558.400000000023,0.989255659627389,972135.71,SETTLEMENT,10558.400000000023,0.0,0.4117647058823529,8,2,8,7,24,0.0,0,0,0,0,0,1,15,0,0.010744340372610989,0,7803.23,1404.59,991901.93,982694.11,0.0,1,0.35294117647058826,24,0,0,0
94647.79999999993,47083.08999999997,94647.79999999993,1.1078622268425327,972135.71,SETTLEMENT,10558.400000000023,0.0,0.4117647058823529,8,3,7,5,14,0.0,0,0,0,0,0,1,12,0,0.10786222684253272,0,6121.68,1101.9,925052.62,877487.91,40341.13,1,0.4117647058823529,14,0,0,0
482148.03,561284.2,-482148.03,0.6684635764407295,972135.71,SETTLEMENT,10558.400000000023,0.0,0.4117647058823529,8,7,2,8,0,0.0,0,0,0,0,0,1,20,0,0.3315364235592705,1,10584.2,1905.16,1533419.91,1454283.74,66646.81,1,0.35294117647058826,0,1,1,1
268842.42999999993,259354.12,268842.42999999993,1.3822621908174637,972135.71,SETTLEMENT,10558.400000000023,0.0,0.4117647058823529,8,5,1,6,0,0.0,0,0,1,0,0,1,6,0,0.3822621908174637,1,8040.94,1447.37,712781.59,703293.28,0.0,1,0.4117647058823529,0,1,1,1
399451.16000000015,407309.54000000004,-399451.16000000015,0.70876714502232,972135.71,SETTLEMENT,10558.400000000023,0.0,0.4117647058823529,8,6,4,2,3,0.0,0,0,0,0,0,1,15,0,0.2912328549776801,0,6659.64,1198.74,1379445.25,1371586.87,0.0,1,0.5294117647058824,3,0,1,1
120785.09999999998,17439.939999999944,120785.09999999998,1.1418746854483373,972135.71,SETTLEMENT,10558.400000000023,0.0,0.4117647058823529,8,4,5,4,5,0.0,0,0,0,0,0,1,12,0,0.14187468544833717,0,5932.64,1067.88,954695.77,851350.61,96344.64,1,0.47058823529411764,5,0,0,1
915837.4099999999,915347.5,915837.4099999999,17.26758552212056,972135.71,SETTLEMENT,10558.400000000023,0.0,0.4117647058823529,8,8,6,3,7,0.0,0,0,0,0,0,0,7,0,16.26758552212056,0,415.18,74.73,56788.21,56298.3,0.0,1,0.5294117647058824,7,0,0,1
10558.400000000023,19766.22000000009,-10558.400000000023,0.989255659627389,972135.71,SETTLEMENT,84089.3999999999,0.0,0.05882352941176472,6,1,6,5,27,0.0,0,1,0,0,0,1,15,0,0.010744340372610989,0,7803.23,1404.59,991901.93,982694.11,0.0,1,0.4117647058823529,24,0,0,0
94647.79999999993,47083.08999999997,94647.79999999993,1.1078622268425327,972135.71,SETTLEMENT,84089.3999999999,0.0,0.05882352941176472,6,2,5,4,17,0.0,0,0,0,0,0,1,12,0,0.10786222684253272,0,6121.68,1101.9,925052.62,877487.91,40341.13,1,0.47058823529411764,14,0,0,0
399451.16000000015,407309.54000000004,-399451.16000000015,0.70876714502232,972135.71,SETTLEMENT,84089.3999999999,0.0,0.05882352941176472,6,5,2,1,0,0.0,0,0,0,1,0,1,15,0,0.2912328549776801,1,6659.64,1198.74,1379445.25,1371586.87,0.0,1,0.5882352941176471,3,1,1,1
242192.5,229948.86,242192.5,1.3317963598839422,972135.71,SETTLEMENT,84089.3999999999,0.0,0.05882352941176472,6,4,1,6,0,0.0,0,0,1,0,0,1,12,0,0.33179635988394224,1,10375.97,1867.67,742186.85,729943.21,0.0,1,0.4117647058823529,3,1,1,1
120785.09999999998,17439.939999999944,120785.09999999998,1.1418746854483373,972135.71,SETTLEMENT,84089.3999999999,0.0,0.05882352941176472,6,3,3,2,2,0.0,0,0,0,0,0,1,12,0,0.14187468544833717,0,5932.64,1067.88,954695.77,851350.61,96344.64,1,0.5294117647058824,5,0,1,1
924433.24,920030.27,924433.24,20.3791482914826,972135.71,SETTLEMENT,84089.3999999999,0.0,0.05882352941176472,6,6,4,3,10,0.0,0,0,0,0,0,0,11,0,19.3791482914826,0,834.02,150.13,52105.44,47702.47,3418.82,1,0.5294117647058824,7,0,0,0
0.0,7858.379999999888,0.0,1.0,1371586.87,SETTLEMENT,82696.86999999988,3.0,0.36363636363636365,5,1,1,1,0,0.2,1,1,1,1,1,1,15,0,0.0,1,6659.64,1198.74,1379445.25,1371586.87,0.0,1,0.9696969696969697,1,1,1,1
82696.86999999988,161833.0399999998,-82696.86999999988,0.9431356703472461,1371586.87,SETTLEMENT,82696.86999999988,3.0,0.36363636363636365,5,2,2,3,3,0.2,0,0,0,0,0,1,20,0,0.056864329652753925,0,10584.2,1905.16,1533419.91,1454283.74,66646.81,1,0.48484848484848486,4,0,1,1
399451.16000000015,312755.05000000005,399451.16000000015,1.4109006138659388,1371586.87,SETTLEMENT,82696.86999999988,3.0,0.36363636363636365,5,4,3,2,4,0.2,0,0,0,0,0,1,15,0,0.4109006138659387,0,13586.13,2445.5,1058831.82,972135.71,70664.48,1,0.6060606060606061,5,0,0,1
183664.6000000001,158133.76,183664.6000000001,1.1546099476693876,1371586.87,SETTLEMENT,82696.86999999988,3.0,0.36363636363636365,5,3,4,5,22,0.2,0,0,0,0,0,1,12,0,0.15460994766938757,0,11458.31,2062.49,1213453.11,1187922.27,12010.04,1,0.42424242424242425,23,0,0,0
1182923.58,1167529.7600000002,1182923.58,7.270025186139816,1371586.87,SETTLEMENT,82696.86999999988,3.0,0.36363636363636365,5,5,5,4,28,0.2,0,0,0,0,0,0,10,0,6.270025186139816,0,3113.62,560.44,204057.11,188663.29,11719.76,1,0.42424242424242425,29,0,0,0
26137.300000000047,73702.01000000001,-26137.300000000047,0.9702134927420253,851350.61,SETTLEMENT,94647.79999999993,0.0,0.05882352941176472,6,1,6,2,19,0.0,0,1,0,0,0,1,12,0,0.029786507257974694,0,6121.68,1101.9,925052.62,877487.91,40341.13,1,0.5294117647058824,19,0,0,0
120785.09999999998,207481.21000000008,-120785.09999999998,0.8757528411336726,851350.61,SETTLEMENT,94647.79999999993,0.0,0.05882352941176472,6,2,4,5,6,0.0,0,0,0,0,0,1,15,0,0.1242471588663274,0,13586.13,2445.5,1058831.82,972135.71,70664.48,1,0.4117647058823529,6,0,0,1
121407.40000000002,109163.76000000001,121407.40000000002,1.1663244459798454,851350.61,SETTLEMENT,94647.79999999993,0.0,0.05882352941176472,6,3,1,1,2,0.0,0,0,1,1,0,1,12,0,0.16632444597984553,0,10375.97,1867.67,742186.85,729943.21,0.0,1,0.5882352941176471,2,0,1,1
520236.2600000001,528094.64,-520236.2600000001,0.6207048409554985,851350.61,SETTLEMENT,94647.79999999993,0.0,0.05882352941176472,6,6,2,3,2,0.0,0,0,0,0,0,1,15,0,0.37929515904450156,0,6659.64,1198.74,1379445.25,1371586.87,0.0,1,0.47058823529411764,2,0,1,1
148057.32999999996,138569.02000000002,148057.32999999996,1.2105200408000485,851350.61,SETTLEMENT,94647.79999999993,0.0,0.05882352941176472,6,4,3,6,5,0.0,0,0,0,0,0,1,6,0,0.21052004080004852,0,8040.94,1447.37,712781.59,703293.28,0.0,1,0.4117647058823529,5,0,0,1
314999.27,218057.40000000002,314999.27,1.587300238683099,851350.61,SETTLEMENT,94647.79999999993,0.0,0.05882352941176472,6,5,5,4,18,0.0,0,0,0,0,0,0,20,0,0.5873002386830991,0,7651.52,1377.28,633293.21,536351.34,87913.07,1,0.4117647058823529,18,0,0,0
835.2199999999939,1228.699999999997,-835.2199999999939,0.9829819401386964,48243.23,SETTLEMENT,294.45999999999185,0.0,0.4117647058823529,7,2,1,1,0,0.2,0,0,1,1,1,1,15,1,0.017018059861303565,1,333.46,60.02,49471.93,49078.45,0.0,1,1.0,0,1,1,1
540.760000000002,3862.209999999999,540.760000000002,1.0113361006253974,48243.23,SETTLEMENT,294.45999999999185,0.0,0.4117647058823529,7,1,5,2,16,0.2,0,1,0,0,0,1,11,0,0.011336100625397428,0,834.02,150.13,52105.44,47702.47,3418.82,1,0.5882352941176471,16,0,0,0
2067.100000000006,1078.6800000000003,2067.100000000006,1.044765553111532,48243.23,SETTLEMENT,294.45999999999185,0.0,0.4117647058823529,7,3,7,4,26,0.2,0,0,0,0,0,1,6,0,0.044765553111532,0,837.65,150.77,47164.55,46176.13,0.0,1,0.5294117647058824,26,0,0,0
35968.15,53184.07,-35968.15,0.572882548653163,48243.23,SETTLEMENT,294.45999999999185,0.0,0.4117647058823529,7,7,2,6,0,0.2,0,0,0,0,0,1,20,0,0.427117451346837,1,856.17,154.11,101427.3,84211.38,16205.64,1,0.35294117647058826,0,1,1,1
7565.899999999994,17666.260000000002,-7565.899999999994,0.864432575816896,48243.23,SETTLEMENT,294.45999999999185,0.0,0.4117647058823529,7,4,3,7,1,0.2,0,0,0,0,0,1,10,0,0.135567424183104,0,927.12,166.89,65909.49,55809.13,9006.35,1,0.29411764705882354,1,1,1,1
16200.899999999994,19622.230000000003,-16200.899999999994,0.7486054975061345,48243.23,SETTLEMENT,294.45999999999185,0.0,0.4117647058823529,7,6,4,3,12,0.2,0,0,0,0,0,1,11,0,0.2513945024938655,0,703.88,126.7,67865.46,64444.13,2590.75,1,0.5294117647058824,12,0,0,0
15375.800000000003,15235.440000000002,15375.800000000003,1.467812664391466,48243.23,SETTLEMENT,294.45999999999185,0.0,0.4117647058823529,7,5,6,5,25,0.2,0,0,0,0,0,0,10,0,0.46781266439146607,0,118.95,21.41,33007.79,32867.43,0.0,1,0.4117647058823529,25,0,0,0
2064.37000000001,1191.6600000000035,2064.37000000001,1.0251301903745493,84211.38,SETTLEMENT,145.11000000000058,2.0,0.11764705882352944,5,1,3,3,8,0.0,0,1,0,0,0,1,12,0,0.02513019037454936,0,739.59,133.12,83019.72,82147.01,0.0,1,0.4117647058823529,7,0,0,0
2209.4800000000105,9217.789999999994,2209.4800000000105,1.0269442537307063,84211.38,SETTLEMENT,145.11000000000058,2.0,0.11764705882352944,5,2,5,4,22,0.0,0,0,0,0,0,1,15,0,0.02694425373070637,0,367.51,66.15,93429.17,82001.9,10993.61,1,0.4117647058823529,21,0,0,0
8814.39,7521.4800000000105,8814.39,1.116906391090679,84211.38,SETTLEMENT,145.11000000000058,2.0,0.11764705882352944,5,4,1,2,2,0.0,0,0,1,0,0,1,15,0,0.1169063910906788,0,647.17,116.49,76689.9,75396.99,529.25,1,0.4117647058823529,1,0,1,1
3273.0800000000017,11803.799999999988,3273.0800000000017,1.040439198747688,84211.38,SETTLEMENT,145.11000000000058,2.0,0.11764705882352944,5,3,2,1,4,0.0,0,0,0,1,0,1,15,0,0.040439198747688074,0,1362.51,245.26,96015.18,80938.3,13469.11,1,0.5294117647058824,3,0,0,1
44187.62,43651.530000000006,44187.62,2.104034703386189,84211.38,SETTLEMENT,145.11000000000058,2.0,0.11764705882352944,5,5,4,5,9,0.0,0,0,0,0,0,0,10,0,1.1040347033861886,0,454.31,81.78,40559.85,40023.76,0.0,1,0.35294117647058826,8,0,0,0
243.13000000000466,528.1299999999901,243.13000000000466,1.0032350966404122,75396.99,SETTLEMENT,2542.5099999999948,1.0,0.05882352941176472,5,1,4,4,10,0.16666666666666666,0,1,0,0,0,1,11,0,0.0032350966404121446,0,653.61,117.65,75925.12,75153.86,0.0,1,0.47058823529411764,9,0,0,0
2785.6399999999994,2073.2600000000093,2785.6399999999994,1.038363699339015,75396.99,SETTLEMENT,2542.5099999999948,1.0,0.05882352941176472,5,2,5,5,27,0.16666666666666666,0,0,0,0,0,1,11,0,0.03836369933901517,0,603.71,108.67,73323.73,72611.35,0.0,1,0.4117647058823529,26,0,0,0
5541.309999999998,20618.189999999988,-5541.309999999998,0.9315366149276672,75396.99,SETTLEMENT,2542.5099999999948,1.0,0.05882352941176472,5,4,3,3,2,0.16666666666666666,0,0,0,0,0,1,15,0,0.06846338507233285,0,1362.51,245.26,96015.18,80938.3,13469.11,1,0.47058823529411764,1,0,1,1
4907.680000000008,4089.4300000000076,4907.680000000008,1.0696230392948947,75396.99,SETTLEMENT,2542.5099999999948,1.0,0.05882352941176472,5,3,2,2,2,0.16666666666666666,0,0,0,0,0,1,15,0,0.0696230392948946,0,693.44,124.81,71307.56,70489.31,0.0,1,0.47058823529411764,1,0,1,1
46066.46000000001,34784.740000000005,46066.46000000001,2.57059759915692,75396.99,SETTLEMENT,2542.5099999999948,1.0,0.05882352941176472,5,5,1,1,1,0.16666666666666666,0,0,1,1,0,0,11,0,1.5705975991569197,0,442.78,79.7,40612.25,29330.53,10759.24,1,0.5294117647058824,0,1,1,1
1388.7799999999988,2207.029999999999,-1388.7799999999988,0.9802980054706167,69100.53,SETTLEMENT,1042.7200000000012,0.0,0.34285714285714286,6,2,1,1,0,0.0,0,0,1,1,1,1,15,0,0.019701994529383232,1,693.44,124.81,71307.56,70489.31,0.0,1,0.9142857142857143,1,1,1,1
346.0599999999977,12900.39,-346.0599999999977,0.9950168899581678,69100.53,SETTLEMENT,1042.7200000000012,0.0,0.34285714285714286,6,1,6,2,18,0.0,0,1,0,0,0,1,11,0,0.004983110041832114,0,583.41,105.01,82000.92,69446.59,11865.91,1,0.5714285714285714,17,0,0,0
2173.729999999996,8117.960000000006,2173.729999999996,1.0324792160987826,69100.53,SETTLEMENT,1042.7200000000012,0.0,0.34285714285714286,6,3,5,6,17,0.0,0,0,0,0,0,1,10,0,0.03247921609878249,0,747.93,134.62,77218.49,66926.8,9409.14,1,0.22857142857142856,16,0,0,0
11837.770000000004,26914.649999999994,-11837.770000000004,0.8537432834640707,69100.53,SETTLEMENT,1042.7200000000012,0.0,0.34285714285714286,6,5,2,5,0,0.0,0,0,0,0,0,1,15,0,0.14625671653592925,1,1362.51,245.26,96015.18,80938.3,13469.11,1,0.34285714285714286,1,1,1,1
6296.460000000006,7589.369999999995,-6296.460000000006,0.916489239159282,69100.53,SETTLEMENT,1042.7200000000012,0.0,0.34285714285714286,6,4,3,4,2,0.0,0,0,0,0,0,1,15,0,0.08351076084071798,0,647.17,116.49,76689.9,75396.99,529.25,1,0.4,3,0,1,1
300668.74,379324.6,-300668.74,0.18687472325647828,69100.53,SETTLEMENT,1042.7200000000012,0.0,0.34285714285714286,6,6,4,3,6,0.0,0,0,0,0,0,0,10,0,0.8131252767435216,0,2055.21,369.93,448425.13,369769.27,76230.72,1,0.4,7,0,0,1
836.25,15913.12999999999,-836.25,0.9896680557906454,80102.05,SETTLEMENT,1063.5999999999913,0.0,0.47058823529411764,6,1,2,1,0,0.0,0,1,0,1,1,1,15,1,0.010331944209354533,1,1362.51,245.26,96015.18,80938.3,13469.11,1,1.0,1,1,1,1
1899.8499999999913,13327.119999999995,-1899.8499999999913,0.9768316343889594,80102.05,SETTLEMENT,1063.5999999999913,0.0,0.47058823529411764,6,2,6,5,18,0.0,0,0,0,0,0,1,15,0,0.023168365611040614,0,367.51,66.15,93429.17,82001.9,10993.61,1,0.47058823529411764,17,0,0,0
2044.9599999999919,2917.6699999999983,-2044.9599999999919,0.9751060933319424,80102.05,SETTLEMENT,1063.5999999999913,0.0,0.47058823529411764,6,3,4,2,4,0.0,0,0,0,0,0,1,12,0,0.02489390666805757,0,739.59,133.12,83019.72,82147.01,0.0,1,0.5294117647058824,3,0,0,1
9612.740000000005,8794.490000000005,9612.740000000005,1.13637160017597,80102.05,SETTLEMENT,1063.5999999999913,0.0,0.47058823529411764,6,5,1,4,0,0.0,0,0,1,0,0,1,15,0,0.13637160017597003,1,693.44,124.81,71307.56,70489.31,0.0,1,0.47058823529411764,1,1,1,1
4705.059999999998,3412.1500000000087,4705.059999999998,1.0624038174468238,80102.05,SETTLEMENT,1063.5999999999913,0.0,0.47058823529411764,6,4,3,3,2,0.0,0,0,0,0,0,1,15,0,0.06240381744682377,0,647.17,116.49,76689.9,75396.99,529.25,1,0.47058823529411764,3,0,1,1
267650.44,270006.19,-267650.44,0.230342132129665,80102.05,SETTLEMENT,1063.5999999999913,0.0,0.47058823529411764,6,6,5,6,5,0.0,0,0,0,0,0,0,6,0,0.7696578678703351,0,1996.4,359.35,350108.24,347752.49,0.0,1,0.4117647058823529,4,0,0,1
1590.2200000000012,270.0599999999977,1590.2200000000012,1.0142810149038146,112942.25,SETTLEMENT,6510.470000000001,2.0,0.4571428571428572,6,1,2,1,2,0.2,0,1,0,1,1,1,15,0,0.014281014903814516,0,1118.77,201.39,112672.19,111352.03,0.0,1,0.9714285714285714,2,0,1,1
8100.690000000002,2560.6300000000047,8100.690000000002,1.077266019315241,112942.25,SETTLEMENT,6510.470000000001,2.0,0.4571428571428572,6,2,6,6,17,0.2,0,0,0,0,0,1,20,0,0.07726601931524105,0,1088.07,195.85,115502.88,104841.56,9377.4,1,0.2857142857142857,17,0,0,0
30795.240000000005,29922.53,30795.240000000005,1.3748796213033196,112942.25,SETTLEMENT,6510.470000000001,2.0,0.4571428571428572,6,5,1,3,0,0.2,0,0,1,0,0,1,12,0,0.3748796213033196,1,739.59,133.12,83019.72,82147.01,0.0,1,0.5142857142857142,0,1,1,1
18843.619999999995,7233.139999999999,18843.619999999995,1.2002539250571447,112942.25,SETTLEMENT,6510.470000000001,2.0,0.4571428571428572,6,3,3,5,2,0.2,0,0,0,0,0,1,20,0,0.20025392505714476,0,1214.31,218.58,105709.11,94098.63,10177.59,1,0.45714285714285713,2,0,1,1
19144.350000000006,18244.490000000005,19144.350000000006,1.2041021174248039,112942.25,SETTLEMENT,6510.470000000001,2.0,0.4571428571428572,6,4,4,4,3,0.2,0,0,0,0,0,1,15,0,0.20410211742480383,0,762.58,137.28,94697.76,93797.9,0.0,1,0.5142857142857142,3,0,1,1
869751.86,878959.68,-869751.86,0.11493123735116312,112942.25,SETTLEMENT,6510.470000000001,2.0,0.4571428571428572,6,6,5,2,9,0.2,0,0,0,0,0,0,15,0,0.8850687626488368,0,7803.23,1404.59,991901.93,982694.11,0.0,1,0.5142857142857142,9,0,0,0
0.0,11610.479999999996,0.0,1.0,94098.63,SETTLEMENT,300.7300000000105,0.0,0.47058823529411764,5,1,4,1,4,0.2,1,1,0,1,1,1,20,0,0.0,0,1214.31,218.58,105709.11,94098.63,10177.59,1,0.9411764705882353,1,0,0,1
300.7300000000105,599.1299999999901,300.7300000000105,1.0032061485385069,94098.63,SETTLEMENT,300.7300000000105,0.0,0.47058823529411764,5,2,3,2,3,0.2,0,0,0,0,0,1,15,0,0.0032061485385068375,0,762.58,137.28,94697.76,93797.9,0.0,1,0.47058823529411764,0,0,1,1
396.54999999998836,14165.61,-396.54999999998836,0.9958034896594727,94098.63,SETTLEMENT,300.7300000000105,0.0,0.47058823529411764,5,3,1,5,2,0.2,0,0,1,0,0,1,15,0,0.004196510340527299,0,772.96,139.13,108264.24,94495.18,12856.97,1,0.35294117647058826,1,0,1,1
18944.770000000004,18173.51000000001,18944.770000000004,1.2520798000262396,94098.63,SETTLEMENT,300.7300000000105,0.0,0.47058823529411764,5,4,2,4,2,0.2,0,0,0,0,0,1,11,0,0.25207980002623953,0,653.61,117.65,75925.12,75153.86,0.0,1,0.4117647058823529,1,0,1,1
55419.00000000001,53510.340000000004,55419.00000000001,2.432769651622831,94098.63,SETTLEMENT,300.7300000000105,0.0,0.47058823529411764,5,5,5,3,8,0.2,0,0,0,0,0,0,8,0,1.4327696516228312,0,158.91,28.6,40588.29,38679.63,1721.15,1,0.4117647058823529,11,0,0,0
396.54999999998836,11213.930000000008,396.54999999998836,1.0042141952544898,94495.18,SETTLEMENT,300.7300000000105,0.0,0.0,5,1,4,5,3,0.0,0,1,0,0,0,1,20,0,0.0042141952544897665,0,1214.31,218.58,105709.11,94098.63,10177.59,1,0.35294117647058826,3,0,1,1
697.2799999999988,202.58000000000175,697.2799999999988,1.0074338551289528,94495.18,SETTLEMENT,300.7300000000105,0.0,0.0,5,2,3,1,2,0.0,0,0,0,1,0,1,15,0,0.007433855128952768,0,762.58,137.28,94697.76,93797.9,0.0,1,0.47058823529411764,2,0,1,1
19341.319999999992,18570.059999999998,19341.319999999992,1.2573563087777526,94495.18,SETTLEMENT,300.7300000000105,0.0,0.0,5,3,1,4,1,0.0,0,0,1,0,0,1,11,0,0.2573563087777526,0,653.61,117.65,75925.12,75153.86,0.0,1,0.4117647058823529,1,1,1,1
30051.049999999996,26629.719999999987,30051.049999999996,1.4663116718310885,94495.18,SETTLEMENT,300.7300000000105,0.0,0.0,5,4,2,2,1,0.0,0,0,0,0,0,1,11,0,0.46631167183108835,0,703.88,126.7,67865.46,64444.13,2590.75,1,0.47058823529411764,1,1,1,1
255597.40000000002,299863.17,-255597.40000000002,0.2699148322423743,94495.18,SETTLEMENT,300.7300000000105,0.0,0.0,5,5,5,3,4,0.0,0,0,0,0,0,0,8,0,0.7300851677576258,0,6088.71,1095.98,394358.35,350092.58,37081.08,1,0.4117647058823529,4,0,0,1
0.0,771.2599999999948,0.0,1.0,75153.86,SETTLEMENT,243.13000000000466,0.0,0.4375,6,1,2,1,0,0.0,1,1,0,1,1,1,11,0,0.0,1,653.61,117.65,75925.12,75153.86,0.0,1,0.9375,0,1,1,1
243.13000000000466,1536.0399999999936,-243.13000000000466,0.9967753354610044,75153.86,SETTLEMENT,243.13000000000466,0.0,0.4375,6,2,5,4,10,0.0,0,0,0,0,0,1,15,0,0.0032246645389955838,0,647.17,116.49,76689.9,75396.99,529.25,1,0.4375,10,0,0,0
2542.5099999999948,1830.1300000000047,2542.5099999999948,1.0350153247391765,75153.86,SETTLEMENT,243.13000000000466,0.0,0.4375,6,3,6,3,17,0.0,0,0,0,0,0,1,11,0,0.03501532473917637,0,603.71,108.67,73323.73,72611.35,0.0,1,0.5,17,0,0,0
10709.730000000003,7288.399999999994,10709.730000000003,1.166186276391659,75153.86,SETTLEMENT,243.13000000000466,0.0,0.4375,6,4,3,5,0,0.0,0,0,0,0,0,1,11,0,0.166186276391659,1,703.88,126.7,67865.46,64444.13,2590.75,1,0.4375,0,1,1,1
19341.319999999992,33110.380000000005,-19341.319999999992,0.795319507301854,75153.86,SETTLEMENT,243.13000000000466,0.0,0.4375,6,5,1,6,0,0.0,0,0,1,0,0,1,15,0,0.20468049269814603,1,772.96,139.13,108264.24,94495.18,12856.97,1,0.375,0,1,1,1
67659.93999999999,85002.68999999999,-67659.93999999999,0.5262366802087753,75153.86,SETTLEMENT,243.13000000000466,0.0,0.4375,6,6,4,2,5,0.0,0,0,0,0,0,0,5,0,0.4737633197912246,0,1680.94,302.57,160156.55,142813.8,15359.24,1,0.5,5,0,0,1
0.0,771.2599999999948,0.0,1.0,75153.86,SETTLEMENT,243.13000000000466,0.0,0.5294117647058824,4,1,1,1,0,0.0,1,1,1,1,0,1,11,0,0.0,1,653.61,117.65,75925.12,75153.86,0.0,1,0.9411764705882353,0,1,1,1
243.13000000000466,1536.0399999999936,-243.13000000000466,0.9967753354610044,75153.86,SETTLEMENT,243.13000000000466,0.0,0.5294117647058824,4,2,4,3,10,0.0,0,0,0,0,0,1,15,0,0.0032246645389955838,0,647.17,116.49,76689.9,75396.99,529.25,1,0.4117647058823529,10,0,0,0
10709.730000000003,7288.399999999994,10709.730000000003,1.166186276391659,75153.86,SETTLEMENT,243.13000000000466,0.0,0.5294117647058824,4,3,2,4,0,0.0,0,0,0,0,0,1,11,0,0.166186276391659,1,703.88,126.7,67865.46,64444.13,2590.75,1,0.4117647058823529,0,1,1,1
324476.84,443475.86,-324476.84,0.18805827480221113,75153.86,SETTLEMENT,243.13000000000466,0.0,0.5294117647058824,4,4,3,2,7,0.0,0,0,0,0,0,0,8,0,0.8119417251977888,0,5508.98,991.61,518629.72,399630.7,112498.43,1,0.4117647058823529,7,0,0,1
0.0,3421.330000000009,0.0,1.0,64444.13,SETTLEMENT,2482.6700000000055,0.0,0.5454545454545454,6,1,2,1,2,0.0,1,1,0,1,1,1,11,0,0.0,0,703.88,126.7,67865.46,64444.13,2590.75,1,0.9696969696969697,0,0,1,1
2482.6700000000055,12774.360000000008,-2482.6700000000055,0.962904695876689,64444.13,SETTLEMENT,2482.6700000000055,0.0,0.5454545454545454,6,2,5,3,7,0.0,0,0,0,0,0,1,10,0,0.03709530412331092,0,747.93,134.62,77218.49,66926.8,9409.14,1,0.42424242424242425,9,0,0,1
5002.459999999999,17556.79,-5002.459999999999,0.9279668015376997,64444.13,SETTLEMENT,2482.6700000000055,0.0,0.5454545454545454,6,3,6,5,8,0.0,0,0,0,0,0,1,11,0,0.0720331984623003,0,583.41,105.01,82000.92,69446.59,11865.91,1,0.36363636363636365,10,0,0,0
10709.730000000003,11480.989999999998,-10709.730000000003,0.8574959423241867,64444.13,SETTLEMENT,2482.6700000000055,0.0,0.5454545454545454,6,5,1,2,2,0.0,0,0,1,0,0,1,11,0,0.14250405767581337,0,653.61,117.65,75925.12,75153.86,0.0,1,0.42424242424242425,0,0,1,1
8145.8299999999945,7655.919999999998,8145.8299999999945,1.1446905146336568,64444.13,SETTLEMENT,2482.6700000000055,0.0,0.5454545454545454,6,4,3,6,2,0.0,0,0,0,0,0,1,7,0,0.14469051463365667,0,415.18,74.73,56788.21,56298.3,0.0,1,0.30303030303030304,4,0,1,1
153514.4,237432.08999999997,-153514.4,0.29567152063284696,64444.13,SETTLEMENT,2482.6700000000055,0.0,0.5454545454545454,6,6,4,4,4,0.0,0,0,0,0,0,0,11,0,0.704328479367153,0,3698.59,665.74,301876.22,217958.53,79553.36,1,0.36363636363636365,2,0,0,1
2196.9799999999996,2106.16,2196.9799999999996,1.0916500878755884,26168.37,SETTLEMENT,3527.0699999999997,1.0,0.0,5,1,4,5,10,0.2,0,1,0,0,0,1,5,0,0.09165008787558834,0,76.97,13.85,24062.21,23971.39,0.0,1,0.29411764705882354,10,0,0,0
8162.3499999999985,8108.529999999999,8162.3499999999985,1.4533122811148715,26168.37,SETTLEMENT,3527.0699999999997,1.0,0.0,5,3,1,4,0,0.2,0,0,1,0,0,1,6,0,0.4533122811148715,1,45.61,8.21,18059.84,18006.02,0.0,1,0.4117647058823529,0,1,1,1
21534.100000000002,25937.070000000003,-21534.100000000002,0.5485747383730863,26168.37,SETTLEMENT,3527.0699999999997,1.0,0.0,5,4,2,1,1,0.2,0,0,0,1,0,1,11,0,0.4514252616269137,0,834.02,150.13,52105.44,47702.47,3418.82,1,0.47058823529411764,1,1,1,1
5724.049999999999,6189.240000000002,-5724.049999999999,0.8205200483375047,26168.37,SETTLEMENT,3527.0699999999997,1.0,0.0,5,2,3,2,9,0.2,0,0,0,0,0,1,5,0,0.17947995166249534,0,394.22,70.97,32357.61,31892.42,0.0,1,0.47058823529411764,9,0,0,0
328049.26,385886.17,-328049.26,0.07387653178075862,26168.37,SETTLEMENT,3527.0699999999997,1.0,0.0,5,5,5,3,13,0.2,0,0,0,0,0,0,9,0,0.9261234682192414,0,2078.33,374.1,412054.54,354217.63,55384.48,1,0.4117647058823529,13,0,0,0
8162.3499999999985,13855.41,-8162.3499999999985,0.6880833617072826,18006.02,SETTLEMENT,2196.9799999999996,4.0,0.0,4,2,1,3,3,0.0,0,0,1,0,0,1,5,0,0.3119166382927175,0,258.42,46.52,31861.43,26168.37,5388.12,1,0.47058823529411764,2,0,1,1
13886.399999999998,14351.59,-13886.399999999998,0.5645861932082922,18006.02,SETTLEMENT,2196.9799999999996,4.0,0.0,4,3,2,2,7,0.0,0,0,0,0,0,1,5,0,0.4354138067917078,0,394.22,70.97,32357.61,31892.42,0.0,1,0.5294117647058824,8,0,0,1
5965.369999999999,6056.189999999999,-5965.369999999999,0.7511462622734852,18006.02,SETTLEMENT,2196.9799999999996,4.0,0.0,4,1,3,4,8,0.0,0,1,0,0,0,1,5,0,0.24885373772651478,0,76.97,13.85,24062.21,23971.39,0.0,1,0.4117647058823529,9,0,0,0
518123.13,560336.47,-518123.13,0.03358522848459182,18006.02,SETTLEMENT,2196.9799999999996,4.0,0.0,4,4,4,1,11,0.0,0,0,0,1,0,0,8,0,0.9664147715154081,0,7165.02,1289.7,578342.49,536129.15,33758.62,1,0.5294117647058824,10,0,0,0
1375.979999999996,1769.4599999999991,-1375.979999999996,0.9719636622590975,47702.47,SETTLEMENT,150.36000000000786,0.0,0.0,5,1,5,1,15,0.2,0,1,0,1,0,1,15,0,0.028036337740902494,0,333.46,60.02,49471.93,49078.45,0.0,1,0.5882352941176471,18,0,0,0
1526.3400000000038,537.9199999999983,1526.3400000000038,1.0330547406203163,47702.47,SETTLEMENT,150.36000000000786,0.0,0.0,5,2,4,2,11,0.2,0,0,0,0,0,1,6,0,0.03305474062031625,0,837.65,150.77,47164.55,46176.13,0.0,1,0.5882352941176471,8,0,0,0
8595.830000000002,9085.739999999998,-8595.830000000002,0.8473163488062695,47702.47,SETTLEMENT,150.36000000000786,0.0,0.0,5,4,2,5,1,0.2,0,0,0,0,0,1,7,0,0.15268365119373056,0,415.18,74.73,56788.21,56298.3,0.0,1,0.47058823529411764,2,1,1,1
16741.659999999996,20162.990000000005,-16741.659999999996,0.740214353114861,47702.47,SETTLEMENT,150.36000000000786,0.0,0.0,5,5,3,4,3,0.2,0,0,0,0,0,1,11,0,0.25978564688513905,0,703.88,126.7,67865.46,64444.13,2590.75,1,0.47058823529411764,6,0,1,1
8161.1600000000035,1018.25,8161.1600000000035,1.2063957921475035,47702.47,SETTLEMENT,150.36000000000786,0.0,0.0,5,3,1,3,1,0.2,0,0,1,0,0,0,15,0,0.20639579214750356,0,602.16,108.39,48720.72,39541.31,8468.86,1,0.47058823529411764,2,1,1,1
489.17000000000553,9611.190000000002,489.17000000000553,1.0087650533165453,56298.3,SETTLEMENT,392.86999999998807,2.0,0.11764705882352944,5,1,5,5,20,0.0,0,1,0,0,0,1,10,0,0.00876505331654526,0,927.12,166.89,65909.49,55809.13,9006.35,1,0.35294117647058826,19,0,0,0
882.0399999999936,1635.3999999999942,-882.0399999999936,0.984574418410244,56298.3,SETTLEMENT,392.86999999998807,2.0,0.11764705882352944,5,2,4,3,4,0.0,0,0,0,0,0,1,8,0,0.015425581589756088,0,374.44,67.4,57933.7,57180.34,311.52,1,0.4117647058823529,5,0,0,1
10628.5,20920.190000000002,-10628.5,0.8411921681598403,56298.3,SETTLEMENT,392.86999999998807,2.0,0.11764705882352944,5,4,2,1,2,0.0,0,0,0,1,0,1,10,0,0.1588078318401597,0,747.93,134.62,77218.49,66926.8,9409.14,1,0.5882352941176471,3,0,1,1
8595.830000000002,4192.860000000001,8595.830000000002,1.1801967487218168,56298.3,SETTLEMENT,392.86999999998807,2.0,0.11764705882352944,5,3,3,2,3,0.0,0,0,0,0,0,1,11,0,0.18019674872181674,0,834.02,150.13,52105.44,47702.47,3418.82,1,0.47058823529411764,2,0,1,1
321237.96,356269.35000000003,-321237.96,0.14912024609238858,56298.3,SETTLEMENT,392.86999999998807,2.0,0.11764705882352944,5,5,1,4,0,0.0,0,0,1,0,0,0,15,0,0.8508797539076115,1,4183.03,752.94,412567.65,377536.26,30095.42,1,0.35294117647058826,1,1,1,1
39768.66,25999.59999999999,39768.66,1.420853846725304,134263.84,SETTLEMENT,6510.470000000001,1.0,0.05882352941176472,4,3,1,1,6,0.0,0,0,1,1,0,1,15,0,0.42085384672530396,0,772.96,139.13,108264.24,94495.18,12856.97,1,0.5294117647058824,8,0,0,1
29422.28,18760.959999999992,29422.28,1.2806356563179717,134263.84,SETTLEMENT,6510.470000000001,1.0,0.05882352941176472,4,2,2,3,7,0.0,0,0,0,0,0,1,20,0,0.2806356563179716,0,1088.07,195.85,115502.88,104841.56,9377.4,1,0.47058823529411764,5,0,0,1
22911.809999999998,21591.649999999994,22911.809999999998,1.2057601464472627,134263.84,SETTLEMENT,6510.470000000001,1.0,0.05882352941176472,4,1,4,2,12,0.0,0,1,0,0,0,1,15,0,0.2057601464472628,0,1118.77,201.39,112672.19,111352.03,0.0,1,0.47058823529411764,14,0,0,0
61903.42999999999,63580.73999999999,-61903.42999999999,0.6844354820251105,134263.84,SETTLEMENT,6510.470000000001,1.0,0.05882352941176472,4,4,3,4,11,0.0,0,0,0,0,0,0,4,0,0.3155645179748895,0,1421.45,255.86,197844.58,196167.27,0.0,1,0.4117647058823529,9,0,0,0
345.6999999999971,11772.970000000001,-345.6999999999971,0.9957842440236141,81656.2,SETTLEMENT,145.11000000000058,0.0,0.4117647058823529,6,1,1,1,0,0.0,0,1,1,1,1,1,15,1,0.004215755976385878,1,367.51,66.15,93429.17,82001.9,10993.61,1,1.0,0,1,1,1
490.8099999999977,1363.520000000004,-490.8099999999977,0.9940252238030332,81656.2,SETTLEMENT,145.11000000000058,0.0,0.4117647058823529,6,2,4,2,14,0.0,0,0,0,0,0,1,12,0,0.005974776196966848,0,739.59,133.12,83019.72,82147.01,0.0,1,0.5882352941176471,14,0,0,0
717.8999999999942,14358.979999999996,717.8999999999942,1.0088697192799947,81656.2,SETTLEMENT,145.11000000000058,0.0,0.4117647058823529,6,3,5,6,18,0.0,0,0,0,0,0,1,15,0,0.008869719279994689,0,1362.51,245.26,96015.18,80938.3,13469.11,1,0.35294117647058826,18,0,0,0
12209.61,344.72000000000116,12209.61,1.1758129520830325,81656.2,SETTLEMENT,145.11000000000058,0.0,0.4117647058823529,6,4,2,5,0,0.0,0,0,0,0,0,1,11,0,0.17581295208303246,1,583.41,105.01,82000.92,69446.59,11865.91,1,0.4117647058823529,0,1,1,1
14729.399999999994,4437.709999999992,14729.399999999994,1.22008223910302,81656.2,SETTLEMENT,145.11000000000058,0.0,0.4117647058823529,6,5,3,3,1,0.0,0,0,0,0,0,1,10,0,0.2200822391030199,0,747.93,134.62,77218.49,66926.8,9409.14,1,0.5882352941176471,1,1,1,1
272561.43,330398.33999999997,-272561.43,0.23052551054559312,81656.2,SETTLEMENT,145.11000000000058,0.0,0.4117647058823529,6,6,6,4,20,0.0,0,0,0,0,0,0,9,0,0.7694744894544069,0,2078.33,374.1,412054.54,354217.63,55384.48,1,0.4117647058823529,20,0,0,0
0.0,753.3600000000006,0.0,1.0,57180.34,SETTLEMENT,882.0399999999936,1.0,0.34285714285714286,7,1,1,1,0,0.0,1,1,1,1,1,1,8,0,0.0,1,374.44,67.4,57933.7,57180.34,311.52,1,0.9142857142857143,2,1,1,1
882.0399999999936,392.1299999999974,882.0399999999936,1.015667258158772,57180.34,SETTLEMENT,882.0399999999936,1.0,0.34285714285714286,7,2,6,7,7,0.0,0,0,0,0,0,1,7,0,0.015667258158772,0,415.18,74.73,56788.21,56298.3,0.0,1,0.34285714285714286,9,0,0,1
1371.2099999999991,8729.150000000009,1371.2099999999991,1.0245696358284029,57180.34,SETTLEMENT,882.0399999999936,1.0,0.34285714285714286,7,3,7,4,24,0.0,0,0,0,0,0,1,10,0,0.024569635828402974,0,927.12,166.89,65909.49,55809.13,9006.35,1,0.45714285714285713,26,0,0,0
12266.25,24820.58,-12266.25,0.823371457115461,57180.34,SETTLEMENT,882.0399999999936,1.0,0.34285714285714286,7,5,3,6,1,0.0,0,0,0,0,0,1,11,0,0.17662854288453905,0,583.41,105.01,82000.92,69446.59,11865.91,1,0.4,3,1,1,1
24821.559999999998,36248.83,-24821.559999999998,0.6973050624436751,57180.34,SETTLEMENT,882.0399999999936,1.0,0.34285714285714286,7,6,2,2,1,0.0,0,0,0,0,0,1,15,0,0.30269493755632493,0,367.51,66.15,93429.17,82001.9,10993.61,1,0.5714285714285714,3,1,1,1
9746.460000000006,20038.15000000001,-9746.460000000006,0.8543713430195377,57180.34,SETTLEMENT,882.0399999999936,1.0,0.34285714285714286,7,4,4,3,2,0.0,0,0,0,0,0,1,10,0,0.14562865698046232,0,747.93,134.62,77218.49,66926.8,9409.14,1,0.5142857142857142,4,0,1,1
29636.099999999995,29480.129999999997,29636.099999999995,2.0759454608295598,57180.34,SETTLEMENT,882.0399999999936,1.0,0.34285714285714286,7,7,5,5,6,0.0,0,0,0,0,0,0,9,0,1.0759454608295598,0,132.18,23.79,27700.21,27544.24,0.0,1,0.4,8,0,0,1
1004.8499999999985,1470.0400000000009,-1004.8499999999985,0.9684925132680431,30887.57,SETTLEMENT,100.15000000000146,1.0,0.4117647058823529,5,1,1,1,0,0.0,0,1,1,1,1,1,5,0,0.031507486731956955,1,394.22,70.97,32357.61,31892.42,0.0,1,0.9411764705882353,1,1,1,1
1105.0,1394.6800000000003,-1105.0,0.9654607304133428,30887.57,SETTLEMENT,100.15000000000146,1.0,0.4117647058823529,5,2,4,3,5,0.0,0,0,0,0,0,1,7,0,0.03453926958665715,0,245.49,44.19,32282.25,31992.57,0.0,1,0.5294117647058824,4,0,0,1
6916.18,6825.360000000001,6916.18,1.288518104290156,30887.57,SETTLEMENT,100.15000000000146,1.0,0.4117647058823529,5,3,3,5,1,0.0,0,0,0,0,0,1,5,0,0.2885181042901559,0,76.97,13.85,24062.21,23971.39,0.0,1,0.4117647058823529,0,1,1,1
26292.769999999997,27046.129999999997,-26292.769999999997,0.5401781451456917,30887.57,SETTLEMENT,100.15000000000146,1.0,0.4117647058823529,5,4,2,2,1,0.0,0,0,0,0,0,1,8,0,0.45982185485430827,0,374.44,67.4,57933.7,57180.34,311.52,1,0.5294117647058824,2,1,1,1
44048.920000000006,45459.62,-44048.920000000006,0.4121833034880603,30887.57,SETTLEMENT,100.15000000000146,1.0,0.4117647058823529,5,5,5,4,19,0.0,0,0,0,0,0,0,8,0,0.5878166965119397,0,1195.51,215.19,76347.19,74936.49,0.0,1,0.47058823529411764,20,0,0,0
0.0,90.81999999999971,0.0,1.0,23971.39,SETTLEMENT,2196.9799999999996,1.0,0.4242424242424243,6,1,2,1,1,0.2,1,1,0,1,1,1,5,0,0.0,0,76.97,13.85,24062.21,23971.39,0.0,1,0.9696969696969697,2,1,1,1
2196.9799999999996,7890.040000000001,-2196.9799999999996,0.9160444460239595,23971.39,SETTLEMENT,2196.9799999999996,1.0,0.4242424242424243,6,2,5,6,12,0.2,0,0,0,0,0,1,5,0,0.08395555397604053,0,258.42,46.52,31861.43,26168.37,5388.12,1,0.36363636363636365,13,0,0,0
22204.739999999998,23193.160000000003,-22204.739999999998,0.5191294723052798,23971.39,SETTLEMENT,2196.9799999999996,1.0,0.4242424242424243,6,5,1,2,0,0.2,0,0,1,0,0,1,6,0,0.48087052769472016,1,837.65,150.77,47164.55,46176.13,0.0,1,0.5454545454545454,1,1,1,1
7921.029999999999,8386.220000000001,-7921.029999999999,0.7516328331308819,23971.39,SETTLEMENT,2196.9799999999996,1.0,0.4242424242424243,6,3,3,4,2,0.2,0,0,0,0,0,1,5,0,0.24836716686911808,0,394.22,70.97,32357.61,31892.42,0.0,1,0.42424242424242425,3,0,1,1
8021.18,8310.86,-8021.18,0.7492799109293189,23971.39,SETTLEMENT,2196.9799999999996,1.0,0.4242424242424243,6,4,4,5,3,0.2,0,0,0,0,0,1,7,0,0.2507200890706811,0,245.49,44.19,32282.25,31992.57,0.0,1,0.42424242424242425,2,0,1,1
534482.17,685771.12,-534482.17,0.04292458982623371,23971.39,SETTLEMENT,2196.9799999999996,1.0,0.4242424242424243,6,6,6,3,26,0.2,0,0,0,0,0,0,11,0,0.9570754101737663,0,6256.57,1126.19,709742.51,558453.56,143906.19,1,0.48484848484848486,27,0,0,0
0.0,988.4200000000055,0.0,1.0,46176.13,SETTLEMENT,1526.3400000000038,2.0,0.4,7,1,1,1,0,0.0,1,1,1,1,1,1,6,0,0.0,1,837.65,150.77,47164.55,46176.13,0.0,1,0.9714285714285714,0,1,1,1
1526.3400000000038,5929.310000000005,-1526.3400000000038,0.9680029147337653,46176.13,SETTLEMENT,1526.3400000000038,2.0,0.4,7,2,6,2,10,0.0,0,0,0,0,0,1,11,0,0.03199708526623472,0,834.02,150.13,52105.44,47702.47,3418.82,1,0.5714285714285714,10,0,0,0
2902.3199999999997,3295.800000000003,-2902.3199999999997,0.9408636580821114,46176.13,SETTLEMENT,1526.3400000000038,2.0,0.4,7,3,7,6,26,0.0,0,0,0,0,0,1,15,0,0.0591363419178886,0,333.46,60.02,49471.93,49078.45,0.0,1,0.34285714285714286,26,0,0,0
14283.71,13818.519999999997,14283.71,1.4478716259223978,46176.13,SETTLEMENT,1526.3400000000038,2.0,0.4,7,6,2,4,2,0.0,0,0,0,0,0,1,5,0,0.4478716259223979,0,394.22,70.97,32357.61,31892.42,0.0,1,0.5714285714285714,2,0,1,1
11004.21,11757.57,-11004.21,0.8075525608976791,46176.13,SETTLEMENT,1526.3400000000038,2.0,0.4,7,5,4,3,3,0.0,0,0,0,0,0,1,8,0,0.19244743910232082,0,374.44,67.4,57933.7,57180.34,311.52,1,0.5714285714285714,3,0,1,1
9763.269999999997,9379.36,9763.269999999997,1.268126974920399,46176.13,SETTLEMENT,1526.3400000000038,2.0,0.4,7,4,5,7,3,0.0,0,0,0,0,0,1,4,0,0.2681269749203989,0,325.35,58.56,36796.77,36412.86,0.0,1,0.34285714285714286,3,0,1,1
149991.13999999998,151668.44999999998,-149991.13999999998,0.23539161247439494,46176.13,SETTLEMENT,1526.3400000000038,2.0,0.4,7,7,3,5,3,0.0,0,0,0,0,0,0,4,0,0.764608387525605,0,1421.45,255.86,197844.58,196167.27,0.0,1,0.4,3,0,1,1
2122.040000000008,1303.7900000000081,2122.040000000008,1.0301044229259728,72611.35,SETTLEMENT,420.4699999999866,2.0,0.11764705882352944,7,1,7,5,26,0.0,0,1,0,0,0,1,15,0,0.030104422925972863,0,693.44,124.81,71307.56,70489.31,0.0,1,0.4117647058823529,26,0,0,0
2542.5099999999948,3313.7699999999895,-2542.5099999999948,0.9661692692830416,72611.35,SETTLEMENT,420.4699999999866,2.0,0.11764705882352944,7,2,6,1,18,0.0,0,0,0,1,0,1,11,0,0.03383073071695845,0,653.61,117.65,75925.12,75153.86,0.0,1,0.6470588235294118,18,0,0,0
32230.209999999992,42891.53,-32230.209999999992,0.692581739531537,72611.35,SETTLEMENT,420.4699999999866,2.0,0.11764705882352944,7,6,1,3,5,0.0,0,0,1,0,0,1,20,0,0.307418260468463,0,1088.07,195.85,115502.88,104841.56,9377.4,1,0.47058823529411764,5,0,0,1
15431.01000000001,14677.650000000009,15431.01000000001,1.2698656566225386,72611.35,SETTLEMENT,420.4699999999866,2.0,0.11764705882352944,7,5,2,6,7,0.0,0,0,0,0,0,1,8,0,0.26986565662253864,0,374.44,67.4,57933.7,57180.34,311.52,1,0.35294117647058826,7,0,0,1
3164.7600000000093,9389.569999999992,3164.7600000000093,1.0455711360341813,72611.35,SETTLEMENT,420.4699999999866,2.0,0.11764705882352944,7,3,4,2,8,0.0,0,0,0,0,0,1,11,0,0.045571136034181225,0,583.41,105.01,82000.92,69446.59,11865.91,1,0.5294117647058824,8,0,0,0
9390.549999999988,20817.819999999992,-9390.549999999988,0.8854837509862578,72611.35,SETTLEMENT,420.4699999999866,2.0,0.11764705882352944,7,4,3,7,8,0.0,0,0,0,0,0,1,15,0,0.11451624901374223,0,367.51,66.15,93429.17,82001.9,10993.61,1,0.29411764705882354,8,0,0,0
628177.93,631485.4400000001,-628177.93,0.10361367114519789,72611.35,SETTLEMENT,420.4699999999866,2.0,0.11764705882352944,7,7,5,4,15,0.0,0,0,0,0,0,0,8,0,0.8963863288548022,0,2802.97,504.54,704096.79,700789.28,0.0,1,0.4117647058823529,15,0,0,0
276.6800000000003,13.0,276.6800000000003,1.0086482580174083,32269.25,SETTLEMENT,100.15000000000146,0.0,0.5294117647058824,5,1,1,1,1,0.0,0,1,1,1,1,1,7,1,0.008648258017408426,0,245.49,44.19,32282.25,31992.57,0.0,1,1.0,2,1,1,1
376.83000000000175,88.36000000000058,376.83000000000175,1.0118156602728798,32269.25,SETTLEMENT,100.15000000000146,0.0,0.5294117647058824,5,2,4,3,6,0.0,0,0,0,0,0,1,5,0,0.011815660272879943,0,394.22,70.97,32357.61,31892.42,0.0,1,0.4117647058823529,7,0,0,1
4143.610000000001,4527.519999999997,-4143.610000000001,0.8862047639213179,32269.25,SETTLEMENT,100.15000000000146,0.0,0.5294117647058824,5,3,2,5,1,0.0,0,0,0,0,0,1,4,0,0.11379523607868211,0,325.35,58.56,36796.77,36412.86,0.0,1,0.35294117647058826,2,1,1,1
13906.879999999997,14895.300000000003,-13906.879999999997,0.6988296767182525,32269.25,SETTLEMENT,100.15000000000146,0.0,0.5294117647058824,5,4,3,4,4,0.0,0,0,0,0,0,1,6,0,0.3011703232817475,0,837.65,150.77,47164.55,46176.13,0.0,1,0.35294117647058826,5,0,0,1
151779.62,155263.15,-151779.62,0.1753297914841857,32269.25,SETTLEMENT,100.15000000000146,0.0,0.5294117647058824,5,5,5,2,10,0.0,0,0,0,0,0,0,11,0,0.8246702085158143,0,2952.14,531.39,187532.4,184048.87,0.0,1,0.47058823529411764,11,0,0,0
106.19000000000233,277.7199999999939,106.19000000000233,1.002916277381123,36519.05,SETTLEMENT,4420.290000000001,0.0,0.36363636363636365,6,1,3,1,1,0.6,0,1,0,1,1,1,4,0,0.0029162773811231067,0,325.35,58.56,36796.77,36412.86,0.0,1,0.9090909090909091,1,1,1,1
4526.480000000003,4236.800000000003,4526.480000000003,1.1414853511299656,36519.05,SETTLEMENT,4420.290000000001,0.0,0.36363636363636365,6,2,2,2,1,0.3333333333333333,0,0,0,0,0,1,7,0,0.1414853511299656,0,245.49,44.19,32282.25,31992.57,0.0,1,0.5454545454545454,1,1,1,1
4626.630000000005,4161.440000000002,4626.630000000005,1.1450698943510718,36519.05,SETTLEMENT,4420.290000000001,0.0,0.36363636363636365,6,3,5,5,6,0.3333333333333333,0,0,0,0,0,1,5,0,0.14506989435107165,0,394.22,70.97,32357.61,31892.42,0.0,1,0.42424242424242425,6,0,0,1
36092.3,36804.67999999999,-36092.3,0.5029385901790836,36519.05,SETTLEMENT,4420.290000000001,0.0,0.36363636363636365,6,6,1,3,1,0.3333333333333333,0,0,1,0,0,1,11,0,0.4970614098209164,0,603.71,108.67,73323.73,72611.35,0.0,1,0.48484848484848486,1,1,1,1
9657.079999999994,10645.5,-9657.079999999994,0.7908642408967578,36519.05,SETTLEMENT,4420.290000000001,0.0,0.36363636363636365,6,5,4,6,4,0.3333333333333333,0,0,0,0,0,1,6,0,0.2091357591032422,0,837.65,150.77,47164.55,46176.13,0.0,1,0.42424242424242425,4,0,0,1
8399.490000000002,8128.7800000000025,8399.490000000002,1.2987063097715612,36519.05,SETTLEMENT,4420.290000000001,0.0,0.36363636363636365,6,4,6,4,30,0.3333333333333333,0,0,0,0,0,0,8,0,0.2987063097715612,0,229.42,41.29,28390.27,28119.56,0.0,1,0.42424242424242425,30,0,0,0
118745.95999999999,120334.23999999999,-118745.95999999999,0.5152691137830069,126227.0,RENT,19886.47,1.0,0.07692307692307693,3,3,1,2,5,0.0,0,0,1,0,0,1,5,0,0.48473088621699306,0,1346.0,242.28,246561.24,244972.96,0.0,0,0.23076923076923078,5,0,0,1
82993.85,85251.18,-82993.85,0.6033194110434023,126227.0,RENT,19886.47,1.0,0.07692307692307693,3,1,2,1,6,0.0,0,1,0,1,0,1,6,0,0.3966805889565978,0,1912.99,344.34,211478.18,209220.85,0.0,0,0.3076923076923077,6,0,0,1
102880.32,102599.55,102880.32,5.4066359756505,126227.0,RENT,19886.47,1.0,0.07692307692307693,3,2,3,3,13,0.0,0,0,0,0,0,0,11,0,4.4066359756505,0,237.93,42.84,23627.45,23346.68,0.0,0,0.15384615384615385,13,0,0,0
104024.09,139574.02,-104024.09,0.32384752938778366,49823.0,RENT,,,,1,1,1,1,10,0.0,0,1,1,1,0,0,9,0,0.6761524706122163,0,1874.06,337.33,189397.02,153847.09,33338.54,0,0.08,7,0,0,0
107798.03,110836.66,-107798.03,0.5227346493848588,118068.0,SALARY,16645.179999999993,6.0,0.08,3,2,2,3,11,0.0,0,0,0,0,0,1,5,0,0.4772653506151412,0,2575.11,463.52,228904.66,225866.03,0.0,0,0.08,11,0,0,0
91152.85,93410.18,-91152.85,0.5643223416786616,118068.0,SALARY,16645.179999999993,6.0,0.08,3,1,3,1,17,0.0,0,1,0,1,0,1,6,0,0.4356776583213384,0,1912.99,344.34,211478.18,209220.85,0.0,0,0.16,17,0,0,0
320377.01,327956.14,-320377.01,0.2692880459513041,118068.0,SALARY,16645.179999999993,6.0,0.08,3,3,1,2,5,0.0,0,0,1,0,0,0,15,0,0.7307119540486958,0,6422.98,1156.15,446024.14,438445.01,0.0,0,0.08,5,0,0,1
273927.72,364795.1,-273927.72,0.10913967276375384,33559.0,SALARY,,,,1,1,1,1,10,0.0,0,1,1,1,0,0,10,0,0.8908603272362462,0,4197.41,755.54,398354.1,307486.72,85914.43,0,0.3076923076923077,10,0,0,0
205741.51,208611.97,-205741.51,0.046064358144519306,9935.0,UTILITIES,,,,1,1,1,1,4,0.0,0,1,1,1,0,0,10,0,0.9539356418554807,0,2432.59,437.87,218546.97,215676.51,0.0,0,0.3076923076923077,4,0,0,1
103242.85,105500.18,-103242.85,0.5065365139277467,105978.0,SALARY,39468.47000000001,4.0,0.07692307692307693,2,2,2,2,5,0.0,0,0,0,0,0,1,6,0,0.4934634860722533,0,1912.99,344.34,211478.18,209220.85,0.0,0,0.23076923076923078,6,0,0,1
63774.38,58871.92,63774.38,2.5111116060660197,105978.0,SALARY,39468.47000000001,4.0,0.07692307692307693,2,1,1,1,1,0.0,0,1,1,1,0,0,12,0,1.5111116060660197,0,306.18,55.11,47106.08,42203.62,4541.17,0,0.3076923076923077,0,1,1,1
148517.05,211115.05,-148517.05,0.5033709882040242,150533.24,RENT,16645.179999999993,6.0,0.08000000000000002,4,4,1,3,4,0.0,0,0,1,0,0,1,6,0,0.49662901179597585,0,6745.2,1214.14,361648.29,299050.29,54638.66,0,0.24,4,0,0,1
75332.79000000001,78371.42000000001,-75332.79000000001,0.6664713591503777,150533.24,RENT,16645.179999999993,6.0,0.08000000000000002,4,2,2,2,10,0.0,0,0,0,0,0,1,5,0,0.33352864084962225,0,2575.11,463.52,228904.66,225866.03,0.0,0,0.24,10,0,0,0
58687.610000000015,60944.94,-58687.610000000015,0.719494448091574,150533.24,RENT,16645.179999999993,6.0,0.08000000000000002,4,1,3,1,16,0.0,0,1,0,1,0,1,6,0,0.280505551908426,0,1912.99,344.34,211478.18,209220.85,0.0,0,0.32,16,0,0,0
94724.10999999999,84623.74999999999,94724.10999999999,2.697286985122327,150533.24,RENT,16645.179999999993,6.0,0.08000000000000002,4,3,4,4,22,0.0,0,0,0,0,0,0,10,0,1.6972869851223267,0,927.12,166.89,65909.49,55809.13,9006.35,0,0.16,22,0,0,0
91894.67,112619.90999999999,-91894.67,0.097833063714744,9965.27,UTILITIES,,,,1,1,1,1,6,0.0,0,1,1,1,0,0,9,0,0.902166936285256,0,741.96,133.56,122585.18,101859.94,19849.72,0,0.23076923076923078,4,0,0,1
181372.8,230041.38,-181372.8,0.0538953641223381,10332.0,UTILITIES,,,,1,1,1,1,6,0.0,0,1,1,1,0,0,11,0,0.9461046358776619,0,2038.56,366.94,240373.38,191704.8,46263.08,0,0.16666666666666666,5,0,0,1
139515.53999999998,143184.14,-139515.53999999998,0.5455080033966806,167454.75,RENT,16645.179999999993,1.0,0.07999999999999999,4,3,1,4,0,0.0,0,0,1,0,0,1,5,0,0.45449199660331946,1,3108.99,559.61,310638.89,306970.29,0.0,0,0.16,1,1,1,1
58411.28,61449.91,-58411.28,0.7413897078724057,167454.75,RENT,16645.179999999993,1.0,0.07999999999999999,4,2,2,1,1,0.0,0,0,0,1,0,1,5,0,0.2586102921275944,0,2575.11,463.52,228904.66,225866.03,0.0,0,0.24,2,1,1,1
41766.100000000006,44023.42999999999,-41766.100000000006,0.8003731463666265,167454.75,RENT,16645.179999999993,1.0,0.07999999999999999,4,1,4,3,7,0.0,0,1,0,0,0,1,6,0,0.19962685363337357,0,1912.99,344.34,211478.18,209220.85,0.0,0,0.16,8,0,0,1
139910.51,139754.54,139910.51,6.079483405604947,167454.75,RENT,16645.179999999993,1.0,0.07999999999999999,4,4,3,2,5,0.0,0,0,0,0,0,0,9,0,5.079483405604947,0,132.18,23.79,27700.21,27544.24,0.0,0,0.16,4,0,0,1
205164.75,218679.71999999997,-205164.75,0.08911241040955785,20071.33,UTILITIES,,,,1,1,1,1,5,0.0,0,1,1,1,0,0,10,0,0.9108875895904422,0,2129.37,383.28,238751.05,225236.08,11002.32,0,0.3076923076923077,6,0,0,1
286419.27,365075.13,-286419.27,0.2254108352486944,83350.0,OTHER_TRANSFER,,,,1,1,1,1,22,0.0,0,1,1,1,0,0,10,0,0.7745891647513056,0,2055.21,369.93,448425.13,369769.27,76230.72,0,0.15384615384615385,24,0,0,0
149118.43000000002,174195.04,-149118.43000000002,0.1043089786942583,17365.8,UTILITIES,,,,1,1,1,1,5,0.0,0,1,1,1,0,0,12,0,0.8956910213057417,0,1203.86,216.7,191560.84,166484.23,23656.05,0,0.23076923076923078,5,0,0,1
388745.92,415063.65,-388745.92,0.012363383969454207,4866.38,INTEREST_CREDIT,,,,1,1,1,1,6,0.0,0,1,1,1,0,0,20,0,0.9876366160305458,0,2613.46,470.42,419930.03,393612.3,23233.85,1,0.2222222222222222,3,0,0,1
617283.88,699326.1900000001,-617283.88,0.008044067969509117,5005.74,INTEREST_CREDIT,,,,1,1,1,1,20,0.0,0,1,1,1,0,0,12,0,0.9919559320304909,0,6021.67,1083.9,704331.93,622289.62,74936.74,1,0.3076923076923077,18,0,0,0
11748.419999999998,12213.61,-11748.419999999998,0.6316234390491534,20144.0,UTILITIES,,,,1,1,1,1,10,0.0,0,1,1,1,0,0,5,0,0.3683765609508466,0,394.22,70.97,32357.61,31892.42,0.0,0,0.23076923076923078,10,0,0,0
48081.799999999996,61149.86000000001,-48081.799999999996,0.40400257776588916,32592.71,SALARY,,,,1,1,1,1,9,0.0,0,1,1,1,0,0,7,0,0.5959974222341109,0,246.53,44.37,93742.57,80674.51,12777.16,0,0.15384615384615385,6,0,0,0
51856.630000000005,46163.57,51856.630000000005,2.9816530414389586,78025.0,RENT,,,,1,1,1,1,4,0.0,0,1,1,1,0,0,5,0,1.9816530414389588,0,258.42,46.52,31861.43,26168.37,5388.12,0,0.2962962962962963,4,0,0,1
52331.09,56345.56,-52331.09,0.5896537017554191,75198.0,OTHER_TRANSFER,,,,1,1,1,1,15,0.0,0,1,1,1,0,0,7,0,0.4103462982445809,0,1467.09,264.08,131543.56,127529.09,2283.3,0,0.23076923076923078,14,0,0,0
143224.09,178774.02,-143224.09,0.0690490798363492,10623.0,UTILITIES,,,,1,1,1,1,17,0.0,0,1,1,1,0,0,9,0,0.9309509201636508,0,1874.06,337.33,189397.02,153847.09,33338.54,0,0.23076923076923078,17,0,0,0
212185.26,221884.83,-212185.26,0.03932838141077229,8686.53,UTILITIES,,,,1,1,1,1,9,0.0,0,1,1,1,0,0,15,0,0.9606716185892277,0,1379.92,248.39,230571.36,220871.79,8071.26,0,0.23076923076923078,9,0,0,0
197314.31,200127.42,-197314.31,0.20360807588592378,50446.0,SALARY,,,,1,1,1,1,12,0.0,0,1,1,1,0,0,11,0,0.7963919241140762,0,2383.99,429.12,250573.42,247760.31,0.0,0,0.23076923076923078,12,0,0,0
67178.49,82255.37,-67178.49,0.17000369417198039,13759.81,UTILITIES,,,,1,1,1,1,10,0.0,0,1,1,1,0,0,15,0,0.8299963058280196,0,1362.51,245.26,96015.18,80938.3,13469.11,0,0.24,10,0,0,0
32416.32,33404.740000000005,-32416.32,0.29798534437597957,13759.81,UTILITIES,,,,1,1,1,1,12,0.0,0,1,1,1,0,0,6,0,0.7020146556240205,0,837.65,150.77,47164.55,46176.13,0.0,0,0.2222222222222222,12,0,0,0
110724.95999999999,112313.23999999999,-110724.95999999999,0.5480115029838395,134248.0,SALARY,35752.109999999986,1.0,0.0,3,2,1,2,3,0.0,0,0,1,0,0,1,5,0,0.45198849701616045,0,1346.0,242.28,246561.24,244972.96,0.0,0,0.2962962962962963,3,0,1,1
74972.85,77230.18,-74972.85,0.6416568903147081,134248.0,SALARY,35752.109999999986,1.0,0.0,3,1,2,3,4,0.0,0,1,0,0,0,1,6,0,0.3583431096852919,0,1912.99,344.34,211478.18,209220.85,0.0,0,0.07407407407407407,4,0,0,1
137159.77000000002,157399.74,-137159.77000000002,0.49463580206270436,134248.0,SALARY,35752.109999999986,1.0,0.0,3,3,3,1,28,0.0,0,0,0,1,0,0,8,0,0.5053641979372956,0,2934.81,528.27,291647.74,271407.77,16776.89,0,0.2962962962962963,28,0,0,0
3008.0800000000017,4300.989999999991,-3008.0800000000017,0.9601034471004745,72388.91,SALARY,,,,1,1,1,1,1,0.0,0,1,1,1,0,0,15,0,0.03989655289952559,0,647.17,116.49,76689.9,75396.99,529.25,0,0.14814814814814814,2,1,1,1
336981.87,373342.92,-336981.87,0.006911296729473919,2345.19,INTEREST_CREDIT,,,,1,1,1,1,20,0.0,0,1,1,1,0,0,7,0,0.9930887032705261,0,4984.67,897.24,375688.11,339327.06,30479.14,1,0.15384615384615385,20,0,0,0
21206.37,26899.43,-21206.37,0.1896182299470697,4962.0,INTEREST_CREDIT,,,,1,1,1,1,8,0.0,0,1,1,1,0,0,5,0,0.8103817700529303,0,258.42,46.52,31861.43,26168.37,5388.12,1,0.3076923076923077,9,0,0,0
345130.58,389396.35,-345130.58,0.014173393792007816,4962.0,INTEREST_CREDIT,,,,1,1,1,1,4,0.0,0,1,1,1,0,0,8,0,0.9858266062079922,0,6088.71,1095.98,394358.35,350092.58,37081.08,1,0.16,6,0,0,1
5768.770000000004,18692.789999999994,-5768.770000000004,0.9179334100305048,64525.0,OTHER_TRANSFER,,,,1,1,1,1,21,0.0,0,1,1,1,0,0,15,0,0.08206658996949522,0,836.89,150.65,83217.79,70293.77,11936.48,0,0.23076923076923078,15,0,0,0
26293.24,26449.21,-26293.24,0.04541784416633023,1251.0,INTEREST_CREDIT,,,,1,1,1,1,4,0.0,0,1,1,1,0,0,9,0,0.9545821558336698,0,132.18,23.79,27700.21,27544.24,0.0,1,0.16,4,0,0,1
97167.91,100206.54000000001,-97167.91,0.5697984774425795,128698.12,RENT,38895.18000000002,1.0,0.0,3,3,1,2,10,0.0,0,0,1,0,0,1,5,0,0.43020152255742045,0,2575.11,463.52,228904.66,225866.03,0.0,0,0.2222222222222222,12,0,0,0
80522.73000000001,82780.06,-80522.73000000001,0.615130470983174,128698.12,RENT,38895.18000000002,1.0,0.0,3,2,3,1,16,0.0,0,0,0,1,0,1,6,0,0.38486952901682603,0,1912.99,344.34,211478.18,209220.85,0.0,0,0.2222222222222222,18,0,0,0
41627.54999999999,33415.70999999999,41627.54999999999,1.4780897839534068,128698.12,RENT,38895.18000000002,1.0,0.0,3,1,2,3,11,0.0,0,1,0,0,0,0,6,0,0.47808978395340684,0,801.97,144.35,95282.41,87070.57,7265.52,0,0.14814814814814814,13,0,0,0
53053.8,63345.490000000005,-53053.8,0.20728616936712946,13873.0,UTILITIES,,,,1,1,1,1,21,0.0,0,1,1,1,0,0,10,0,0.7927138306328706,0,747.93,134.62,77218.49,66926.8,9409.14,0,0.38461538461538464,21,0,0,0
7967.880000000005,15992.869999999995,-7967.880000000005,0.9841131045951483,493570.01,SUPPLIER_PAYMENT,234.80999999999767,0.0,0.07692307692307693,6,1,5,6,14,0.0,0,1,0,0,0,1,12,0,0.015886895404851675,0,6800.84,1224.15,509562.88,501537.89,0.0,0,0.15384615384615385,14,0,0,0
8202.690000000002,31889.30999999994,8202.690000000002,1.0168999635162912,493570.01,SUPPLIER_PAYMENT,234.80999999999767,0.0,0.07692307692307693,6,2,4,1,8,0.0,0,0,0,1,0,1,10,0,0.016899963516291132,0,2120.87,381.76,525459.32,485367.32,37589.37,0,0.3076923076923077,8,0,0,0
81753.01000000001,50295.859999999986,81753.01000000001,1.1985178125235239,493570.01,SUPPLIER_PAYMENT,234.80999999999767,0.0,0.07692307692307693,6,4,2,5,0,0.0,0,0,0,0,0,1,7,0,0.19851781252352382,1,3422.4,616.03,443274.15,411817.0,27418.72,0,0.23076923076923078,0,1,1,1
252286.33999999997,311738.33999999997,-252286.33999999997,0.6617494240010158,493570.01,SUPPLIER_PAYMENT,234.80999999999767,0.0,0.07692307692307693,6,5,1,3,0,0.0,0,0,1,0,0,1,8,0,0.3382505759989842,1,8696.5,1565.37,805308.35,745856.35,49190.13,0,0.23076923076923078,0,1,1,1
16154.200000000012,10166.48999999999,16154.200000000012,1.0338367512378779,493570.01,SUPPLIER_PAYMENT,234.80999999999767,0.0,0.07692307692307693,6,3,3,4,2,0.0,0,0,0,0,0,1,5,0,0.033836751237877966,0,5074.33,913.38,483403.52,477415.81,0.0,0,0.23076923076923078,2,0,1,1
327085.78,302009.17000000004,327085.78,2.9646652418670523,493570.01,SUPPLIER_PAYMENT,234.80999999999767,0.0,0.07692307692307693,6,6,6,2,15,0.0,0,0,0,0,0,0,12,0,1.9646652418670525,0,1203.86,216.7,191560.84,166484.23,23656.05,0,0.23076923076923078,15,0,0,0
532100.88,558879.5,-532100.88,0.008649458618421441,4642.54,INTEREST_CREDIT,,,,1,1,1,1,13,0.0,0,1,1,1,0,0,15,0,0.9913505413815785,0,5923.15,1066.16,563522.04,536743.42,19789.31,1,0.32,12,0,0,0
124259.26999999999,248985.85,-124259.26999999999,0.3618513240430269,70459.1,OTHER_TRANSFER,,,,1,1,1,1,20,0.0,0,1,1,1,0,0,7,0,0.6381486759569731,0,3156.24,568.12,319444.95,194718.37,121002.22,0,0.16,20,0,0,0
93754.95999999999,95343.23999999999,-93754.95999999999,0.6172844545781706,151218.0,SUPPLIER_PAYMENT,18278.65999999999,1.0,0.16,3,3,1,3,2,0.0,0,0,1,0,0,1,5,0,0.3827155454218294,0,1346.0,242.28,246561.24,244972.96,0.0,0,0.16,2,0,1,1
58002.850000000006,60260.17999999999,-58002.850000000006,0.7227673532537507,151218.0,SUPPLIER_PAYMENT,18278.65999999999,1.0,0.16,3,1,3,1,3,0.0,0,1,0,1,0,1,6,0,0.27723264674624926,0,1912.99,344.34,211478.18,209220.85,0.0,0,0.32,3,0,1,1
76281.51,74870.81,76281.51,2.0179487990430296,151218.0,SUPPLIER_PAYMENT,18278.65999999999,1.0,0.16,3,2,2,2,3,0.0,0,0,0,0,0,0,8,0,1.0179487990430296,0,1195.51,215.19,76347.19,74936.49,0.0,0,0.16,3,0,1,1
22667.43,22807.79,-22667.43,0.310337619947772,10200.0,UTILITIES,,,,1,1,1,1,3,0.0,0,1,1,1,0,0,10,0,0.689662380052228,0,118.95,21.41,33007.79,32867.43,0.0,0,0.3076923076923077,8,0,1,1
77551.1,80589.73000000001,-77551.1,0.6566500062005782,148314.93,RENT,28211.809999999998,1.0,0.0,3,3,1,3,4,0.0,0,0,1,0,0,1,5,0,0.34334999379942177,0,2575.11,463.52,228904.66,225866.03,0.0,0,0.24,2,0,0,1
60905.92000000001,63163.25,-60905.92000000001,0.7088917285251446,148314.93,RENT,28211.809999999998,1.0,0.0,3,2,3,2,10,0.0,0,0,0,0,0,1,6,0,0.29110827147485546,0,1912.99,344.34,211478.18,209220.85,0.0,0,0.32,8,0,0,0
32694.110000000015,35702.29000000001,-32694.110000000015,0.8193785791030105,148314.93,RENT,28211.809999999998,1.0,0.0,3,1,2,1,5,0.0,0,1,0,1,0,0,12,0,0.18062142089698954,0,2549.31,458.87,184017.22,181009.04,0.0,0,0.32,7,0,0,1
33702.36,33648.53999999999,33702.36,2.8717273445214433,51708.38,SALARY,,,,1,1,1,1,5,0.0,0,1,1,1,0,0,6,0,1.8717273445214433,0,45.61,8.21,18059.84,18006.02,0.0,0,0.24,5,0,0,1
374721.26,409752.65,-374721.26,0.0074562374485565965,2815.0,INTEREST_CREDIT,,,,1,1,1,1,6,0.0,0,1,1,1,0,0,15,0,0.9925437625514434,0,4183.03,752.94,412567.65,377536.26,30095.42,1,0.24,6,0,0,1
21812.76,22076.51,-21812.76,0.07899928051964722,1871.0,INTEREST_CREDIT,,,,1,1,1,1,25,0.0,0,1,1,1,0,0,6,0,0.9210007194803528,0,223.52,40.23,23947.51,23683.76,0.0,1,0.23076923076923078,25,0,0,0
6409.289999999979,69007.28999999998,-6409.289999999979,0.9785678522498674,292641.0,SUPPLIER_PAYMENT,7920.0,1.0,0.07692307692307693,6,1,6,3,16,0.0,0,1,0,0,0,1,6,0,0.021432147750132528,0,6745.2,1214.14,361648.29,299050.29,54638.66,0,0.23076923076923078,16,0,0,0
14329.289999999979,17997.890000000014,-14329.289999999979,0.9533202708314216,292641.0,SUPPLIER_PAYMENT,7920.0,1.0,0.07692307692307693,6,2,4,6,11,0.0,0,0,0,0,0,1,5,0,0.04667972916857843,0,3108.99,559.61,310638.89,306970.29,0.0,0,0.07692307692307693,11,0,0,0
278542.05000000005,339870.32999999996,-278542.05000000005,0.5123418840947749,292641.0,SUPPLIER_PAYMENT,7920.0,1.0,0.07692307692307693,6,6,1,4,0,0.0,0,0,1,0,0,1,8,0,0.4876581159052252,1,3977.02,715.86,632511.33,571183.05,56635.4,0,0.15384615384615385,0,1,1,1
46739.72999999998,52354.840000000026,-46739.72999999998,0.8622793639462087,292641.0,SUPPLIER_PAYMENT,7920.0,1.0,0.07692307692307693,6,3,2,2,1,0.0,0,0,0,0,0,1,8,0,0.13772063605379123,0,4758.56,856.55,344995.84,339380.73,0.0,0,0.23076923076923078,1,1,1,1
47668.04000000001,46079.76000000001,47668.04000000001,1.1945849043910806,292641.0,SUPPLIER_PAYMENT,7920.0,1.0,0.07692307692307693,6,4,3,1,3,0.0,0,0,0,1,0,1,5,0,0.1945849043910806,0,1346.0,242.28,246561.24,244972.96,0.0,0,0.3076923076923077,3,0,1,1
228196.87,224775.53999999998,228196.87,4.541003191446607,292641.0,SUPPLIER_PAYMENT,7920.0,1.0,0.07692307692307693,6,5,5,5,11,0.0,0,0,0,0,0,0,11,0,3.5410031914466065,0,703.88,126.7,67865.46,64444.13,2590.75,0,0.15384615384615385,11,0,0,0
744.570000000007,4413.170000000042,-744.570000000007,0.9975744558211155,306225.72,SUPPLIER_PAYMENT,6430.859999999986,1.0,0.0,6,1,4,3,11,0.0,0,1,0,0,0,1,5,0,0.002425544178884566,0,3108.99,559.61,310638.89,306970.29,0.0,0,0.23076923076923078,8,0,0,0
7175.429999999993,55422.57000000001,7175.429999999993,1.023994057989377,306225.72,SUPPLIER_PAYMENT,6430.859999999986,1.0,0.0,6,2,5,4,16,0.0,0,0,0,0,0,1,6,0,0.023994057989376948,0,6745.2,1214.14,361648.29,299050.29,54638.66,0,0.23076923076923078,13,0,0,0
264957.3300000001,326285.61,-264957.3300000001,0.5361253629637643,306225.72,SUPPLIER_PAYMENT,6430.859999999986,1.0,0.0,6,6,1,5,0,0.0,0,0,1,0,0,1,8,0,0.46387463703623566,1,3977.02,715.86,632511.33,571183.05,56635.4,0,0.15384615384615385,3,1,1,1
33155.01000000001,38770.12000000005,-33155.01000000001,0.9023073289989092,306225.72,SUPPLIER_PAYMENT,6430.859999999986,1.0,0.0,6,3,2,2,1,0.0,0,0,0,0,0,1,8,0,0.09769267100109076,0,4758.56,856.55,344995.84,339380.73,0.0,0,0.23076923076923078,2,1,1,1
61252.75999999998,59664.47999999998,61252.75999999998,1.2500388614318902,306225.72,SUPPLIER_PAYMENT,6430.859999999986,1.0,0.0,6,4,3,6,3,0.0,0,0,0,0,0,1,5,0,0.2500388614318902,0,1346.0,242.28,246561.24,244972.96,0.0,0,0.15384615384615385,0,0,1,1
112679.15000000002,205122.39,-112679.15000000002,0.7310149437985765,306225.72,SUPPLIER_PAYMENT,6430.859999999986,1.0,0.0,6,5,6,1,27,0.0,0,0,0,1,0,0,12,0,0.26898505620142354,0,6975.43,1255.58,511348.11,418904.87,84212.23,0,0.23076923076923078,24,0,0,0
59798.8,58142.48,59798.8,2.7801193001549747,93391.38,OTHER_TRANSFER,,,,1,1,1,1,3,0.0,0,1,1,1,0,0,9,0,1.7801193001549747,0,261.74,47.11,35248.9,33592.58,1347.47,0,0.38461538461538464,3,0,1,1
101781.92,104820.55,-101781.92,0.5493703944767613,124084.11,RENT,7499.699999999997,1.0,0.0,3,3,1,2,1,0.0,0,0,1,0,0,1,5,0,0.4506296055232387,0,2575.11,463.52,228904.66,225866.03,0.0,0,0.23076923076923078,1,1,1,1
85136.74,87394.06999999999,-85136.74,0.59307717180195,124084.11,RENT,7499.699999999997,1.0,0.0,3,1,3,1,5,0.0,0,1,0,1,0,1,6,0,0.4069228281980501,0,1912.99,344.34,211478.18,209220.85,0.0,0,0.23076923076923078,5,0,0,1
92636.44,90202.70999999999,92636.44,3.945733022510094,124084.11,RENT,7499.699999999997,1.0,0.0,3,2,2,3,2,0.0,0,0,0,0,0,0,9,0,2.945733022510094,0,330.88,59.56,33881.4,31447.67,2043.29,0,0.15384615384615385,2,0,1,1
2576.0599999999977,18149.179999999993,2576.0599999999977,1.0252902171354117,104436.0,SALARY,913.6199999999953,0.0,0.16000000000000003,7,1,6,6,13,0.0,0,1,0,0,0,1,9,0,0.025290217135411602,0,741.96,133.56,122585.18,101859.94,19849.72,0,0.16,13,0,0,0
3489.679999999993,34820.47,-3489.679999999993,0.9676658974953877,104436.0,SALARY,913.6199999999953,0.0,0.16000000000000003,7,2,7,4,21,0.0,0,0,0,0,0,1,11,0,0.03233410250461237,0,1081.98,194.77,139256.47,107925.68,30054.04,0,0.24,21,0,0,0
23761.490000000005,10693.429999999993,23761.490000000005,1.2945352875400173,104436.0,SALARY,913.6199999999953,0.0,0.16000000000000003,7,5,2,1,1,0.0,0,0,0,1,0,1,7,0,0.29453528754001734,0,246.53,44.37,93742.57,80674.51,12777.16,0,0.4,1,1,1,1
29499.509999999995,28088.809999999998,29499.509999999995,1.3936601514162192,104436.0,SALARY,913.6199999999953,0.0,0.16000000000000003,7,6,1,3,1,0.0,0,0,1,0,0,1,8,0,0.3936601514162192,0,1195.51,215.19,76347.19,74936.49,0.0,0,0.24,1,1,1,1
4032.279999999999,29331.329999999987,-4032.279999999999,0.9628252609887425,104436.0,SALARY,913.6199999999953,0.0,0.16000000000000003,7,3,5,5,3,0.0,0,0,0,0,0,1,7,0,0.03717473901125747,0,1888.41,339.91,133767.33,108468.28,23070.73,0,0.16,3,0,1,1
7350.5899999999965,10196.809999999998,-7350.5899999999965,0.9342444384429296,104436.0,SALARY,913.6199999999953,0.0,0.16000000000000003,7,4,4,2,3,0.0,0,0,0,0,0,1,7,0,0.06575556155707046,0,878.17,158.08,114632.81,111786.59,1809.97,0,0.24,3,0,1,1
397101.89,405126.88,-397101.89,0.20823152563807293,104436.0,SALARY,913.6199999999953,0.0,0.16000000000000003,7,7,3,7,1,0.0,0,0,0,0,0,0,12,0,0.7917684743619271,0,6800.84,1224.15,509562.88,501537.89,0.0,0,0.16,1,1,1,1
7234.93,7325.75,-7234.93,0.698184794457059,16736.46,UTILITIES,,,,1,1,1,1,8,0.0,0,1,1,1,0,0,5,0,0.301815205542941,0,76.97,13.85,24062.21,23971.39,0.0,0,0.15384615384615385,9,0,0,0
2149.699999999997,16413.17,-2149.699999999997,0.9606063438135083,52420.0,RENT,2597.280000000006,5.0,0.0,4,1,4,1,23,0.0,0,1,0,1,0,1,5,0,0.03939365618649172,0,278.69,50.16,68833.17,54569.7,13934.62,0,0.23076923076923078,23,0,0,0
4746.980000000003,3793.1399999999994,4746.980000000003,1.0995737211529708,52420.0,RENT,2597.280000000006,5.0,0.0,4,2,3,4,6,0.0,0,0,0,0,0,1,5,0,0.09957372115297088,0,808.34,145.5,48626.86,47673.02,0.0,0,0.15384615384615385,6,0,0,1
49439.94,70165.18,-49439.94,0.514628223813994,52420.0,RENT,2597.280000000006,5.0,0.0,4,4,2,2,6,0.0,0,0,0,0,0,1,9,0,0.485371776186006,0,741.96,133.56,122585.18,101859.94,19849.72,0,0.23076923076923078,6,0,0,1
29581.899999999994,41009.17,-29581.899999999994,0.6392534807120324,52420.0,RENT,2597.280000000006,5.0,0.0,4,3,1,3,1,0.0,0,0,1,0,0,0,15,0,0.3607465192879677,0,367.51,66.15,93429.17,82001.9,10993.61,0,0.23076923076923078,1,1,1,1
23550.029999999995,24503.87,-23550.029999999995,0.5060092689743592,24122.99,UTILITIES,11824.96000000001,3.0,0.0,2,1,2,1,4,0.0,0,1,0,1,0,1,5,0,0.49399073102564084,0,808.34,145.5,48626.86,47673.02,0.0,0,0.24,6,0,0,1
35374.990000000005,37641.740000000005,-35374.990000000005,0.4054421679525927,24122.99,UTILITIES,11824.96000000001,3.0,0.0,2,2,1,2,1,0.0,0,0,1,0,0,0,20,0,0.5945578320474074,0,581.24,104.62,61764.73,59497.98,1580.89,0,0.24,3,1,1,1
64411.3,65704.20999999999,-64411.3,0.14570462295643366,10985.69,UTILITIES,,,,1,1,1,1,15,0.0,0,1,1,1,0,0,15,0,0.8542953770435663,0,647.17,116.49,76689.9,75396.99,529.25,0,0.15384615384615385,15,0,0,0
442.84999999999127,3289.0699999999924,-442.84999999999127,0.9960384335902903,111343.74,SALARY,2432.610000000015,0.0,0.0,5,1,4,5,4,0.0,0,1,0,0,0,1,7,0,0.0039615664097097094,0,878.17,158.08,114632.81,111786.59,1809.97,0,0.07692307692307693,7,0,0,1
2875.4600000000064,22423.589999999982,2875.4600000000064,1.0265096855965634,111343.74,SALARY,2432.610000000015,0.0,0.0,5,2,3,4,2,0.0,0,0,0,0,0,1,7,0,0.026509685596563404,0,1888.41,339.91,133767.33,108468.28,23070.73,0,0.15384615384615385,1,0,1,1
30669.23000000001,17601.17,30669.23000000001,1.3801601026148163,111343.74,SALARY,2432.610000000015,0.0,0.0,5,3,2,3,0,0.0,0,0,0,0,0,1,7,0,0.38016010261481614,1,246.53,44.37,93742.57,80674.51,12777.16,0,0.23076923076923078,3,1,1,1
36407.25,34996.55,36407.25,1.4858414105064168,111343.74,SALARY,2432.610000000015,0.0,0.0,5,4,1,2,0,0.0,0,0,1,0,0,1,8,0,0.4858414105064168,1,1195.51,215.19,76347.19,74936.49,0.0,0,0.23076923076923078,3,1,1,1
425007.6,521949.47,-425007.6,0.2075947829271761,111343.74,SALARY,2432.610000000015,0.0,0.0,5,5,5,1,5,0.0,0,0,0,1,0,0,20,0,0.792405217072824,0,7651.52,1377.28,633293.21,536351.34,87913.07,0,0.23076923076923078,2,0,0,1
926.3500000000058,1314.0999999999767,926.3500000000058,1.0059527829637886,156542.64,RENT,1769.2000000000116,0.0,0.07692307692307693,6,1,4,5,6,0.0,0,1,0,0,0,1,10,0,0.005952782963788725,0,1898.68,341.77,157856.74,155616.29,0.0,0,0.15384615384615385,6,0,0,1
2695.5500000000175,32854.379999999976,2695.5500000000175,1.0175209683849076,156542.64,RENT,1769.2000000000116,0.0,0.07692307692307693,6,2,5,2,12,0.0,0,0,0,0,0,1,9,0,0.017520968384907493,0,1874.06,337.33,189397.02,153847.09,33338.54,0,0.23076923076923078,12,0,0,0
9941.589999999997,35018.19999999998,-9941.589999999997,0.9402850948705472,156542.64,RENT,1769.2000000000116,0.0,0.07692307692307693,6,3,2,1,1,0.0,0,0,0,1,0,1,12,0,0.059714905129452774,0,1203.86,216.7,191560.84,166484.23,23656.05,0,0.3076923076923077,1,1,1,1
82444.15999999997,100383.35999999999,-82444.15999999997,0.655026302707932,156542.64,RENT,1769.2000000000116,0.0,0.07692307692307693,6,5,1,4,1,0.0,0,0,1,0,0,1,12,0,0.34497369729206795,0,800.71,144.13,256926.0,238986.8,16994.36,0,0.15384615384615385,1,1,1,1
14035.870000000024,20193.339999999997,14035.870000000024,1.0984926540682947,156542.64,RENT,1769.2000000000116,0.0,0.07692307692307693,6,4,3,3,2,0.0,0,0,0,0,0,1,6,0,0.09849265406829462,0,1927.81,347.0,176735.98,142506.77,31954.4,0,0.15384615384615385,2,0,1,1
108840.17000000001,104437.20000000001,108840.17000000001,3.2816464220825465,156542.64,RENT,1769.2000000000116,0.0,0.07692307692307693,6,6,6,6,13,0.0,0,0,0,0,0,0,11,0,2.2816464220825465,0,834.02,150.13,52105.44,47702.47,3418.82,0,0.07692307692307693,13,0,0,0
16833.019999999997,17786.86,-16833.019999999997,0.6469067829141095,30840.0,SALARY,6896.68,3.0,0.07692307692307693,3,1,1,3,7,0.0,0,1,1,0,0,1,5,0,0.3530932170858905,0,808.34,145.5,48626.86,47673.02,0.0,0,0.15384615384615385,7,0,0,1
23729.699999999997,37993.17,-23729.699999999997,0.5651487913622395,30840.0,SALARY,6896.68,3.0,0.07692307692307693,3,2,2,1,10,0.0,0,0,0,1,0,1,5,0,0.4348512086377605,0,278.69,50.16,68833.17,54569.7,13934.62,0,0.23076923076923078,10,0,0,0
276646.72,367514.1,-276646.72,0.10029701445317704,30840.0,SALARY,6896.68,3.0,0.07692307692307693,3,3,3,2,11,0.0,0,0,0,0,0,0,10,0,0.8997029855468229,0,4197.41,755.54,398354.1,307486.72,85914.43,0,0.15384615384615385,11,0,0,0
1103.5999999999767,35332.81,-1103.5999999999767,0.9922558065136136,141403.17,RENT,8655.260000000038,0.0,0.07692307692307693,6,1,6,2,12,0.0,0,1,0,0,0,1,6,0,0.007744193486386484,0,1927.81,347.0,176735.98,142506.77,31954.4,0,0.23076923076923078,12,0,0,0
9758.860000000015,8705.920000000013,9758.860000000015,1.0741305112237667,141403.17,RENT,8655.260000000038,0.0,0.07692307692307693,6,2,5,5,10,0.0,0,0,0,0,0,1,6,0,0.07413051122376664,0,892.32,160.62,132697.25,131644.31,0.0,0,0.23076923076923078,10,0,0,0
25601.909999999974,27171.089999999997,-25601.909999999974,0.8466998129637735,141403.17,RENT,8655.260000000038,0.0,0.07692307692307693,6,3,2,3,0,0.0,0,0,0,0,0,1,9,0,0.15330018703622655,1,1329.81,239.37,168574.26,167005.08,0.0,0,0.23076923076923078,0,1,1,1
79468.62,89168.18999999997,-79468.62,0.6402047540792783,141403.17,RENT,8655.260000000038,0.0,0.07692307692307693,6,5,1,6,0,0.0,0,0,1,0,0,1,15,0,0.35979524592072165,1,1379.92,248.39,230571.36,220871.79,8071.26,0,0.15384615384615385,0,1,1,1
26074.54999999999,28120.889999999985,-26074.54999999999,0.8443103357270448,141403.17,RENT,8655.260000000038,0.0,0.07692307692307693,6,4,3,4,1,0.0,0,0,0,0,0,1,11,0,0.15568966427295516,0,1734.18,312.16,169524.06,167477.72,0.0,0,0.23076923076923078,1,1,1,1
192567.84,196447.71,-192567.84,0.4233995339894921,141403.17,RENT,8655.260000000038,0.0,0.07692307692307693,6,6,4,1,7,0.0,0,0,0,1,0,0,8,0,0.5766004660105079,0,3288.03,591.84,337850.88,333971.01,0.0,0,0.3076923076923077,7,0,0,1
67305.84999999999,79860.18,-67305.84999999999,0.030825703609061294,2140.74,INTEREST_CREDIT,,,,1,1,1,1,22,0.0,0,1,1,1,0,0,11,0,0.9691742963909387,0,583.41,105.01,82000.92,69446.59,11865.91,1,0.24,22,0,0,0
1034.050000000003,32442.429999999993,-1034.050000000003,0.9909692361906517,113469.0,SALARY,648.3600000000006,3.0,0.08000000000000002,5,1,5,5,27,0.0,0,1,0,0,0,1,7,0,0.009030763809348336,0,517.17,93.09,145911.43,114503.05,30798.12,0,0.08,27,0,0,0
1682.4100000000035,1163.8099999999977,1682.4100000000035,1.015050195197832,113469.0,SALARY,648.3600000000006,3.0,0.08000000000000002,5,2,2,2,3,0.0,0,0,0,0,0,1,7,0,0.0150501951978319,0,878.17,158.08,114632.81,111786.59,1809.97,0,0.24,3,0,1,1
75194.29000000001,90588.10999999999,-75194.29000000001,0.6014365592797624,113469.0,SALARY,648.3600000000006,3.0,0.08000000000000002,5,4,1,4,0,0.0,0,0,1,0,0,1,10,0,0.39856344072023764,1,3113.62,560.44,204057.11,188663.29,11719.76,0,0.16,0,1,1,1
29037.76999999999,63266.98000000001,-29037.76999999999,0.7962358560228402,113469.0,SALARY,648.3600000000006,3.0,0.08000000000000002,5,3,3,3,3,0.0,0,0,0,0,0,1,6,0,0.20376414397715975,0,1927.81,347.0,176735.98,142506.77,31954.4,0,0.24,3,0,1,1
291711.87,335460.78,-291711.87,0.280045304211919,113469.0,SALARY,648.3600000000006,3.0,0.08000000000000002,5,5,4,1,15,0.0,0,0,0,1,0,0,12,0,0.719954695788081,0,4299.75,773.95,448929.78,405180.87,38675.21,0,0.32,15,0,0,0
81696.88999999998,95465.95000000001,-81696.88999999998,0.13543854829420932,12798.29,OTHER_TRANSFER,,,,1,1,1,1,7,0.0,0,1,1,1,0,0,15,0,0.8645614517057906,0,772.96,139.13,108264.24,94495.18,12856.97,0,0.08,7,0,0,1
80400.25,97616.17,-80400.25,0.04525670996010278,3811.13,INTEREST_CREDIT,,,,1,1,1,1,2,0.0,0,1,1,1,0,0,20,0,0.9547432900398972,0,856.17,154.11,101427.3,84211.38,16205.64,1,0.15384615384615385,4,0,1,1
5772.49,5533.950000000001,5772.49,1.3909706451483999,20537.0,OTHER_TRANSFER,,,,1,1,1,1,2,0.0,0,1,1,1,0,0,5,0,0.39097064514839974,0,202.15,36.39,15003.05,14764.51,0.0,0,0.23076923076923078,2,0,1,1
1370656.77,1378515.15,-1370656.77,0.0006781196440003832,930.1,INTEREST_CREDIT,,,,1,1,1,1,27,0.0,0,1,1,1,0,0,15,0,0.9993218803559996,0,6659.64,1198.74,1379445.25,1371586.87,0.0,1,0.07407407407407407,27,0,0,0
20563.609999999997,21517.45,-20563.609999999997,0.5686530872178855,27109.41,RENT,470097.54000000004,9.0,0.07692307692307693,2,1,2,1,17,0.0,0,1,0,1,0,1,5,0,0.43134691278211446,0,808.34,145.5,48626.86,47673.02,0.0,0,0.3076923076923077,16,0,0,0
490661.15,511264.95,-490661.15,0.0523579594791948,27109.41,RENT,470097.54000000004,9.0,0.07692307692307693,2,2,1,2,8,0.0,0,0,1,0,0,0,15,0,0.9476420405208053,0,7821.94,1407.97,538374.36,517770.56,11373.89,0,0.23076923076923078,7,0,0,0
207782.4,210039.72999999998,-207782.4,0.006875270796385733,1438.45,INTEREST_CREDIT,,,,1,1,1,1,7,0.0,0,1,1,1,0,0,6,0,0.9931247292036142,0,1912.99,344.34,211478.18,209220.85,0.0,1,0.15384615384615385,6,0,0,1
161.37000000000262,14102.099999999999,161.37000000000262,1.0029571355532467,54731.07,OTHER_TRANSFER,6896.68,5.0,0.0,4,1,1,1,1,0.0,0,1,1,1,0,1,5,0,0.00295713555324663,0,278.69,50.16,68833.17,54569.7,13934.62,0,0.3076923076923077,2,1,1,1
7058.050000000003,6104.209999999999,7058.050000000003,1.1480512457570342,54731.07,OTHER_TRANSFER,6896.68,5.0,0.0,4,2,3,2,18,0.0,0,0,0,0,0,1,5,0,0.14805124575703413,0,808.34,145.5,48626.86,47673.02,0.0,0,0.3076923076923077,19,0,0,0
20205.420000000006,21616.120000000003,-20205.420000000006,0.7303660739914559,54731.07,OTHER_TRANSFER,6896.68,5.0,0.0,4,3,2,4,6,0.0,0,0,0,0,0,1,8,0,0.2696339260085441,0,1195.51,215.19,76347.19,74936.49,0.0,0,0.15384615384615385,7,0,0,1
1316855.8,1324714.18,-1316855.8,0.039903465975873624,54731.07,OTHER_TRANSFER,6896.68,5.0,0.0,4,4,4,3,27,0.0,0,0,0,0,0,0,15,0,0.9600965340241263,0,6659.64,1198.74,1379445.25,1371586.87,0.0,0,0.3076923076923077,28,0,0,0
11113.490000000005,12524.190000000002,-11113.490000000005,0.8516945482768141,63823.0,SUPPLIER_PAYMENT,12134.080000000002,1.0,0.0,4,1,4,4,7,0.0,0,1,0,0,0,1,8,0,0.14830545172318593,0,1195.51,215.19,76347.19,74936.49,0.0,0,0.07692307692307693,8,0,0,1
34248.92,34686.83,-34248.92,0.650777511034759,63823.0,SUPPLIER_PAYMENT,12134.080000000002,1.0,0.0,4,3,1,2,1,0.0,0,0,1,0,0,1,7,0,0.349222488965241,0,371.11,66.8,98509.83,98071.92,0.0,0,0.15384615384615385,0,1,1,1
23247.570000000007,31459.410000000003,-23247.570000000007,0.7330031260849675,63823.0,SUPPLIER_PAYMENT,12134.080000000002,1.0,0.0,4,2,2,1,2,0.0,0,0,0,1,0,1,6,0,0.2669968739150324,0,801.97,144.35,95282.41,87070.57,7265.52,0,0.15384615384615385,3,0,1,1
36278.759999999995,36122.79,36278.759999999995,2.3171087675681012,63823.0,SUPPLIER_PAYMENT,12134.080000000002,1.0,0.0,4,4,3,3,5,0.0,0,0,0,0,0,0,9,0,1.317108767568101,0,132.18,23.79,27700.21,27544.24,0.0,0,0.15384615384615385,4,0,0,1
16196.700000000012,10121.030000000028,16196.700000000012,1.041148866536945,409809.0,SUPPLIER_PAYMENT,85984.27999999997,3.0,0.0,3,1,1,1,9,0.0,0,1,1,1,0,1,20,0,0.04114886653694514,0,2613.46,470.42,419930.03,393612.3,23233.85,0,0.23076923076923078,8,0,0,0
102180.97999999998,97066.93,102180.97999999998,1.332157584344885,409809.0,SUPPLIER_PAYMENT,85984.27999999997,3.0,0.0,3,2,2,3,12,0.0,0,0,0,0,0,1,14,0,0.332157584344885,0,4333.95,780.1,312742.07,307628.02,0.0,0,0.07692307692307693,13,0,0,0
572885.11,582092.93,-572885.11,0.4170260061902681,409809.0,SUPPLIER_PAYMENT,85984.27999999997,3.0,0.0,3,3,3,2,17,0.0,0,0,0,0,0,0,15,0,0.5829739938097319,0,7803.23,1404.59,991901.93,982694.11,0.0,0,0.23076923076923078,16,0,0,0
1449006.74,1528142.91,-1449006.74,0.0036285903877327267,5277.0,UTILITIES,,,,1,1,1,1,9,0.0,0,1,1,1,0,0,20,0,0.9963714096122672,0,10584.2,1905.16,1533419.91,1454283.74,66646.81,0,0.23076923076923078,12,0,0,0
330856.63,388693.54,-330856.63,0.06595098047491312,23361.0,UTILITIES,,,,1,1,1,1,7,0.0,0,1,1,1,0,0,9,0,0.9340490195250869,0,2078.33,374.1,412054.54,354217.63,55384.48,0,0.24,4,0,0,1
16854.69,17118.44,-16854.69,0.28834399605468053,6829.07,UTILITIES,,,,1,1,1,1,25,0.0,0,1,1,1,0,0,6,0,0.7116560039453195,0,223.52,40.23,23947.51,23683.76,0.0,0,0.23076923076923078,25,0,0,0
12799.27,24080.99,-12799.27,0.5636195459134219,16531.26,SALARY,,,,1,1,1,1,14,0.0,0,1,1,1,0,0,11,0,0.4363804540865781,0,442.78,79.7,40612.25,29330.53,10759.24,0,0.16,16,0,0,0
411415.88,413836.49,-411415.88,0.011382836038525072,4737.0,INTEREST_CREDIT,,,,1,1,1,1,18,0.0,0,1,1,1,0,0,7,0,0.9886171639614749,0,2051.36,369.25,418573.49,416152.88,0.0,1,0.16,18,0,0,0
2216.720000000001,10428.559999999998,-2216.720000000001,0.9745411107335119,84853.85,SALARY,1962.62000000001,1.0,0.07999999999999999,5,1,2,5,1,0.0,0,1,0,0,0,1,6,0,0.0254588892664881,0,801.97,144.35,95282.41,87070.57,7265.52,0,0.08,1,1,1,1
4179.340000000011,8888.720000000001,4179.340000000011,1.0518049629306705,84853.85,SALARY,1962.62000000001,1.0,0.07999999999999999,5,2,4,2,4,0.0,0,0,0,0,0,1,7,0,0.05180496293067056,0,246.53,44.37,93742.57,80674.51,12777.16,0,0.16,4,0,0,1
70762.44,73002.88999999998,-70762.44,0.545276140434912,84853.85,SALARY,1962.62000000001,1.0,0.07999999999999999,5,5,1,3,0,0.0,0,0,1,0,0,1,10,0,0.45472385956508793,1,1898.68,341.77,157856.74,155616.29,0.0,0,0.16,0,1,1,1
23614.429999999993,48913.47999999998,-23614.429999999993,0.7822918368393046,84853.85,SALARY,1962.62000000001,1.0,0.07999999999999999,5,3,3,1,2,0.0,0,0,0,1,0,1,7,0,0.21770816316069538,0,1888.41,339.91,133767.33,108468.28,23070.73,0,0.24,2,0,1,1
45312.54000000001,36133.130000000005,45312.54000000001,2.145954446122296,84853.85,SALARY,1962.62000000001,1.0,0.07999999999999999,5,4,5,4,7,0.0,0,0,0,0,0,0,15,0,1.1459544461222961,0,602.16,108.39,48720.72,39541.31,8468.86,0,0.16,7,0,0,1
1131.2300000000105,33097.98000000001,1131.2300000000105,1.0079380790119656,143638.0,RENT,9077.859999999986,1.0,0.07407407407407407,5,1,3,1,4,0.0,0,1,0,1,0,1,6,0,0.007938079011965611,0,1927.81,347.0,176735.98,142506.77,31954.4,0,0.37037037037037035,4,0,0,1
10209.089999999997,45759.01999999999,-10209.089999999997,0.9336413187925752,143638.0,RENT,9077.859999999986,1.0,0.07407407407407407,5,2,5,4,10,0.0,0,0,0,0,0,1,9,0,0.06635868120742483,0,1874.06,337.33,189397.02,153847.09,33338.54,0,0.2222222222222222,10,0,0,0
75119.31,77902.0,-75119.31,0.6566089151489384,143638.0,RENT,9077.859999999986,1.0,0.07407407407407407,5,4,1,3,0,0.0,0,0,1,0,0,1,9,0,0.3433910848510617,1,2358.21,424.48,221540.0,218757.31,0.0,0,0.2222222222222222,0,1,1,1
42955.42999999999,45807.869999999995,-42955.42999999999,0.7697913050850719,143638.0,RENT,9077.859999999986,1.0,0.07407407407407407,5,3,2,5,1,0.0,0,0,0,0,0,1,7,0,0.23020869491492812,0,2417.32,435.12,189445.87,186593.43,0.0,0,0.14814814814814814,1,1,1,1
596941.12,606496.91,-596941.12,0.193953618352081,143638.0,RENT,9077.859999999986,1.0,0.07407407407407407,5,5,4,2,8,0.0,0,0,0,0,0,0,15,0,0.806046381647919,0,8098.12,1457.67,750134.91,740579.12,0.0,0,0.2962962962962963,8,0,0,0
23102.269999999997,24056.11,-23102.269999999997,0.5154015835371873,24570.75,UTILITIES,25379.659999999996,8.0,0.07999999999999999,2,1,1,2,1,0.0,0,1,1,0,0,1,5,0,0.4845984164628127,0,808.34,145.5,48626.86,47673.02,0.0,0,0.16,0,1,1,1
48481.92999999999,57514.2,-48481.92999999999,0.3363428966603279,24570.75,UTILITIES,25379.659999999996,8.0,0.07999999999999999,2,2,2,1,9,0.0,0,0,0,1,0,0,20,0,0.6636571033396721,0,715.42,128.76,82084.95,73052.68,8188.09,0,0.24,10,0,0,0
547999.72,560201.2,-547999.72,0.03846493164008559,21922.0,UTILITIES,,,,1,1,1,1,10,0.0,0,1,1,1,0,0,10,0,0.9615350683599144,0,6763.24,1217.38,582123.2,569921.72,4220.86,0,0.07407407407407407,10,0,0,0
2577.980000000003,1624.1399999999994,2577.980000000003,1.0540762888526887,50251.0,OTHER_TRANSFER,1740.719999999994,5.0,0.07692307692307693,4,1,4,2,21,0.0,0,1,0,0,0,1,5,0,0.054076288852688656,0,808.34,145.5,48626.86,47673.02,0.0,0,0.23076923076923078,21,0,0,0
4318.699999999997,18582.17,-4318.699999999997,0.9208590115027204,50251.0,OTHER_TRANSFER,1740.719999999994,5.0,0.07692307692307693,4,2,1,1,4,0.0,0,0,1,1,0,1,5,0,0.07914098849727957,0,278.69,50.16,68833.17,54569.7,13934.62,0,0.3076923076923077,4,0,0,1
24685.490000000005,26096.190000000002,-24685.490000000005,0.6705811814778087,50251.0,OTHER_TRANSFER,1740.719999999994,5.0,0.07692307692307693,4,4,2,4,9,0.0,0,0,0,0,0,1,8,0,0.3294188185221913,0,1195.51,215.19,76347.19,74936.49,0.0,0,0.15384615384615385,9,0,0,0
18803.33,16369.599999999999,18803.33,1.5979244249255986,50251.0,OTHER_TRANSFER,1740.719999999994,5.0,0.07692307692307693,4,3,3,3,12,0.0,0,0,0,0,0,0,9,0,0.5979244249255987,0,330.88,59.56,33881.4,31447.67,2043.29,0,0.23076923076923078,12,0,0,0
444239.69999999995,539691.99,-444239.69999999995,0.013861795203392476,6244.52,UTILITIES,,,,1,1,1,1,9,0.0,0,1,1,1,0,0,12,0,0.9861382047966075,0,6702.67,1206.48,545936.51,450484.22,87543.14,0,0.2962962962962963,7,0,0,0
97371.5,137131.03,-97371.5,0.09432037776592174,10140.58,OTHER_TRANSFER,,,,1,1,1,1,13,0.0,0,1,1,1,0,0,5,0,0.9056796222340783,0,2073.66,373.27,147271.61,107512.08,37312.6,0,0.15384615384615385,15,0,0,0
218701.4,222561.0,-218701.4,0.017445068028127758,3883.0,UTILITIES,,,,1,1,1,1,13,0.0,0,1,1,1,0,0,5,0,0.9825549319718723,0,3270.85,588.75,226444.0,222584.4,0.0,0,0.3076923076923077,10,0,0,0
138987.8,156330.55,-138987.8,0.026790128124873087,3826.0,INTEREST_CREDIT,,,,1,1,1,1,1,0.0,0,1,1,1,0,0,5,0,0.9732098718751269,0,1680.94,302.57,160156.55,142813.8,15359.24,1,0.24,1,1,1,1
1581.699999999997,15845.169999999998,-1581.699999999997,0.9710150504767298,52988.0,SALARY,3733.280000000006,5.0,0.0,4,1,1,1,1,0.0,0,1,1,1,0,1,5,0,0.028984949523270187,0,278.69,50.16,68833.17,54569.7,13934.62,0,0.23076923076923078,1,1,1,1
5314.980000000003,4361.139999999999,5314.980000000003,1.1114882170250595,52988.0,SALARY,3733.280000000006,5.0,0.0,4,2,3,3,18,0.0,0,0,0,0,0,1,5,0,0.11148821702505954,0,808.34,145.5,48626.86,47673.02,0.0,0,0.15384615384615385,16,0,0,0
21948.490000000005,23359.190000000002,-21948.490000000005,0.70710544355627,52988.0,SALARY,3733.280000000006,5.0,0.0,4,4,2,2,6,0.0,0,0,0,0,0,1,8,0,0.2928945564437299,0,1195.51,215.19,76347.19,74936.49,0.0,0,0.23076923076923078,4,0,0,1
7023.1500000000015,7622.580000000002,-7023.1500000000015,0.8829692482147068,52988.0,SALARY,3733.280000000006,5.0,0.0,4,3,4,4,21,0.0,0,0,0,0,0,0,15,0,0.11703075178529325,0,507.99,91.44,60610.58,60011.15,0.0,0,0.15384615384615385,19,0,0,0
1174153.43,1199684.27,-1174153.43,0.011590691030651357,13768.84,UTILITIES,,,,1,1,1,1,7,0.0,0,1,1,1,0,0,12,0,0.9884093089693485,0,11458.31,2062.49,1213453.11,1187922.27,12010.04,0,0.15384615384615385,7,0,0,1
2341.7399999999907,15409.800000000003,-2341.7399999999907,0.9709729876264511,78332.77,OTHER_TRANSFER,1054.5400000000081,0.0,0.0,5,1,4,3,3,0.0,0,1,0,0,0,1,7,0,0.029027012373548856,0,246.53,44.37,93742.57,80674.51,12777.16,0,0.23076923076923078,3,0,1,1
3396.279999999999,1985.5800000000017,3396.279999999999,1.0453221120978577,78332.77,OTHER_TRANSFER,1054.5400000000081,0.0,0.0,5,2,3,2,3,0.0,0,0,0,0,0,1,8,0,0.04532211209785778,0,1195.51,215.19,76347.19,74936.49,0.0,0,0.23076923076923078,3,0,1,1
33453.81999999999,36300.03999999999,-33453.81999999999,0.7007349450412612,78332.77,OTHER_TRANSFER,1054.5400000000081,0.0,0.0,5,4,1,4,1,0.0,0,0,1,0,0,1,7,0,0.29926505495873873,0,878.17,158.08,114632.81,111786.59,1809.97,0,0.07692307692307693,1,1,1,1
64173.999999999985,98403.21,-64173.999999999985,0.5496775346181799,78332.77,OTHER_TRANSFER,1054.5400000000081,0.0,0.0,5,5,2,1,1,0.0,0,0,0,1,0,1,6,0,0.45032246538182,0,1927.81,347.0,176735.98,142506.77,31954.4,0,0.23076923076923078,1,1,1,1
18834.79,16568.04,18834.79,1.3165618395784193,78332.77,OTHER_TRANSFER,1054.5400000000081,0.0,0.0,5,3,5,5,12,0.0,0,0,0,0,0,0,20,0,0.3165618395784193,0,581.24,104.62,61764.73,59497.98,1580.89,0,0.07692307692307693,12,0,0,0
34767.83,36178.53,-34767.83,0.5360360486593381,40168.66,OTHER_TRANSFER,5469.399999999994,1.0,0.07692307692307693,4,4,1,4,2,0.0,0,0,1,0,0,1,8,0,0.46396395134066193,0,1195.51,215.19,76347.19,74936.49,0.0,0,0.15384615384615385,5,0,1,1
14401.039999999994,28664.509999999995,-14401.039999999994,0.7360982376666906,40168.66,OTHER_TRANSFER,5469.399999999994,1.0,0.07692307692307693,4,3,2,1,3,0.0,0,0,0,1,0,1,5,0,0.2639017623333094,0,278.69,50.16,68833.17,54569.7,13934.62,0,0.3076923076923077,0,0,1,1
7504.359999999993,8458.199999999997,-7504.359999999993,0.842586855206572,40168.66,OTHER_TRANSFER,5469.399999999994,1.0,0.07692307692307693,4,2,4,2,14,0.0,0,0,0,0,0,1,5,0,0.1574131447934281,0,808.34,145.5,48626.86,47673.02,0.0,0,0.23076923076923078,17,0,0,0
2034.9599999999991,6937.419999999998,-2034.9599999999991,0.9517823352593925,40168.66,OTHER_TRANSFER,5469.399999999994,1.0,0.07692307692307693,4,1,3,3,4,0.0,0,1,0,0,0,0,12,0,0.048217664740607534,0,306.18,55.11,47106.08,42203.62,4541.17,0,0.23076923076923078,1,0,0,1
20159.68,20440.45,-20159.68,0.1365076319202559,3187.0,UTILITIES,,,,1,1,1,1,1,0.0,0,1,1,1,0,0,11,0,0.863492368079744,0,237.93,42.84,23627.45,23346.68,0.0,0,0.15384615384615385,1,1,1,1
93454.43,107223.49,-93454.43,0.011013789274754543,1040.75,INTEREST_CREDIT,,,,1,1,1,1,4,0.0,0,1,1,1,0,0,15,0,0.9889862107252455,0,772.96,139.13,108264.24,94495.18,12856.97,1,0.16,7,0,0,1
108.42999999999302,8103.4100000000035,108.42999999999302,1.0012453117052065,87179.0,RENT,6396.060000000012,0.0,0.07999999999999999,5,1,3,3,2,0.0,0,1,0,0,0,1,6,0,0.0012453117052063976,0,801.97,144.35,95282.41,87070.57,7265.52,0,0.16,2,0,1,1
6504.490000000005,6563.570000000007,6504.490000000005,1.0806263341419737,87179.0,RENT,6396.060000000012,0.0,0.07999999999999999,5,2,4,2,7,0.0,0,0,0,0,0,1,7,0,0.08062633414197379,0,246.53,44.37,93742.57,80674.51,12777.16,0,0.16,7,0,0,1
10892.919999999998,11330.830000000002,-10892.919999999998,0.8889292674192573,87179.0,RENT,6396.060000000012,0.0,0.07999999999999999,5,3,1,4,1,0.0,0,0,1,0,0,1,7,0,0.11107073258074276,0,371.11,66.8,98509.83,98071.92,0.0,0,0.16,1,1,1,1
79826.07999999999,81395.26000000001,-79826.07999999999,0.5220140608896449,87179.0,RENT,6396.060000000012,0.0,0.07999999999999999,5,4,2,1,1,0.0,0,0,0,1,0,1,9,0,0.47798593911035514,0,1329.81,239.37,168574.26,167005.08,0.0,0,0.24,1,1,1,1
157793.96,159382.24,-157793.96,0.3558719297019557,87179.0,RENT,6396.060000000012,0.0,0.07999999999999999,5,5,5,5,8,0.0,0,0,0,0,0,0,5,0,0.6441280702980443,0,1346.0,242.28,246561.24,244972.96,0.0,0,0.16,8,0,0,0
31124.20000000001,4806.469999999972,31124.20000000001,1.0790732403433532,424736.5,SUPPLIER_PAYMENT,85984.27999999997,5.0,0.15384615384615385,3,1,3,2,16,0.0,0,1,0,0,0,1,20,0,0.07907324034335313,0,2613.46,470.42,419930.03,393612.3,23233.85,0,0.23076923076923078,16,0,0,0
117108.47999999998,111994.43,117108.47999999998,1.3806820978141068,424736.5,SUPPLIER_PAYMENT,85984.27999999997,5.0,0.15384615384615385,3,2,2,3,5,0.0,0,0,0,0,0,1,14,0,0.3806820978141067,0,4333.95,780.1,312742.07,307628.02,0.0,0,0.07692307692307693,5,0,0,1
278556.78,288045.08999999997,-278556.78,0.6039251505431702,424736.5,SUPPLIER_PAYMENT,85984.27999999997,5.0,0.15384615384615385,3,3,1,1,0,0.0,0,0,1,1,0,0,6,0,0.39607484945682975,1,8040.94,1447.37,712781.59,703293.28,0.0,0,0.38461538461538464,0,1,1,1
13182.75,14136.590000000004,-13182.75,0.7234756682081395,34490.27,SALARY,6896.68,1.0,0.15384615384615385,3,1,2,2,5,0.0,0,1,0,0,0,1,5,0,0.2765243317918605,0,808.34,145.5,48626.86,47673.02,0.0,0,0.15384615384615385,5,0,0,1
20079.43,34342.9,-20079.43,0.6320406745868128,34490.27,SALARY,6896.68,1.0,0.15384615384615385,3,2,3,1,12,0.0,0,0,0,1,0,1,5,0,0.3679593254131872,0,278.69,50.16,68833.17,54569.7,13934.62,0,0.3076923076923077,12,0,0,0
47656.74,48529.450000000004,-47656.74,0.4198603211486334,34490.27,SALARY,6896.68,1.0,0.15384615384615385,3,3,1,3,4,0.0,0,0,1,0,0,0,12,0,0.5801396788513666,0,739.59,133.12,83019.72,82147.01,0.0,0,0.07692307692307693,4,0,0,1
37117.490000000005,38528.19,-37117.490000000005,0.5046806969475085,37819.0,SALARY,6896.68,1.0,0.07692307692307693,4,3,1,3,2,0.0,0,0,1,0,0,1,8,0,0.49531930305249156,0,1195.51,215.19,76347.19,74936.49,0.0,0,0.15384615384615385,5,0,1,1
16750.699999999997,31014.17,-16750.699999999997,0.6930402769302378,37819.0,SALARY,6896.68,1.0,0.07692307692307693,4,2,2,2,3,0.0,0,0,0,0,0,1,5,0,0.3069597230697621,0,278.69,50.16,68833.17,54569.7,13934.62,0,0.15384615384615385,0,0,1,1
9854.019999999997,10807.86,-9854.019999999997,0.7932998580748608,37819.0,SALARY,6896.68,1.0,0.07692307692307693,4,1,4,1,14,0.0,0,1,0,1,0,1,5,0,0.20670014192513916,0,808.34,145.5,48626.86,47673.02,0.0,0,0.23076923076923078,17,0,0,0
55978.899999999994,56878.759999999995,-55978.899999999994,0.40319666005315685,37819.0,SALARY,6896.68,1.0,0.07692307692307693,4,4,3,4,8,0.0,0,0,0,0,0,0,15,0,0.5968033399468431,0,762.58,137.28,94697.76,93797.9,0.0,0,0.07692307692307693,11,0,0,0
1380.6600000000035,4864.190000000002,-1380.6600000000035,0.9924984054506827,182668.21,RENT,278.5099999999802,0.0,0.07407407407407407,5,1,3,5,7,0.0,0,1,0,0,0,1,11,0,0.007501594549317274,0,2952.14,531.39,187532.4,184048.87,0.0,0,0.07407407407407407,10,0,0,1
1659.1699999999837,1349.0100000000093,1659.1699999999837,1.0091662272779303,182668.21,RENT,278.5099999999802,0.0,0.07407407407407407,5,2,4,1,7,0.0,0,0,0,1,0,1,12,0,0.009166227277930337,0,2549.31,458.87,184017.22,181009.04,0.0,0,0.2962962962962963,10,0,0,1
15663.130000000005,14093.949999999983,15663.130000000005,1.0937883446419714,182668.21,RENT,278.5099999999802,0.0,0.07407407407407407,5,3,2,4,0,0.0,0,0,0,0,0,1,9,0,0.0937883446419714,1,1329.81,239.37,168574.26,167005.08,0.0,0,0.14814814814814814,3,1,1,1
38203.580000000016,47903.149999999994,-38203.580000000016,0.8270327777033001,182668.21,RENT,278.5099999999802,0.0,0.07407407407407407,5,4,1,3,0,0.0,0,0,1,0,0,1,15,0,0.1729672222966999,1,1379.92,248.39,230571.36,220871.79,8071.26,0,0.14814814814814814,3,1,1,1
110056.85999999999,109344.48,110056.85999999999,2.5156977524863535,182668.21,RENT,278.5099999999802,0.0,0.07407407407407407,5,5,5,2,16,0.0,0,0,0,0,0,0,11,0,1.5156977524863533,0,603.71,108.67,73323.73,72611.35,0.0,0,0.2222222222222222,19,0,0,0
933.4499999999971,32341.829999999987,-933.4499999999971,0.9918478154075372,113569.6,SUPPLIER_PAYMENT,849.5600000000122,0.0,0.07692307692307693,7,1,5,1,5,0.0,0,1,0,1,0,1,7,0,0.008152184592462796,0,517.17,93.09,145911.43,114503.05,30798.12,0,0.3076923076923077,5,0,0,1
1783.0100000000093,1063.2099999999919,1783.0100000000093,1.015950124250145,113569.6,SUPPLIER_PAYMENT,849.5600000000122,0.0,0.07692307692307693,7,2,7,3,19,0.0,0,0,0,0,0,1,7,0,0.015950124250144936,0,878.17,158.08,114632.81,111786.59,1809.97,0,0.23076923076923078,19,0,0,0
67439.44,70447.62,-67439.44,0.6274250170046756,113569.6,SUPPLIER_PAYMENT,849.5600000000122,0.0,0.07692307692307693,7,6,2,6,0,0.0,0,0,0,0,0,1,12,0,0.37257498299532443,1,2549.31,458.87,184017.22,181009.04,0.0,0,0.15384615384615385,0,1,1,1
70479.26999999999,73962.79999999999,-70479.26999999999,0.6170621965785501,113569.6,SUPPLIER_PAYMENT,849.5600000000122,0.0,0.07692307692307693,7,7,1,5,0,0.0,0,0,1,0,0,1,11,0,0.3829378034214499,1,2952.14,531.39,187532.4,184048.87,0.0,0,0.15384615384615385,0,1,1,1
11709.660000000003,9015.579999999987,11709.660000000003,1.1149584419547076,113569.6,SUPPLIER_PAYMENT,849.5600000000122,0.0,0.07692307692307693,7,3,3,4,3,0.0,0,0,0,0,0,1,9,0,0.11495844195470764,0,741.96,133.56,122585.18,101859.94,19849.72,0,0.23076923076923078,3,0,1,1
18074.709999999992,19127.649999999994,-18074.709999999992,0.862700408395927,113569.6,SUPPLIER_PAYMENT,849.5600000000122,0.0,0.07692307692307693,7,4,4,7,3,0.0,0,0,0,0,0,1,6,0,0.13729959160407307,0,892.32,160.62,132697.25,131644.31,0.0,0,0.07692307692307693,3,0,1,1
46252.169999999984,48140.79000000001,-46252.169999999984,0.7106015657316272,113569.6,SUPPLIER_PAYMENT,849.5600000000122,0.0,0.07692307692307693,7,5,6,2,7,0.0,0,0,0,0,0,0,6,0,0.28939843426837275,0,1600.52,288.1,161710.39,159821.77,0.0,0,0.23076923076923078,7,0,0,1
78591.01,79463.72,-78591.01,0.04328824627944462,3556.0,INTEREST_CREDIT,,,,1,1,1,1,0,0.0,0,1,1,1,0,0,12,0,0.9567117537205554,1,739.59,133.12,83019.72,82147.01,0.0,1,0.15384615384615385,0,1,1,1
806.5099999999948,604.1900000000023,806.5099999999948,1.010762580419766,75743.0,SALARY,4125.0,0.0,0.0,6,1,5,1,20,0.0,0,1,0,1,0,1,8,0,0.010762580419766054,0,1195.51,215.19,76347.19,74936.49,0.0,0,0.2962962962962963,21,0,0,0
4931.509999999995,17999.570000000007,-4931.509999999995,0.938871522120184,75743.0,SALARY,4125.0,0.0,0.0,6,2,6,5,20,0.0,0,0,0,0,0,1,7,0,0.061128477879816005,0,246.53,44.37,93742.57,80674.51,12777.16,0,0.14814814814814814,21,0,0,0
32182.679999999993,63513.47,-32182.679999999993,0.7018070212761226,75743.0,SALARY,4125.0,0.0,0.0,6,4,1,6,0,0.0,0,0,1,0,0,1,11,0,0.29819297872387734,1,1081.98,194.77,139256.47,107925.68,30054.04,0,0.14814814814814814,1,1,1,1
38760.05,70168.43,-38760.05,0.6614932964667753,75743.0,SALARY,4125.0,0.0,0.0,6,5,2,2,0,0.0,0,0,0,0,0,1,7,0,0.33850670353322465,1,517.17,93.09,145911.43,114503.05,30798.12,0,0.2962962962962963,1,1,1,1
26116.940000000002,46842.17999999999,-26116.940000000002,0.7435994955426048,75743.0,SALARY,4125.0,0.0,0.0,6,3,3,3,8,0.0,0,0,0,0,0,1,9,0,0.25640050445739515,0,741.96,133.56,122585.18,101859.94,19849.72,0,0.2222222222222222,9,0,0,0
374741.22,470193.51,-374741.22,0.16813685504899595,75743.0,SALARY,4125.0,0.0,0.0,6,6,4,4,17,0.0,0,0,0,0,0,0,12,0,0.831863144951004,0,6702.67,1206.48,545936.51,450484.22,87543.14,0,0.2222222222222222,18,0,0,0
1436.6100000000006,11631.450000000012,1436.6100000000006,1.0178074834294004,82111.12,OTHER_TRANSFER,3522.840000000011,0.0,0.0,5,1,3,5,3,0.0,0,1,0,0,0,1,7,0,0.017807483429400448,0,246.53,44.37,93742.57,80674.51,12777.16,0,0.15384615384615385,3,0,1,1
4959.450000000012,13171.290000000008,-4959.450000000012,0.9430410298221316,82111.12,OTHER_TRANSFER,3522.840000000011,0.0,0.0,5,2,5,2,8,0.0,0,0,0,0,0,1,6,0,0.056958970177868495,0,801.97,144.35,95282.41,87070.57,7265.52,0,0.3076923076923077,8,0,0,0
29675.47,32521.690000000002,-29675.47,0.7345346163614079,82111.12,OTHER_TRANSFER,3522.840000000011,0.0,0.0,5,3,1,1,1,0.0,0,0,1,1,0,1,7,0,0.26546538363859207,0,878.17,158.08,114632.81,111786.59,1809.97,0,0.3076923076923077,1,1,1,1
60395.649999999994,94624.86000000002,-60395.649999999994,0.5761910118375428,82111.12,OTHER_TRANSFER,3522.840000000011,0.0,0.0,5,4,2,4,1,0.0,0,0,0,0,0,1,6,0,0.4238089881624571,0,1927.81,347.0,176735.98,142506.77,31954.4,0,0.15384615384615385,1,1,1,1
454240.22,551182.09,-454240.22,0.15309203851341174,82111.12,OTHER_TRANSFER,3522.840000000011,0.0,0.0,5,5,4,3,8,0.0,0,0,0,0,0,0,20,0,0.8469079614865882,0,7651.52,1377.28,633293.21,536351.34,87913.07,0,0.15384615384615385,8,0,0,0
315.1499999999942,2555.5999999999767,-315.1499999999942,0.9979748264143812,155301.14,SUPPLIER_PAYMENT,1138.9000000000233,1.0,0.08000000000000002,4,1,1,4,0,0.0,0,1,1,0,0,1,10,0,0.0020251735856187947,1,1898.68,341.77,157856.74,155616.29,0.0,0,0.16,0,1,1,1
1454.0500000000175,34095.879999999976,1454.0500000000175,1.0094512674890375,155301.14,SUPPLIER_PAYMENT,1138.9000000000233,1.0,0.08000000000000002,4,2,3,2,6,0.0,0,0,0,0,0,1,9,0,0.009451267489037444,0,1874.06,337.33,189397.02,153847.09,33338.54,0,0.24,6,0,0,1
27772.050000000017,23757.580000000016,27772.050000000017,1.2177703142083114,155301.14,SUPPLIER_PAYMENT,1138.9000000000233,1.0,0.08000000000000002,4,3,2,1,1,0.0,0,0,0,1,0,1,7,0,0.21777031420831136,0,1467.09,264.08,131543.56,127529.09,2283.3,0,0.32,1,1,1,1
115759.83000000002,106580.42000000001,115759.83000000002,3.927566891435818,155301.14,SUPPLIER_PAYMENT,1138.9000000000233,1.0,0.08000000000000002,4,4,4,3,7,0.0,0,0,0,0,0,0,15,0,2.927566891435818,0,602.16,108.39,48720.72,39541.31,8468.86,0,0.24,7,0,0,1
773.9800000000032,179.86000000000058,773.9800000000032,1.016235178723731,48447.0,SUPPLIER_PAYMENT,5348.719999999994,9.0,0.07692307692307693,4,1,2,3,9,0.0,0,1,0,0,0,1,5,0,0.016235178723731016,0,808.34,145.5,48626.86,47673.02,0.0,0,0.15384615384615385,12,0,0,0
6122.699999999997,20386.17,-6122.699999999997,0.8878003727343197,48447.0,SUPPLIER_PAYMENT,5348.719999999994,9.0,0.07692307692307693,4,2,4,4,26,0.0,0,0,0,0,0,1,5,0,0.11219962726568036,0,278.69,50.16,68833.17,54569.7,13934.62,0,0.07692307692307693,29,0,0,0
38623.57000000001,46835.41,-38623.57000000001,0.5564107367162061,48447.0,SUPPLIER_PAYMENT,5348.719999999994,9.0,0.07692307692307693,4,4,3,2,16,0.0,0,0,0,0,0,1,6,0,0.4435892632837939,0,801.97,144.35,95282.41,87070.57,7265.52,0,0.23076923076923078,19,0,0,0
24763.24,24499.49,24763.24,2.045578911456627,48447.0,SUPPLIER_PAYMENT,5348.719999999994,9.0,0.07692307692307693,4,3,1,1,0,0.0,0,0,1,1,0,0,6,0,1.045578911456627,1,223.52,40.23,23947.51,23683.76,0.0,0,0.3076923076923077,3,1,1,1
8876.37000000001,10287.070000000007,-8876.37000000001,0.8815480949267839,66060.12,RENT,9510.729999999989,0.0,0.07692307692307693,5,1,4,2,12,0.0,0,1,0,0,0,1,8,0,0.11845190507321612,0,1195.51,215.19,76347.19,74936.49,0.0,0,0.23076923076923078,14,0,0,0
35799.82000000001,56525.06,-35799.82000000001,0.6485387680377585,66060.12,RENT,9510.729999999989,0.0,0.07692307692307693,5,4,1,1,0,0.0,0,0,1,1,0,1,9,0,0.35146123196224155,1,741.96,133.56,122585.18,101859.94,19849.72,0,0.3076923076923077,2,1,1,1
18387.1,17433.259999999995,18387.1,1.385691949031129,66060.12,RENT,9510.729999999989,0.0,0.07692307692307693,5,2,2,3,0,0.0,0,0,0,0,0,1,5,0,0.38569194903112913,1,808.34,145.5,48626.86,47673.02,0.0,0,0.23076923076923078,2,1,1,1
21010.45000000001,29222.290000000008,-21010.45000000001,0.7586963080636774,66060.12,RENT,9510.729999999989,0.0,0.07692307692307693,5,3,3,5,7,0.0,0,0,0,0,0,1,6,0,0.24130369193632256,0,801.97,144.35,95282.41,87070.57,7265.52,0,0.15384615384615385,9,0,0,1
273320.61,278935.72000000003,-273320.61,0.19464900084338907,66060.12,RENT,9510.729999999989,0.0,0.07692307692307693,5,5,5,4,15,0.0,0,0,0,0,0,0,8,0,0.8053509991566109,0,4758.56,856.55,344995.84,339380.73,0.0,0,0.23076923076923078,17,0,0,0
23407.019999999997,24360.86,-23407.019999999997,0.5090090789297594,24266.0,UTILITIES,29.450000000004366,1.0,0.14814814814814814,2,1,2,1,12,0.0,0,1,0,1,0,1,5,0,0.49099092107024056,0,808.34,145.5,48626.86,47673.02,0.0,0,0.2962962962962963,13,0,0,0
23436.47,27839.440000000002,-23436.47,0.508694832783292,24266.0,UTILITIES,29.450000000004366,1.0,0.14814814814814814,2,2,1,2,11,0.0,0,0,1,0,0,0,11,0,0.4913051672167081,0,834.02,150.13,52105.44,47702.47,3418.82,0,0.14814814814814814,12,0,0,0
705.2600000000002,3632.130000000001,-705.2600000000002,0.9462580430813498,12417.82,OTHER_TRANSFER,,,,1,1,1,1,14,0.0,0,1,1,1,0,0,7,0,0.05374195691865021,0,210.34,37.85,16049.95,13123.08,2678.68,0,0.2962962962962963,14,0,0,0
68244.35,68956.73,-68244.35,0.060142112768871527,4367.0,INTEREST_CREDIT,,,,1,1,1,1,4,0.0,0,1,1,1,0,0,11,0,0.9398578872311285,0,603.71,108.67,73323.73,72611.35,0.0,1,0.24,4,0,0,1
532454.04,559232.66,-532454.04,0.00799149060830592,4289.38,INTEREST_CREDIT,,,,1,1,1,1,5,0.0,0,1,1,1,0,0,15,0,0.992008509391694,0,5923.15,1066.16,563522.04,536743.42,19789.31,1,0.23076923076923078,5,0,0,1
200581.09,204440.69,-200581.09,0.09885378310429663,22003.31,UTILITIES,,,,1,1,1,1,17,0.0,0,1,1,1,0,0,5,0,0.9011462168957034,0,3270.85,588.75,226444.0,222584.4,0.0,0,0.14814814814814814,17,0,0,0
1357.6600000000035,32766.039999999994,-1357.6600000000035,0.9881430232644458,113145.39,SALARY,1.139999999999418,1.0,0.0,6,1,4,2,10,0.0,0,1,0,0,0,1,7,0,0.011856976735554236,0,517.17,93.09,145911.43,114503.05,30798.12,0,0.2857142857142857,15,0,0,0
1358.800000000003,1487.4199999999983,1358.800000000003,1.012155304138001,113145.39,SALARY,1.139999999999418,1.0,0.0,6,2,6,1,14,0.0,0,0,0,1,0,1,7,0,0.012155304138000837,0,878.17,158.08,114632.81,111786.59,1809.97,0,0.2857142857142857,9,0,0,0
40701.7,76251.62999999999,-40701.7,0.7354405598441933,113145.39,SALARY,1.139999999999418,1.0,0.0,6,4,1,5,0,0.0,0,0,1,0,0,1,9,0,0.2645594401558066,1,1874.06,337.33,189397.02,153847.09,33338.54,0,0.07142857142857142,5,1,1,1
54332.33,56378.67,-54332.33,0.6755847285238896,113145.39,SALARY,1.139999999999418,1.0,0.0,6,6,2,3,1,0.0,0,0,0,0,0,1,11,0,0.3244152714761104,0,1734.18,312.16,169524.06,167477.72,0.0,0,0.14285714285714285,4,1,1,1
11285.449999999997,9439.789999999994,11285.449999999997,1.1107938017634802,113145.39,SALARY,1.139999999999418,1.0,0.0,6,3,3,4,2,0.0,0,0,0,0,0,1,9,0,0.11079380176348029,0,741.96,133.56,122585.18,101859.94,19849.72,0,0.14285714285714285,7,0,1,1
53372.49,49940.87,53372.49,1.8929212067676153,113145.39,SALARY,1.139999999999418,1.0,0.0,6,5,5,6,13,0.0,0,0,0,0,0,0,12,0,0.8929212067676153,0,402.16,72.38,63204.52,59772.9,2957.08,0,0.07142857142857142,8,0,0,0
28257.37,30691.100000000002,-28257.37,0.10144789741179554,3190.3,INTEREST_CREDIT,,,,1,1,1,1,3,0.0,0,1,1,1,0,0,9,0,0.8985521025882045,0,330.88,59.56,33881.4,31447.67,2043.29,1,0.16,6,0,1,1
2382.519999999997,5803.850000000006,-2382.519999999997,0.9630296816793089,62061.61,OTHER_TRANSFER,2482.6700000000055,1.0,0.0,7,1,7,4,14,0.0,0,1,0,0,0,1,11,0,0.036970318320691066,0,703.88,126.7,67865.46,64444.13,2590.75,0,0.2222222222222222,13,0,0,0
4865.190000000002,15156.880000000005,-4865.190000000002,0.9273058027576396,62061.61,OTHER_TRANSFER,2482.6700000000055,1.0,0.0,7,2,6,5,5,0.0,0,0,0,0,0,1,10,0,0.07269419724236034,0,747.93,134.62,77218.49,66926.8,9409.14,0,0.2222222222222222,4,0,0,1
15885.480000000003,14897.059999999998,15885.480000000003,1.3440193017474613,62061.61,OTHER_TRANSFER,2482.6700000000055,1.0,0.0,7,5,1,1,0,0.0,0,0,1,1,0,1,6,0,0.34401930174746137,1,837.65,150.77,47164.55,46176.13,0.0,0,0.2962962962962963,1,1,1,1
42779.95,53441.270000000004,-42779.95,0.5919561860773533,62061.61,OTHER_TRANSFER,2482.6700000000055,1.0,0.0,7,6,2,7,1,0.0,0,0,0,0,0,1,20,0,0.4080438139226467,0,1088.07,195.85,115502.88,104841.56,9377.4,0,0.07407407407407407,0,1,1,1
4881.270000000004,4127.9100000000035,4881.270000000004,1.0853662290220731,62061.61,OTHER_TRANSFER,2482.6700000000055,1.0,0.0,7,3,4,6,3,0.0,0,0,0,0,0,1,8,0,0.08536622902207305,0,374.44,67.4,57933.7,57180.34,311.52,0,0.2222222222222222,2,0,1,1
10549.740000000005,11262.119999999995,-10549.740000000005,0.8547094910093256,62061.61,OTHER_TRANSFER,2482.6700000000055,1.0,0.0,7,4,5,2,3,0.0,0,0,0,0,0,1,11,0,0.1452905089906744,0,603.71,108.67,73323.73,72611.35,0.0,0,0.2962962962962963,4,0,1,1
69582.7,70635.64,-69582.7,0.47143404830789876,62061.61,OTHER_TRANSFER,2482.6700000000055,1.0,0.0,7,7,3,3,3,0.0,0,0,0,0,0,0,6,0,0.5285659516921012,0,892.32,160.62,132697.25,131644.31,0.0,0,0.2222222222222222,2,0,1,1
737860.57,747416.36,-737860.57,0.003670843433987175,2718.55,UTILITIES,,,,1,1,1,1,11,0.0,0,1,1,1,0,0,15,0,0.9963291565660127,0,8098.12,1457.67,750134.91,740579.12,0.0,0,0.23076923076923078,11,0,0,0
33304.16,19006.76999999999,33304.16,1.248050107906939,167568.0,RENT,8242.929999999993,14.0,0.0,2,2,2,2,16,0.0,0,0,0,0,0,1,20,0,0.2480501079069391,0,1278.64,230.15,148561.23,134263.84,12788.6,0,0.14814814814814814,15,0,0,0
25061.23000000001,9167.98000000001,25061.23000000001,1.1758599258126474,167568.0,RENT,8242.929999999993,14.0,0.0,2,1,1,1,2,0.0,0,1,1,1,0,0,6,0,0.17585992581264745,0,1927.81,347.0,176735.98,142506.77,31954.4,0,0.14814814814814814,3,0,1,1
1231.199999999997,9060.490000000005,1231.199999999997,1.0183962179575297,68158.0,SALARY,57.38999999999942,1.0,0.08333333333333334,3,1,1,2,0,0.0,0,1,1,0,0,1,10,0,0.018396217957529673,1,747.93,134.62,77218.49,66926.8,9409.14,0,0.16666666666666666,0,1,1,1
1288.5899999999965,13842.919999999998,-1288.5899999999965,0.9814448772790716,68158.0,SALARY,57.38999999999942,1.0,0.08333333333333334,3,2,2,3,1,0.0,0,0,0,0,0,1,11,0,0.018555122720928366,0,583.41,105.01,82000.92,69446.59,11865.91,0,0.16666666666666666,1,1,1,1
176814.96,178403.24,-176814.96,0.2782266255018513,68158.0,SALARY,57.38999999999942,1.0,0.08333333333333334,3,3,3,1,17,0.0,0,0,0,1,0,0,5,0,0.7217733744981487,0,1346.0,242.28,246561.24,244972.96,0.0,0,0.25,17,0,0,0
2827.3899999999994,2918.209999999999,-2827.3899999999994,0.8820514788670996,21144.0,UTILITIES,310.59000000000015,1.0,0.0,4,1,3,4,9,0.0,0,1,0,0,0,1,5,0,0.1179485211329005,0,76.97,13.85,24062.21,23971.39,0.0,0,0.14814814814814814,9,0,0,0
3137.9799999999996,3084.16,3137.9799999999996,1.17427393727209,21144.0,UTILITIES,310.59000000000015,1.0,0.0,4,2,1,3,1,0.0,0,0,1,0,0,1,6,0,0.1742739372720901,0,45.61,8.21,18059.84,18006.02,0.0,0,0.14814814814814814,1,1,1,1
5024.369999999999,10717.43,-5024.369999999999,0.8079983583234264,21144.0,UTILITIES,310.59000000000015,1.0,0.0,4,3,2,2,2,0.0,0,0,0,0,0,1,5,0,0.19200164167657363,0,258.42,46.52,31861.43,26168.37,5388.12,0,0.2222222222222222,2,0,1,1
348625.27,427281.13,-348625.27,0.0571816040851637,21144.0,UTILITIES,310.59000000000015,1.0,0.0,4,4,4,1,18,0.0,0,0,0,1,0,0,10,0,0.9428183959148363,0,2055.21,369.93,448425.13,369769.27,76230.72,0,0.2222222222222222,18,0,0,0
962.3899999999994,1053.2099999999991,-962.3899999999994,0.9598525575696696,23009.0,OTHER_TRANSFER,2196.9799999999996,10.0,0.07692307692307693,4,1,4,4,23,0.0,0,1,0,0,0,1,5,0,0.040147442430330464,0,76.97,13.85,24062.21,23971.39,0.0,0,0.15384615384615385,23,0,0,0
3159.369999999999,8852.43,-3159.369999999999,0.8792676043635886,23009.0,OTHER_TRANSFER,2196.9799999999996,10.0,0.07692307692307693,4,2,2,1,12,0.0,0,0,0,1,0,1,5,0,0.1207323956364114,0,258.42,46.52,31861.43,26168.37,5388.12,0,0.23076923076923078,12,0,0,0
5002.98,4949.16,5002.98,1.2778504078080553,23009.0,OTHER_TRANSFER,2196.9799999999996,10.0,0.07692307692307693,4,3,3,3,13,0.0,0,0,0,0,0,1,6,0,0.27785040780805526,0,45.61,8.21,18059.84,18006.02,0.0,0,0.15384615384615385,13,0,0,0
535444.56,686733.51,-535444.56,0.04120127732733944,23009.0,OTHER_TRANSFER,2196.9799999999996,10.0,0.07692307692307693,4,4,1,2,2,0.0,0,0,1,0,0,0,11,0,0.9587987226726605,0,6256.57,1126.19,709742.51,558453.56,143906.19,0,0.15384615384615385,2,0,1,1
866.2799999999988,9795.040000000008,866.2799999999988,1.00826275381633,105707.84,SALARY,4777.9100000000035,0.0,0.07692307692307693,6,1,6,1,13,0.0,0,1,0,1,0,1,20,0,0.008262753816330078,0,1088.07,195.85,115502.88,104841.56,9377.4,0,0.3076923076923077,13,0,0,0
5644.190000000002,6964.350000000006,-5644.190000000002,0.9493121948472785,105707.84,SALARY,4777.9100000000035,0.0,0.07692307692307693,6,2,5,4,6,0.0,0,0,0,0,0,1,15,0,0.05068780515272153,0,1118.77,201.39,112672.19,111352.03,0.0,0,0.15384615384615385,6,0,0,1
11212.660000000003,2556.4000000000087,11212.660000000003,1.1186585389857981,105707.84,SALARY,4777.9100000000035,0.0,0.07692307692307693,6,3,1,2,0,0.0,0,0,1,0,0,1,15,0,0.11865853898579805,1,772.96,139.13,108264.24,94495.18,12856.97,0,0.23076923076923078,0,1,1,1
30553.979999999996,29782.72,30553.979999999996,1.4065523713618968,105707.84,SALARY,4777.9100000000035,0.0,0.07692307692307693,6,5,2,6,0,0.0,0,0,0,0,0,1,11,0,0.4065523713618967,1,653.61,117.65,75925.12,75153.86,0.0,0,0.07692307692307693,0,1,1,1
11909.940000000002,11010.080000000002,11909.940000000002,1.1269744845033844,105707.84,SALARY,4777.9100000000035,0.0,0.07692307692307693,6,4,4,5,1,0.0,0,0,0,0,0,1,15,0,0.12697448450338444,0,762.58,137.28,94697.76,93797.9,0.0,0,0.15384615384615385,1,1,1,1
54113.92999999999,56002.55000000002,-54113.92999999999,0.6614107702598964,105707.84,SALARY,4777.9100000000035,0.0,0.07692307692307693,6,6,3,3,1,0.0,0,0,0,0,0,0,6,0,0.3385892297401036,0,1600.52,288.1,161710.39,159821.77,0.0,0,0.15384615384615385,1,1,1,1
1337.3899999999994,1428.2099999999991,-1337.3899999999994,0.9442089090369812,22634.0,SALARY,2196.9799999999996,1.0,0.07692307692307693,4,1,3,4,22,0.0,0,1,0,0,0,1,5,0,0.05579109096301881,0,76.97,13.85,24062.21,23971.39,0.0,0,0.15384615384615385,22,0,0,0
3534.369999999999,9227.43,-3534.369999999999,0.8649373270096685,22634.0,SALARY,2196.9799999999996,1.0,0.07692307692307693,4,2,1,1,11,0.0,0,0,1,1,0,1,5,0,0.13506267299033142,0,258.42,46.52,31861.43,26168.37,5388.12,0,0.3076923076923077,11,0,0,0
4627.98,4574.16,4627.98,1.257024039737821,22634.0,SALARY,2196.9799999999996,1.0,0.07692307692307693,4,3,2,3,12,0.0,0,0,0,0,0,1,6,0,0.257024039737821,0,45.61,8.21,18059.84,18006.02,0.0,0,0.23076923076923078,12,0,0,0
396270.87,488714.11,-396270.87,0.05403136038977059,22634.0,SALARY,2196.9799999999996,1.0,0.07692307692307693,4,4,4,2,25,0.0,0,0,0,0,0,0,12,0,0.9459686396102294,0,6975.43,1255.58,511348.11,418904.87,84212.23,0,0.23076923076923078,25,0,0,0
211918.50999999998,202218.94,211918.50999999998,1.9594639043763804,432790.3,SUPPLIER_PAYMENT,,,,1,1,1,1,8,0.0,0,1,1,1,0,0,15,0,0.9594639043763804,0,1379.92,248.39,230571.36,220871.79,8071.26,0,0.3076923076923077,10,0,0,0
393095.1,419412.83,-393095.1,0.0013139833282648943,517.2,INTEREST_CREDIT,,,,1,1,1,1,2,0.0,0,1,1,1,0,0,20,0,0.9986860166717351,0,2613.46,470.42,419930.03,393612.3,23233.85,1,0.07692307692307693,2,0,1,1
981740.1,990947.92,-981740.1,0.0009708107439455397,954.01,INTEREST_CREDIT,,,,1,1,1,1,3,0.0,0,1,1,1,0,0,15,0,0.9990291892560544,0,7803.23,1404.59,991901.93,982694.11,0.0,1,0.23076923076923078,3,0,1,1
11272.08,14198.95,-11272.08,0.14104920491226144,1851.0,INTEREST_CREDIT,,,,1,1,1,1,15,0.0,0,1,1,1,0,0,7,0,0.8589507950877385,0,210.34,37.85,16049.95,13123.08,2678.68,1,0.16,13,0,0,0
2237.2600000000093,12060.130000000005,2237.2600000000093,1.0166631611310983,136501.1,RENT,22911.809999999998,1.0,0.07407407407407407,5,1,3,5,5,0.0,0,1,0,0,0,1,20,0,0.01666316113109836,0,1278.64,230.15,148561.23,134263.84,12788.6,0,0.2222222222222222,5,0,0,1
42005.92000000001,28236.86,42005.92000000001,1.4445297633170286,136501.1,RENT,22911.809999999998,1.0,0.07407407407407407,5,3,1,1,2,0.0,0,0,1,1,0,1,15,0,0.4445297633170286,0,772.96,139.13,108264.24,94495.18,12856.97,0,0.37037037037037035,2,0,1,1
42703.20000000001,41803.34000000001,42703.20000000001,1.4552681883069878,136501.1,RENT,22911.809999999998,1.0,0.07407407407407407,5,4,2,2,3,0.0,0,0,0,0,0,1,15,0,0.45526818830698784,0,762.58,137.28,94697.76,93797.9,0.0,0,0.2962962962962963,3,0,1,1
25149.070000000007,23828.910000000003,25149.070000000007,1.2258519220529702,136501.1,RENT,22911.809999999998,1.0,0.07407407407407407,5,2,5,4,8,0.0,0,0,0,0,0,1,15,0,0.22585192205297028,0,1118.77,201.39,112672.19,111352.03,0.0,0,0.2222222222222222,8,0,0,0
44507.94,47516.119999999995,-44507.94,0.7541120598175649,136501.1,RENT,22911.809999999998,1.0,0.07407407407407407,5,5,4,3,6,0.0,0,0,0,0,0,0,12,0,0.2458879401824351,0,2549.31,458.87,184017.22,181009.04,0.0,0,0.2222222222222222,6,0,0,1
149656.09,185206.02,-149656.09,0.02724133423648117,4191.0,INTEREST_CREDIT,,,,1,1,1,1,2,0.0,0,1,1,1,0,0,9,0,0.9727586657635189,0,1874.06,337.33,189397.02,153847.09,33338.54,1,0.23076923076923078,2,0,1,1
9924.39,10015.21,-9924.39,0.5859902158364617,14047.0,OTHER_TRANSFER,5965.369999999999,4.0,0.0,3,2,1,3,3,0.0,0,0,1,0,0,1,5,0,0.4140097841635383,0,76.97,13.85,24062.21,23971.39,0.0,0,0.15384615384615385,4,0,1,1
3959.0200000000004,4012.84,-3959.0200000000004,0.7801279794202161,14047.0,OTHER_TRANSFER,5965.369999999999,4.0,0.0,3,1,2,2,7,0.0,0,1,0,0,0,1,6,0,0.2198720205797839,0,45.61,8.21,18059.84,18006.02,0.0,0,0.15384615384615385,6,0,0,1
224939.8,242879.0,-224939.8,0.05877730485533093,14047.0,OTHER_TRANSFER,5965.369999999999,4.0,0.0,3,3,3,1,20,0.0,0,0,0,1,0,0,12,0,0.941222695144669,0,800.71,144.13,256926.0,238986.8,16994.36,0,0.15384615384615385,19,0,0,0
210042.03,225289.09,-210042.03,0.004747824423178424,1002.0,INTEREST_CREDIT,,,,1,1,1,1,7,0.0,0,1,1,1,0,0,12,0,0.9952521755768216,0,1856.58,334.19,226291.09,211044.03,13056.29,1,0.15384615384615385,8,0,0,1
280558.73,278881.42000000004,280558.73,2.430201531580676,476726.0,SUPPLIER_PAYMENT,,,,1,1,1,1,29,0.0,0,1,1,1,0,0,4,0,1.430201531580676,0,1421.45,255.86,197844.58,196167.27,0.0,0,0.15384615384615385,28,0,0,0
284903.94999999995,259604.9,284903.94999999995,3.6266107474000693,393372.23,SUPPLIER_PAYMENT,,,,1,1,1,1,6,0.0,0,1,1,1,0,0,7,0,2.626610747400069,0,1888.41,339.91,133767.33,108468.28,23070.73,0,0.23076923076923078,6,0,0,1
208896.25,191553.5,208896.25,2.4627175385011815,351710.05,SUPPLIER_PAYMENT,,,,1,1,1,1,1,0.0,0,1,1,1,0,0,5,0,1.4627175385011815,0,1680.94,302.57,160156.55,142813.8,15359.24,0,0.07407407407407407,1,1,1,1
1912.0,15303.919999999998,1912.0,1.022704769830396,86123.38,RENT,2064.37000000001,2.0,0.15384615384615385,4,1,1,2,0,0.0,0,1,1,0,0,1,20,0,0.022704769830395842,1,856.17,154.11,101427.3,84211.38,16205.64,0,0.23076923076923078,0,1,1,1
3976.37000000001,3103.6600000000035,3976.37000000001,1.0484055353931934,86123.38,RENT,2064.37000000001,2.0,0.15384615384615385,4,2,4,4,8,0.0,0,0,0,0,0,1,12,0,0.04840553539319337,0,739.59,133.12,83019.72,82147.01,0.0,0,0.15384615384615385,8,0,0,0
10726.39,9433.48000000001,10726.39,1.1422654936224907,86123.38,RENT,2064.37000000001,2.0,0.15384615384615385,4,3,2,1,2,0.0,0,0,0,1,0,1,15,0,0.14226549362249075,0,647.17,116.49,76689.9,75396.99,529.25,0,0.38461538461538464,2,0,1,1
23820.250000000007,69755.91,23820.250000000007,1.3823283035699814,86123.38,RENT,2064.37000000001,2.0,0.15384615384615385,4,4,3,3,5,0.0,0,0,0,0,0,0,5,0,0.38232830356998126,0,185.53,33.4,155879.29,62303.13,93357.23,0,0.15384615384615385,5,0,0,1
60148.16,45850.76999999999,60148.16,1.4479848036522716,194412.0,RENT,121140.76000000001,9.0,0.0,2,1,1,2,17,0.0,0,1,1,0,0,1,20,0,0.44798480365227156,0,1278.64,230.15,148561.23,134263.84,12788.6,0,0.15384615384615385,15,0,0,0
181288.92,178362.05,181288.92,14.814510008321218,194412.0,RENT,121140.76000000001,9.0,0.0,2,2,2,1,26,0.0,0,0,0,1,0,0,7,0,13.814510008321218,0,210.34,37.85,16049.95,13123.08,2678.68,0,0.15384615384615385,24,0,0,0
156.69000000000233,661.5599999999977,156.69000000000233,1.0022228902510182,70646.0,RENT,1042.7200000000012,0.0,0.16,5,1,5,2,10,0.0,0,1,0,0,0,1,15,0,0.002222890251018237,0,693.44,124.81,71307.56,70489.31,0.0,0,0.16,12,0,0,0
1199.4100000000035,11354.919999999998,1199.4100000000035,1.0172709703960987,70646.0,RENT,1042.7200000000012,0.0,0.16,5,2,4,1,8,0.0,0,0,0,1,0,1,11,0,0.017270970396098692,0,583.41,105.01,82000.92,69446.59,11865.91,0,0.32,6,0,0,0
4507.860000000001,5279.119999999995,-4507.860000000001,0.9400182505595853,70646.0,RENT,1042.7200000000012,0.0,0.16,5,3,1,3,2,0.0,0,0,1,0,0,1,11,0,0.05998174944041464,0,653.61,117.65,75925.12,75153.86,0.0,0,0.16,4,0,1,1
6201.870000000003,2780.5399999999936,6201.870000000003,1.0962363833602844,70646.0,RENT,1042.7200000000012,0.0,0.16,5,4,2,4,2,0.0,0,0,0,0,0,1,11,0,0.09623638336028437,0,703.88,126.7,67865.46,64444.13,2590.75,0,0.16,4,0,1,1
147312.53,231230.21999999997,-147312.53,0.3241258784411879,70646.0,RENT,1042.7200000000012,0.0,0.16,5,5,3,5,4,0.0,0,0,0,0,0,0,11,0,0.6758741215588121,0,3698.59,665.74,301876.22,217958.53,79553.36,0,0.08,6,0,0,1
266.1999999999971,10025.490000000005,266.1999999999971,1.0039774798735335,67193.0,SALARY,1987.3899999999994,1.0,0.0,3,1,1,2,0,0.0,0,1,1,0,0,1,10,0,0.003977479873533429,1,747.93,134.62,77218.49,66926.8,9409.14,0,0.16666666666666666,0,1,1,1
2253.5899999999965,14807.919999999998,-2253.5899999999965,0.9675493065966234,67193.0,SALARY,1987.3899999999994,1.0,0.0,3,2,3,3,1,0.0,0,0,0,0,0,1,11,0,0.032450693403376564,0,583.41,105.01,82000.92,69446.59,11865.91,0,0.16666666666666666,1,1,1,1
16761.309999999998,15315.529999999999,16761.309999999998,1.3323566987344664,67193.0,SALARY,1987.3899999999994,1.0,0.0,3,3,2,1,1,0.0,0,0,0,1,0,0,11,0,0.3323566987344663,0,32.75,5.9,51877.47,50431.69,1407.13,0,0.16666666666666666,1,1,1,1
204393.83000000002,206651.16,-204393.83000000002,0.023071409947909113,4827.02,INTEREST_CREDIT,,,,1,1,1,1,4,0.0,0,1,1,1,0,0,6,0,0.976928590052091,0,1912.99,344.34,211478.18,209220.85,0.0,1,0.15384615384615385,9,0,0,1
213365.59,216236.05,-213365.59,0.010714750530783348,2310.92,INTEREST_CREDIT,,,,1,1,1,1,2,0.0,0,1,1,1,0,0,10,0,0.9892852494692166,0,2432.59,437.87,218546.97,215676.51,0.0,1,0.3076923076923077,4,0,1,1
96756.16,87056.59000000003,96756.16,1.438064815792003,317627.95,SUPPLIER_PAYMENT,,,,1,1,1,1,5,0.0,0,1,1,1,0,0,15,0,0.4380648157920031,0,1379.92,248.39,230571.36,220871.79,8071.26,0,0.2222222222222222,3,0,0,1
74010.0,61269.81,74010.0,1.2920533203100413,327422.63,SUPPLIER_PAYMENT,,,,1,1,1,1,11,0.0,0,1,1,1,0,0,11,0,0.2920533203100414,0,3443.45,619.82,266152.82,253412.63,8676.92,0,0.23076923076923078,11,0,0,0
237951.92,161979.87,237951.92,2.147817875694956,445260.0,SUPPLIER_PAYMENT,,,,1,1,1,1,18,0.0,0,1,1,1,0,0,15,0,1.1478178756949562,0,3552.18,639.41,283280.13,207308.08,71780.46,0,0.16,18,0,0,0
223118.03,226156.66,-223118.03,0.01216650418834563,2748.0,OTHER_TRANSFER,,,,1,1,1,1,10,0.0,0,1,1,1,0,0,5,0,0.9878334958116544,0,2575.11,463.52,228904.66,225866.03,0.0,0,0.23076923076923078,10,0,0,0
1317.1600000000035,12980.23000000001,1317.1600000000035,1.0098102363227508,135581.0,SALARY,22911.809999999998,1.0,0.0,4,1,3,4,4,0.0,0,1,0,0,0,1,20,0,0.009810236322750814,0,1278.64,230.15,148561.23,134263.84,12788.6,0,0.07692307692307693,7,0,0,1
41085.82000000001,27316.759999999995,41085.82000000001,1.4347927587417688,135581.0,SALARY,22911.809999999998,1.0,0.0,4,3,1,3,3,0.0,0,0,1,0,0,1,15,0,0.43479275874176876,0,772.96,139.13,108264.24,94495.18,12856.97,0,0.15384615384615385,0,0,1,1
24228.97,22908.809999999998,24228.97,1.217588938432465,135581.0,SALARY,22911.809999999998,1.0,0.0,4,2,4,2,9,0.0,0,0,0,0,0,1,15,0,0.21758893843246505,0,1118.77,201.39,112672.19,111352.03,0.0,0,0.3076923076923077,6,0,0,0
287157.58,390258.32999999996,-287157.58,0.3207206685512356,135581.0,SALARY,22911.809999999998,1.0,0.0,4,4,2,1,4,0.0,0,0,0,1,0,0,12,0,0.6792793314487644,0,4877.61,877.98,525839.33,422738.58,97345.16,0,0.3076923076923077,1,0,0,1
119534.02999999997,125521.73999999999,-119534.02999999997,0.7496228078412401,357881.78,SUPPLIER_PAYMENT,,,,1,1,1,1,17,0.0,0,1,1,1,0,0,5,0,0.2503771921587598,0,5074.33,913.38,483403.52,477415.81,0.0,0,0.15384615384615385,17,0,0,0
1452.0099999999948,159.10000000000582,1452.0099999999948,1.0192581958510545,76849.0,RENT,243.13000000000466,0.0,0.0,6,1,5,4,18,0.0,0,1,0,0,0,1,15,0,0.019258195851054462,0,647.17,116.49,76689.9,75396.99,529.25,0,0.15384615384615385,17,0,0,0
1695.1399999999994,923.8800000000047,1695.1399999999994,1.0225555946161649,76849.0,RENT,243.13000000000466,0.0,0.0,6,2,4,5,8,0.0,0,0,0,0,0,1,11,0,0.02255559461616475,0,653.61,117.65,75925.12,75153.86,0.0,0,0.07692307692307693,7,0,0,0
9922.199999999997,369.49000000000524,9922.199999999997,1.148254510898474,76849.0,RENT,243.13000000000466,0.0,0.0,6,4,2,3,1,0.0,0,0,0,0,0,1,10,0,0.1482545108984741,0,747.93,134.62,77218.49,66926.8,9409.14,0,0.23076923076923078,2,1,1,1
57414.84,71712.23000000001,-57414.84,0.5723730231460682,76849.0,RENT,243.13000000000466,0.0,0.0,6,6,1,2,1,0.0,0,0,1,0,0,1,20,0,0.42762697685393175,0,1278.64,230.15,148561.23,134263.84,12788.6,0,0.23076923076923078,0,1,1,1
5152.899999999994,16580.17,-5152.899999999994,0.9371612121182559,76849.0,RENT,243.13000000000466,0.0,0.0,6,3,3,6,2,0.0,0,0,0,0,0,1,15,0,0.06283878788174414,0,367.51,66.15,93429.17,82001.9,10993.61,0,0.07692307692307693,3,0,1,1
34645.38,29742.92,34645.38,1.8209101494137232,76849.0,RENT,243.13000000000466,0.0,0.0,6,5,6,1,21,0.0,0,0,0,1,0,0,12,0,0.8209101494137232,0,306.18,55.11,47106.08,42203.62,4541.17,0,0.23076923076923078,20,0,0,0
8159.6,8398.14,-8159.6,0.4473504369599804,6604.91,UTILITIES,,,,1,1,1,1,10,0.0,0,1,1,1,0,0,5,0,0.5526495630400197,0,202.15,36.39,15003.05,14764.51,0.0,0,0.16,7,0,0,0
34764.16,20466.76999999999,34764.16,1.2589242196558657,169028.0,SUPPLIER_PAYMENT,74765.85999999999,5.0,0.0,2,1,2,2,22,0.0,0,1,0,0,0,1,20,0,0.25892421965586565,0,1278.64,230.15,148561.23,134263.84,12788.6,0,0.08,22,0,0,0
109530.01999999999,107263.26999999999,109530.01999999999,2.8409031701580454,169028.0,SUPPLIER_PAYMENT,74765.85999999999,5.0,0.0,2,2,1,1,17,0.0,0,0,1,1,0,0,20,0,1.8409031701580454,0,581.24,104.62,61764.73,59497.98,1580.89,0,0.08,17,0,0,0
532086.15,574299.49,-532086.15,0.0075410934100486795,4043.0,INTEREST_CREDIT,,,,1,1,1,1,6,0.0,0,1,1,1,0,0,8,0,0.9924589065899513,0,7165.02,1289.7,578342.49,536129.15,33758.62,1,0.3076923076923077,7,0,0,1
391586.22,463185.93,-391586.22,0.005142142904724375,2024.0,INTEREST_CREDIT,,,,1,1,1,1,9,0.0,0,1,1,1,0,0,10,0,0.9948578570952756,0,4542.72,817.69,465209.93,393610.22,66239.3,1,0.23076923076923078,9,0,0,0
710.0100000000093,13587.380000000005,710.0100000000093,1.005288169919764,134973.85,SUPPLIER_PAYMENT,22911.809999999998,4.0,0.0,4,1,3,3,18,0.0,0,1,0,0,0,1,20,0,0.005288169919764021,0,1278.64,230.15,148561.23,134263.84,12788.6,0,0.23076923076923078,15,0,0,0
23621.820000000007,22301.660000000003,23621.820000000007,1.2121364109841555,134973.85,SUPPLIER_PAYMENT,22911.809999999998,4.0,0.0,4,2,1,4,5,0.0,0,0,1,0,0,1,15,0,0.21213641098415545,0,1118.77,201.39,112672.19,111352.03,0.0,0,0.15384615384615385,2,0,0,1
40875.22,29264.740000000005,40875.22,1.434386983104855,134973.85,SUPPLIER_PAYMENT,22911.809999999998,4.0,0.0,4,3,2,2,9,0.0,0,0,0,0,0,1,20,0,0.43438698310485496,0,1214.31,218.58,105709.11,94098.63,10177.59,0,0.23076923076923078,6,0,0,0
401769.57000000007,428548.19000000006,-401769.57000000007,0.25146810369841144,134973.85,SUPPLIER_PAYMENT,22911.809999999998,4.0,0.0,4,4,4,1,19,0.0,0,0,0,1,0,0,15,0,0.7485318963015887,0,5923.15,1066.16,563522.04,536743.42,19789.31,0,0.23076923076923078,16,0,0,0
1318.5599999999977,2218.4199999999983,-1318.5599999999977,0.9859425424236576,92479.34,SUPPLIER_PAYMENT,300.7300000000105,1.0,0.0,3,1,1,2,0,0.0,0,1,1,0,0,1,15,0,0.014057457576342304,1,762.58,137.28,94697.76,93797.9,0.0,0,0.14814814814814814,1,1,1,1
1619.2900000000081,13229.770000000004,-1619.2900000000081,0.9827915666784945,92479.34,SUPPLIER_PAYMENT,300.7300000000105,1.0,0.0,3,2,2,1,1,0.0,0,0,0,1,0,1,20,0,0.017208433321505404,0,1214.31,218.58,105709.11,94098.63,10177.59,0,0.14814814814814814,0,1,1,1
65355.350000000006,67275.43,-65355.350000000006,0.5859253121097776,92479.34,SUPPLIER_PAYMENT,300.7300000000105,1.0,0.0,3,3,3,3,11,0.0,0,0,0,0,0,0,5,0,0.4140746878902224,0,1627.18,292.9,159754.77,157834.69,0.0,0,0.07407407407407407,12,0,0,0
133.3000000000029,15210.179999999993,-133.3000000000029,0.9983530664716209,80805.0,OTHER_TRANSFER,1063.5999999999913,1.0,0.07407407407407407,6,1,4,3,6,0.0,0,1,0,0,0,1,15,0,0.0016469335283790605,0,1362.51,245.26,96015.18,80938.3,13469.11,0,0.2222222222222222,4,0,0,1
1196.8999999999942,12624.169999999998,-1196.8999999999942,0.985403996736661,80805.0,OTHER_TRANSFER,1063.5999999999913,1.0,0.07407407407407407,6,2,5,6,24,0.0,0,0,0,0,0,1,15,0,0.014596003263338951,0,367.51,66.15,93429.17,82001.9,10993.61,0,0.14814814814814814,22,0,0,0
24995.870000000003,14895.509999999995,24995.870000000003,1.4478813771151782,80805.0,OTHER_TRANSFER,1063.5999999999913,1.0,0.07407407407407407,6,5,1,4,1,0.0,0,0,1,0,0,1,10,0,0.44788137711517817,0,927.12,166.89,65909.49,55809.13,9006.35,0,0.14814814814814814,1,1,1,1
3406.3800000000047,20622.300000000003,-3406.3800000000047,0.9595496475654478,80805.0,OTHER_TRANSFER,1063.5999999999913,1.0,0.07407407407407407,6,3,2,5,2,0.0,0,0,0,0,0,1,20,0,0.04045035243455225,0,856.17,154.11,101427.3,84211.38,16205.64,0,0.14814814814814814,0,0,1,1
5408.009999999995,4115.100000000006,5408.009999999995,1.071727133934657,80805.0,OTHER_TRANSFER,1063.5999999999913,1.0,0.07407407407407407,6,4,3,1,4,0.0,0,0,0,1,0,1,15,0,0.071727133934657,0,647.17,116.49,76689.9,75396.99,529.25,0,0.2962962962962963,2,0,0,1
67681.92,64755.05,67681.92,6.157472178787297,80805.0,OTHER_TRANSFER,1063.5999999999913,1.0,0.07407407407407407,6,6,6,2,30,0.0,0,0,0,0,0,0,7,0,5.157472178787296,0,210.34,37.85,16049.95,13123.08,2678.68,0,0.2222222222222222,28,0,0,0
980.9199999999983,1752.179999999993,-980.9199999999983,0.9869478427322296,74172.94,SUPPLIER_PAYMENT,243.13000000000466,0.0,0.0,4,1,3,3,9,0.0,0,1,0,0,0,1,11,0,0.013052157267770387,0,653.61,117.65,75925.12,75153.86,0.0,0,0.15384615384615385,11,0,0,0
1224.050000000003,2516.959999999992,-1224.050000000003,0.9837652670219328,74172.94,SUPPLIER_PAYMENT,243.13000000000466,0.0,0.0,4,2,1,4,1,0.0,0,0,1,0,0,1,15,0,0.0162347329780672,0,647.17,116.49,76689.9,75396.99,529.25,0,0.07692307692307693,1,1,1,1
3683.6300000000047,2865.3800000000047,3683.6300000000047,1.0522579948647532,74172.94,SUPPLIER_PAYMENT,243.13000000000466,0.0,0.0,4,3,2,2,1,0.0,0,0,0,0,0,1,15,0,0.05225799486475332,0,693.44,124.81,71307.56,70489.31,0.0,0,0.15384615384615385,3,1,1,1
548116.6799999999,630158.99,-548116.6799999999,0.11919359991895735,74172.94,SUPPLIER_PAYMENT,243.13000000000466,0.0,0.0,4,4,4,1,19,0.0,0,0,0,1,0,0,12,0,0.8808064000810426,0,6021.67,1083.9,704331.93,622289.62,74936.74,0,0.15384615384615385,21,0,0,0
92121.20999999999,82421.64000000001,92121.20999999999,1.4170800173258884,312993.0,SUPPLIER_PAYMENT,,,,1,1,1,1,5,0.0,0,1,1,1,0,0,15,0,0.4170800173258884,0,1379.92,248.39,230571.36,220871.79,8071.26,0,0.23076923076923078,6,0,0,1
10998.849999999991,25296.240000000005,-10998.849999999991,0.9180803260207664,123264.99,SALARY,914.1100000000151,1.0,0.07692307692307693,5,1,4,5,7,0.0,0,1,0,0,0,1,20,0,0.08191967397923366,0,1278.64,230.15,148561.23,134263.84,12788.6,0,0.07692307692307693,6,0,0,1
11912.960000000006,10592.800000000003,11912.960000000006,1.10698466835315,123264.99,SALARY,914.1100000000151,1.0,0.07692307692307693,5,2,3,2,6,0.0,0,0,0,0,0,1,15,0,0.10698466835314997,0,1118.77,201.39,112672.19,111352.03,0.0,0,0.23076923076923078,7,0,0,1
28769.810000000012,15000.75,28769.810000000012,1.304457962829427,123264.99,SALARY,914.1100000000151,1.0,0.07692307692307693,5,4,1,4,0,0.0,0,0,1,0,0,1,15,0,0.304457962829427,1,772.96,139.13,108264.24,94495.18,12856.97,0,0.15384615384615385,1,1,1,1
29467.09000000001,28567.23000000001,29467.09000000001,1.31415511434691,123264.99,SALARY,914.1100000000151,1.0,0.07692307692307693,5,5,2,1,1,0.0,0,0,0,1,0,1,15,0,0.31415511434690985,0,762.58,137.28,94697.76,93797.9,0.0,0,0.3076923076923077,2,1,1,1
19241.779999999984,53470.990000000005,-19241.779999999984,0.8649763797186619,123264.99,SALARY,914.1100000000151,1.0,0.07692307692307693,5,3,5,3,11,0.0,0,0,0,0,0,0,6,0,0.1350236202813381,0,1927.81,347.0,176735.98,142506.77,31954.4,0,0.15384615384615385,12,0,0,0
8508.02,8561.84,-8508.02,0.527490250482894,9498.0,UTILITIES,41491.96000000001,1.0,0.0,2,1,1,2,9,0.0,0,1,1,0,0,1,6,0,0.47250974951710595,0,45.61,8.21,18059.84,18006.02,0.0,0,0.24,9,0,0,0
49999.98,52266.73,-49999.98,0.15963567166481954,9498.0,UTILITIES,41491.96000000001,1.0,0.0,2,2,2,1,10,0.0,0,0,0,1,0,0,20,0,0.8403643283351805,0,581.24,104.62,61764.73,59497.98,1580.89,0,0.24,10,0,0,0
223239.01,226277.64,-223239.01,0.011630876940636005,2627.02,UTILITIES,,,,1,1,1,1,9,0.0,0,1,1,1,0,0,5,0,0.9883691230593641,0,2575.11,463.52,228904.66,225866.03,0.0,0,0.23076923076923078,7,0,0,0
33557.16,19259.76999999999,33557.16,1.2499344574086366,167821.0,RENT,94240.07999999999,10.0,0.15384615384615385,2,1,2,1,12,0.0,0,1,0,1,0,1,20,0,0.24993445740863665,0,1278.64,230.15,148561.23,134263.84,12788.6,0,0.3076923076923077,13,0,0,0
127797.23999999999,127261.15,127797.23999999999,4.193034337603463,167821.0,RENT,94240.07999999999,10.0,0.15384615384615385,2,2,1,2,2,0.0,0,0,1,0,0,0,10,0,3.1930343376034633,0,454.31,81.78,40559.85,40023.76,0.0,0,0.15384615384615385,3,0,1,1
386522.47,386243.89,386522.47,18.179898864503592,409021.0,SUPPLIER_PAYMENT,,,,1,1,1,1,2,0.0,0,1,1,1,0,0,8,0,17.179898864503592,0,236.09,42.49,22777.11,22498.53,0.0,0,0.23076923076923078,0,0,1,1
729431.21,741674.85,-729431.21,0.0007014244299909304,512.0,INTEREST_CREDIT,,,,1,1,1,1,18,0.0,0,1,1,1,0,0,12,0,0.9992985755700091,0,10375.97,1867.67,742186.85,729943.21,0.0,1,0.15384615384615385,21,0,0,0
536637.7000000001,563416.3200000001,-536637.7000000001,0.00019696561906618247,105.72,INTEREST_CREDIT,,,,1,1,1,1,6,0.0,0,1,1,1,0,0,15,0,0.9998030343809339,0,5923.15,1066.16,563522.04,536743.42,19789.31,1,0.2222222222222222,6,0,0,1
320259.04,433061.07,-320259.04,0.004958754102467993,1596.0,INTEREST_CREDIT,,,,1,1,1,1,27,0.0,0,1,1,1,0,0,9,0,0.995041245897532,0,7490.99,1348.38,434657.07,321855.04,103962.66,1,0.15384615384615385,27,0,0,0
544.0599999999977,1864.2200000000012,-544.0599999999977,0.995114054050025,110807.97,SALARY,5422.350000000006,2.0,0.0,5,1,2,3,2,0.0,0,1,0,0,0,1,15,0,0.004885945949975027,0,1118.77,201.39,112672.19,111352.03,0.0,0,0.16,2,0,1,1
5966.4100000000035,4694.9100000000035,5966.4100000000035,1.0569088250880663,110807.97,SALARY,5422.350000000006,2.0,0.0,5,2,4,5,17,0.0,0,0,0,0,0,1,20,0,0.05690882508806626,0,1088.07,195.85,115502.88,104841.56,9377.4,0,0.08,17,0,0,0
28660.960000000006,27788.25,28660.960000000006,1.348898395693282,110807.97,SALARY,5422.350000000006,2.0,0.0,5,4,1,2,0,0.0,0,0,1,0,0,1,12,0,0.3488983956932822,1,739.59,133.12,83019.72,82147.01,0.0,0,0.32,0,1,1,1
16709.339999999997,5098.860000000001,16709.339999999997,1.1775726171571255,110807.97,SALARY,5422.350000000006,2.0,0.0,5,3,3,4,2,0.0,0,0,0,0,0,1,20,0,0.1775726171571254,0,1214.31,218.58,105709.11,94098.63,10177.59,0,0.16,2,0,1,1
136952.34,139765.45,-136952.34,0.44723858312899273,110807.97,SALARY,5422.350000000006,2.0,0.0,5,5,5,1,19,0.0,0,0,0,1,0,0,11,0,0.5527614168710073,0,2383.99,429.12,250573.42,247760.31,0.0,0,0.32,19,0,0,0
13899.05,14177.630000000001,-13899.05,0.3822240830845393,8599.48,UTILITIES,,,,1,1,1,1,7,0.0,0,1,1,1,0,0,8,0,0.6177759169154607,0,236.09,42.49,22777.11,22498.53,0.0,0,0.16,7,0,0,1
541.1500000000087,10832.840000000011,-541.1500000000087,0.9919143003998397,66385.65,OTHER_TRANSFER,1400.369999999988,2.0,0.07692307692307693,5,1,4,5,13,0.0,0,1,0,0,0,1,10,0,0.008085699600160305,0,747.93,134.62,77218.49,66926.8,9409.14,0,0.15384615384615385,13,0,0,0
1941.5199999999968,1479.8100000000122,1941.5199999999968,1.030127181482627,66385.65,OTHER_TRANSFER,1400.369999999988,2.0,0.07692307692307693,5,2,3,1,4,0.0,0,0,0,1,0,1,11,0,0.03012718148262684,0,703.88,126.7,67865.46,64444.13,2590.75,0,0.3076923076923077,4,0,0,1
15761.36,16634.070000000007,-15761.36,0.8081322740779001,66385.65,OTHER_TRANSFER,1400.369999999988,2.0,0.07692307692307693,5,3,1,3,0,0.0,0,0,1,0,0,1,12,0,0.1918677259220999,1,739.59,133.12,83019.72,82147.01,0.0,0,0.23076923076923078,0,1,1,1
27712.98000000001,39323.46000000001,-27712.98000000001,0.7054900799299627,66385.65,OTHER_TRANSFER,1400.369999999988,2.0,0.07692307692307693,5,4,2,4,2,0.0,0,0,0,0,0,1,20,0,0.29450992007003723,0,1214.31,218.58,105709.11,94098.63,10177.59,0,0.15384615384615385,2,0,1,1
137887.91,197797.88000000003,-137887.91,0.3249840556947262,66385.65,OTHER_TRANSFER,1400.369999999988,2.0,0.07692307692307693,5,5,5,2,17,0.0,0,0,0,0,0,0,6,0,0.6750159443052738,0,977.87,176.01,264183.53,204273.56,58756.09,0,0.23076923076923078,17,0,0,0
2029.7000000000044,1636.2200000000012,2029.7000000000044,1.0413562368004696,51108.15,SALARY,1375.979999999996,1.0,0.0,6,1,6,2,10,0.0,0,1,0,0,0,1,15,0,0.04135623680046954,0,333.46,60.02,49471.93,49078.45,0.0,0,0.2222222222222222,10,0,0,0
3405.6800000000003,997.2900000000009,3405.6800000000003,1.071394206631229,51108.15,SALARY,1375.979999999996,1.0,0.0,6,2,5,6,6,0.0,0,0,0,0,0,1,11,0,0.07139420663122896,0,834.02,150.13,52105.44,47702.47,3418.82,0,0.2222222222222222,6,0,0,1
42990.48,54600.96,-42990.48,0.5431338373364203,51108.15,SALARY,1375.979999999996,1.0,0.0,6,5,1,3,0,0.0,0,0,1,0,0,1,20,0,0.4568661626635797,1,1214.31,218.58,105709.11,94098.63,10177.59,0,0.2222222222222222,0,1,1,1
42689.74999999999,43589.60999999999,-42689.74999999999,0.54487520509521,51108.15,SALARY,1375.979999999996,1.0,0.0,6,4,2,4,1,0.0,0,0,0,0,0,1,15,0,0.4551247949047899,0,762.58,137.28,94697.76,93797.9,0.0,0,0.2222222222222222,1,1,1,1
13335.979999999996,16757.310000000005,-13335.979999999996,0.7930613695925448,51108.15,SALARY,1375.979999999996,1.0,0.0,6,3,3,5,2,0.0,0,0,0,0,0,1,11,0,0.20693863040745522,0,703.88,126.7,67865.46,64444.13,2590.75,0,0.2222222222222222,2,0,1,1
46963.77,47401.68,-46963.77,0.5211292896070557,51108.15,SALARY,1375.979999999996,1.0,0.0,6,6,4,1,3,0.0,0,0,0,1,0,0,7,0,0.47887071039294427,0,371.11,66.8,98509.83,98071.92,0.0,0,0.2222222222222222,3,0,1,1
996.7700000000004,1050.5900000000001,-996.7700000000004,0.9446424029296868,17009.25,UTILITIES,5965.369999999999,1.0,0.0,4,1,3,3,6,0.0,0,1,0,0,0,1,6,0,0.05535759707031317,0,45.61,8.21,18059.84,18006.02,0.0,0,0.23076923076923078,5,0,0,1
14883.169999999998,15348.36,-14883.169999999998,0.5333320582132055,17009.25,UTILITIES,5965.369999999999,1.0,0.0,4,3,1,2,3,0.0,0,0,1,0,0,1,5,0,0.46666794178679444,0,394.22,70.97,32357.61,31892.42,0.0,0,0.3076923076923077,4,0,1,1
6962.139999999999,7052.959999999999,-6962.139999999999,0.7095646101456778,17009.25,UTILITIES,5965.369999999999,1.0,0.0,4,2,2,4,4,0.0,0,0,0,0,0,1,5,0,0.29043538985432216,0,76.97,13.85,24062.21,23971.39,0.0,0,0.23076923076923078,5,0,0,1
201748.06,204530.75,-201748.06,0.0777539731129442,17009.25,UTILITIES,5965.369999999999,1.0,0.0,4,4,4,1,16,0.0,0,0,0,1,0,0,9,0,0.9222460268870558,0,2358.21,424.48,221540.0,218757.31,0.0,0,0.3076923076923077,15,0,0,0
11369.88,11460.699999999999,-11369.88,0.52568958245642,12601.51,UTILITIES,5340.66,6.0,0.07692307692307693,3,3,1,2,2,0.0,0,0,1,0,0,1,5,0,0.47431041754358005,0,76.97,13.85,24062.21,23971.39,0.0,0,0.23076923076923078,5,0,1,1
5404.51,5458.33,-5404.51,0.6998498280019683,12601.51,UTILITIES,5340.66,6.0,0.07692307692307693,3,1,2,1,8,0.0,0,1,0,1,0,1,6,0,0.3001501719980318,0,45.61,8.21,18059.84,18006.02,0.0,0,0.3076923076923077,5,0,0,0
10745.17,11025.94,-10745.17,0.5397559738686614,12601.51,UTILITIES,5340.66,6.0,0.07692307692307693,3,2,3,3,11,0.0,0,0,0,0,0,0,11,0,0.4602440261313386,0,237.93,42.84,23627.45,23346.68,0.0,0,0.15384615384615385,8,0,0,0
871.3000000000029,15948.179999999993,-871.3000000000029,0.9892350098778946,80067.0,SALARY,1063.5999999999913,1.0,0.08000000000000002,6,1,4,3,6,0.0,0,1,0,0,0,1,15,0,0.010764990122105392,0,1362.51,245.26,96015.18,80938.3,13469.11,0,0.24,6,0,0,1
1934.8999999999942,13362.169999999998,-1934.8999999999942,0.9764042052684145,80067.0,SALARY,1063.5999999999913,1.0,0.08000000000000002,6,2,6,4,24,0.0,0,0,0,0,0,1,15,0,0.023595794731585417,0,367.51,66.15,93429.17,82001.9,10993.61,0,0.24,24,0,0,0
24257.870000000003,14157.509999999995,24257.870000000003,1.4346577343169478,80067.0,SALARY,1063.5999999999913,1.0,0.08000000000000002,6,5,1,2,1,0.0,0,0,1,0,0,1,10,0,0.4346577343169479,0,927.12,166.89,65909.49,55809.13,9006.35,0,0.24,1,1,1,1
4144.380000000005,21360.300000000003,-4144.380000000005,0.9507859864070628,80067.0,SALARY,1063.5999999999913,1.0,0.08000000000000002,6,3,2,5,2,0.0,0,0,0,0,0,1,20,0,0.049214013592937256,0,856.17,154.11,101427.3,84211.38,16205.64,0,0.16,2,0,1,1
4670.009999999995,3377.100000000006,4670.009999999995,1.0619389447775036,80067.0,SALARY,1063.5999999999913,1.0,0.08000000000000002,6,4,3,6,4,0.0,0,0,0,0,0,1,15,0,0.06193894477750364,0,647.17,116.49,76689.9,75396.99,529.25,0,0.16,4,0,0,1
140804.79,150504.36,-140804.79,0.3625044194190666,80067.0,SALARY,1063.5999999999913,1.0,0.08000000000000002,6,6,5,1,15,0.0,0,0,0,1,0,0,15,0,0.6374955805809334,0,1379.92,248.39,230571.36,220871.79,8071.26,0,0.32,15,0,0,0
271.3099999999977,1089.5599999999977,-271.3099999999977,0.9961510475843784,70218.0,OTHER_TRANSFER,500.1000000000058,0.0,0.07692307692307693,5,1,4,3,9,0.0,0,1,0,0,0,1,15,0,0.00384895241562157,0,693.44,124.81,71307.56,70489.31,0.0,0,0.15384615384615385,10,0,0,0
771.4100000000035,11782.919999999998,771.4100000000035,1.011107960808443,70218.0,OTHER_TRANSFER,500.1000000000058,0.0,0.07692307692307693,5,2,5,1,9,0.0,0,0,0,1,0,1,11,0,0.011107960808442913,0,583.41,105.01,82000.92,69446.59,11865.91,0,0.3076923076923077,8,0,0,0
4935.860000000001,5707.119999999995,-4935.860000000001,0.9343232669619365,70218.0,OTHER_TRANSFER,500.1000000000058,0.0,0.07692307692307693,5,3,1,4,1,0.0,0,0,1,0,0,1,11,0,0.06567673303806353,0,653.61,117.65,75925.12,75153.86,0.0,0,0.15384615384615385,2,1,1,1
5773.870000000003,2352.5399999999936,5773.870000000003,1.0895949716444306,70218.0,OTHER_TRANSFER,500.1000000000058,0.0,0.07692307692307693,5,4,2,5,1,0.0,0,0,0,0,0,1,11,0,0.08959497164443066,0,703.88,126.7,67865.46,64444.13,2590.75,0,0.07692307692307693,2,1,1,1
140826.03,156073.09,-140826.03,0.3327173007452521,70218.0,OTHER_TRANSFER,500.1000000000058,0.0,0.07692307692307693,5,5,3,2,6,0.0,0,0,0,0,0,0,12,0,0.6672826992547479,0,1856.58,334.19,226291.09,211044.03,13056.29,0,0.23076923076923078,5,0,0,1
389726.22,461325.93,-389726.22,0.009867629961437486,3884.0,INTEREST_CREDIT,,,,1,1,1,1,22,0.0,0,1,1,1,0,0,10,0,0.9901323700385625,0,4542.72,817.69,465209.93,393610.22,66239.3,1,0.32,18,0,0,0
29632.23000000001,15334.839999999997,29632.23000000001,1.2207014934177365,163896.07,RENT,22911.809999999998,1.0,0.0,3,1,2,2,8,0.0,0,1,0,0,0,1,20,0,0.22070149341773637,0,1278.64,230.15,148561.23,134263.84,12788.6,0,0.23076923076923078,5,0,0,0
52544.04000000001,51223.880000000005,52544.04000000001,1.4718732114717623,163896.07,RENT,22911.809999999998,1.0,0.0,3,2,3,3,21,0.0,0,0,0,0,0,1,15,0,0.4718732114717622,0,1118.77,201.39,112672.19,111352.03,0.0,0,0.15384615384615385,18,0,0,0
170074.94,173954.81,-170074.94,0.49074939169121296,163896.07,RENT,22911.809999999998,1.0,0.0,3,3,1,1,7,0.0,0,0,1,1,0,0,8,0,0.509250608308787,0,3288.03,591.84,337850.88,333971.01,0.0,0,0.23076923076923078,4,0,0,1
397569.7,516568.72,-397569.7,0.005157261441625981,2061.0,OTHER_TRANSFER,,,,1,1,1,1,4,0.0,0,1,1,1,0,0,8,0,0.994842738558374,0,5508.98,991.61,518629.72,399630.7,112498.43,0,0.23076923076923078,2,0,0,1
24665.85,24066.42,24665.85,1.4110211185754646,84677.0,SUPPLIER_PAYMENT,8949.220000000001,2.0,0.0,5,4,1,2,0,0.0,0,0,1,0,0,1,15,0,0.4110211185754647,1,507.99,91.44,60610.58,60011.15,0.0,0,0.23076923076923078,0,1,1,1
25179.019999999997,22912.269999999997,25179.019999999997,1.423191173885231,84677.0,SUPPLIER_PAYMENT,8949.220000000001,2.0,0.0,5,5,3,1,6,0.0,0,0,0,1,0,1,20,0,0.423191173885231,0,581.24,104.62,61764.73,59497.98,1580.89,0,0.23076923076923078,6,0,0,1
11624.320000000007,2592.050000000003,11624.320000000007,1.159122430552856,84677.0,SUPPLIER_PAYMENT,8949.220000000001,2.0,0.0,5,2,4,3,7,0.0,0,0,0,0,0,1,20,0,0.15912243055285594,0,715.42,128.76,82084.95,73052.68,8188.09,0,0.23076923076923078,7,0,0,1
14383.229999999996,1459.2100000000064,14383.229999999996,1.204615999397955,84677.0,SUPPLIER_PAYMENT,8949.220000000001,2.0,0.0,5,3,5,5,9,0.0,0,0,0,0,0,1,15,0,0.2046159993979551,0,836.89,150.65,83217.79,70293.77,11936.48,0,0.07692307692307693,9,0,0,0
2675.100000000006,8752.169999999998,2675.100000000006,1.0326224148464853,84677.0,SUPPLIER_PAYMENT,8949.220000000001,2.0,0.0,5,1,2,4,2,0.0,0,1,0,0,0,0,15,0,0.032622414846485336,0,367.51,66.15,93429.17,82001.9,10993.61,0,0.23076923076923078,2,0,1,1
93655.87999999999,107424.94,-93655.87999999999,0.008881934507135708,839.3,INTEREST_CREDIT,,,,1,1,1,1,4,0.0,0,1,1,1,0,0,15,0,0.9911180654928643,0,772.96,139.13,108264.24,94495.18,12856.97,1,0.3076923076923077,4,0,0,1
45315.13,46303.55,-45315.13,0.018645997401687844,861.0,INTEREST_CREDIT,,,,1,1,1,1,3,0.0,0,1,1,1,0,0,6,0,0.9813540025983122,0,837.65,150.77,47164.55,46176.13,0.0,1,0.2222222222222222,3,0,1,1
276103.88,278524.49,-276103.88,0.3365325742789525,140049.0,SALARY,,,,1,1,1,1,5,0.0,0,1,1,1,0,0,7,0,0.6634674257210476,0,2051.36,369.25,418573.49,416152.88,0.0,0,0.07692307692307693,5,0,0,1
25734.85,25135.42,25734.85,1.4288344749267428,85746.0,RENT,2758.909999999989,0.0,0.07692307692307693,5,3,2,1,3,0.0,0,0,0,1,0,1,15,0,0.42883447492674276,0,507.99,91.44,60610.58,60011.15,0.0,0,0.3076923076923077,3,0,1,1
26248.019999999997,23981.269999999997,26248.019999999997,1.4411581704118357,85746.0,RENT,2758.909999999989,0.0,0.07692307692307693,5,4,1,5,3,0.0,0,0,1,0,0,1,20,0,0.44115817041183575,0,581.24,104.62,61764.73,59497.98,1580.89,0,0.15384615384615385,3,0,1,1
15452.229999999996,2528.2100000000064,15452.229999999996,1.2198236059895493,85746.0,RENT,2758.909999999989,0.0,0.07692307692307693,5,2,3,2,6,0.0,0,0,0,0,0,1,15,0,0.21982360598954923,0,836.89,150.65,83217.79,70293.77,11936.48,0,0.23076923076923078,6,0,0,1
12693.320000000007,3661.050000000003,12693.320000000007,1.1737557061561603,85746.0,RENT,2758.909999999989,0.0,0.07692307692307693,5,1,5,3,10,0.0,0,1,0,0,0,1,20,0,0.1737557061561603,0,715.42,128.76,82084.95,73052.68,8188.09,0,0.23076923076923078,10,0,0,0
307866.3,334184.03,-307866.3,0.21784380213728077,85746.0,RENT,2758.909999999989,0.0,0.07692307692307693,5,5,4,4,10,0.0,0,0,0,0,0,0,20,0,0.7821561978627192,0,2613.46,470.42,419930.03,393612.3,23233.85,0,0.15384615384615385,10,0,0,0
910.3799999999974,3992.0800000000017,910.3799999999974,1.021571135367061,43114.0,RENT,2179.8600000000006,0.0,0.0,4,1,4,1,10,0.0,0,1,0,1,0,1,12,0,0.021571135367060866,0,306.18,55.11,47106.08,42203.62,4541.17,0,0.2962962962962963,10,0,0,0
3090.239999999998,2554.1500000000015,3090.239999999998,1.0772101371785159,43114.0,RENT,2179.8600000000006,0.0,0.0,4,2,2,4,0,0.0,0,0,0,0,0,1,10,0,0.07721013717851591,1,454.31,81.78,40559.85,40023.76,0.0,0,0.14814814814814814,0,1,1,1
3805.3499999999985,3256.6699999999983,3805.3499999999985,1.0968069368955689,43114.0,RENT,2179.8600000000006,0.0,0.0,4,3,1,3,0,0.0,0,0,1,0,0,1,11,0,0.09680693689556874,1,464.98,83.7,39857.33,39308.65,0.0,0,0.2222222222222222,0,1,1,1
39033.009999999995,39905.72,-39033.009999999995,0.5248395528942563,43114.0,RENT,2179.8600000000006,0.0,0.0,4,4,3,2,1,0.0,0,0,0,0,0,0,12,0,0.4751604471057437,0,739.59,133.12,83019.72,82147.01,0.0,0,0.2962962962962963,1,1,1,1
514.0999999999985,5777.899999999998,-514.0999999999985,0.9733172368262616,18753.02,UTILITIES,993.140000000003,2.0,0.0,6,1,6,4,31,0.0,0,1,0,0,0,1,10,0,0.026682763173738397,0,106.65,19.19,24530.92,19267.12,5137.96,0,0.23076923076923078,31,0,0,0
1507.2400000000016,3847.8199999999997,1507.2400000000016,1.0873976126333516,18753.02,UTILITIES,993.140000000003,2.0,0.0,6,2,5,3,18,0.0,0,0,0,0,0,1,5,0,0.08739761263335157,0,323.48,58.23,22600.84,17245.78,4973.35,0,0.23076923076923078,18,0,0,0
9366.54,9637.25,-9366.54,0.6669030383121215,18753.02,UTILITIES,993.140000000003,2.0,0.0,6,5,1,1,2,0.0,0,0,1,1,0,1,8,0,0.3330969616878785,0,229.42,41.29,28390.27,28119.56,0.0,0,0.23076923076923078,2,0,1,1
3745.5099999999984,4024.09,-3745.5099999999984,0.8335220123270276,18753.02,UTILITIES,993.140000000003,2.0,0.0,6,4,3,2,5,0.0,0,0,0,0,0,1,8,0,0.16647798767297234,0,236.09,42.49,22777.11,22498.53,0.0,0,0.23076923076923078,5,0,0,1
2847.739999999998,14447.579999999998,-2847.739999999998,0.8681648238302727,18753.02,UTILITIES,993.140000000003,2.0,0.0,6,3,4,5,10,0.0,0,0,0,0,0,1,10,0,0.1318351761697273,0,389.37,70.09,33200.6,21600.76,11140.38,0,0.15384615384615385,10,0,0,0
335464.61,393301.51999999996,-335464.61,0.05294208535018429,18753.02,UTILITIES,993.140000000003,2.0,0.0,6,6,2,6,4,0.0,0,0,0,0,0,0,9,0,0.9470579146498157,0,2078.33,374.1,412054.54,354217.63,55384.48,0,0.07692307692307693,4,0,0,1
63090.79,30485.37000000001,63090.79,2.012642382493464,125393.92,RENT,,,,1,1,1,1,19,0.0,0,1,1,1,0,0,5,0,1.0126423824934638,0,185.53,33.4,155879.29,62303.13,93357.23,0,0.3076923076923077,18,0,0,0
41516.78,43563.119999999995,-41516.78,0.752105653217634,125960.94,SALARY,,,,1,1,1,1,6,0.0,0,1,1,1,0,0,11,0,0.24789434678236602,0,1734.18,312.16,169524.06,167477.72,0.0,0,0.23076923076923078,6,0,0,1
25048.39,23810.29,25048.39,1.4050253864562448,86892.39,RENT,2758.909999999989,3.0,0.0,5,3,1,1,1,0.0,0,0,1,1,0,1,12,0,0.40502538645624475,0,676.23,121.73,63082.1,61844.0,440.14,0,0.32,1,1,1,1
27119.489999999998,23687.870000000003,27119.489999999998,1.453708787761678,86892.39,RENT,2758.909999999989,3.0,0.0,5,4,2,4,4,0.0,0,0,0,0,0,1,12,0,0.4537087877616779,0,402.16,72.38,63204.52,59772.9,2957.08,0,0.08,4,0,0,1
16598.619999999995,3674.600000000006,16598.619999999995,1.2361321636327087,86892.39,RENT,2758.909999999989,3.0,0.0,5,2,3,5,5,0.0,0,0,0,0,0,1,15,0,0.23613216363270875,0,836.89,150.65,83217.79,70293.77,11936.48,0,0.08,5,0,0,1
13839.710000000006,4807.440000000002,13839.710000000006,1.1894483542561343,86892.39,RENT,2758.909999999989,3.0,0.0,5,1,5,2,21,0.0,0,1,0,0,0,1,20,0,0.18944835425613418,0,715.42,128.76,82084.95,73052.68,8188.09,0,0.32,21,0,0,0
318288.48,362037.39,-318288.48,0.21445333783897547,86892.39,RENT,2758.909999999989,3.0,0.0,5,5,4,3,7,0.0,0,0,0,0,0,0,12,0,0.7855466621610245,0,4299.75,773.95,448929.78,405180.87,38675.21,0,0.24,7,0,0,1
75846.51,88914.57,-75846.51,0.059845420815075295,4828.0,UTILITIES,,,,1,1,1,1,5,0.0,0,1,1,1,0,0,7,0,0.9401545791849247,0,246.53,44.37,93742.57,80674.51,12777.16,0,0.14814814814814814,5,0,0,1
34616.32000000001,25584.050000000003,34616.32000000001,1.4738542104136358,107669.0,RENT,14017.890000000014,17.0,0.07692307692307693,2,2,2,2,24,0.0,0,0,0,0,0,1,20,0,0.4738542104136359,0,715.42,128.76,82084.95,73052.68,8188.09,0,0.15384615384615385,24,0,0,0
20598.429999999993,12386.589999999997,20598.429999999993,1.236571668245654,107669.0,RENT,14017.890000000014,17.0,0.07692307692307693,2,1,1,1,7,0.0,0,1,1,1,0,0,6,0,0.23657166824565398,0,801.97,144.35,95282.41,87070.57,7265.52,0,0.23076923076923078,7,0,0,1
23.37000000000262,9156.04,23.37000000000262,1.0005910274596366,39564.68,OTHER_TRANSFER,232.65999999999622,1.0,0.0,6,1,5,4,10,0.0,0,1,0,0,0,1,15,0,0.0005910274596365832,0,602.16,108.39,48720.72,39541.31,8468.86,0,0.15384615384615385,10,0,0,0
256.02999999999884,292.65000000000146,256.02999999999884,1.0065133246753577,39564.68,OTHER_TRANSFER,232.65999999999622,1.0,0.0,6,2,6,3,17,0.0,0,0,0,0,0,1,11,0,0.006513324675357684,0,464.98,83.7,39857.33,39308.65,0.0,0,0.15384615384615385,17,0,0,0
12105.0,11630.240000000002,12105.0,1.4408281524038153,39564.68,OTHER_TRANSFER,232.65999999999622,1.0,0.0,6,5,1,6,0,0.0,0,0,1,0,0,1,5,0,0.44082815240381534,1,402.34,72.42,27934.44,27459.68,0.0,0,0.07692307692307693,0,1,1,1
6697.25,6556.889999999999,6697.25,1.203765551489727,39564.68,OTHER_TRANSFER,232.65999999999622,1.0,0.0,6,4,2,2,1,0.0,0,0,0,0,0,1,10,0,0.20376555148972705,0,118.95,21.41,33007.79,32867.43,0.0,0,0.23076923076923078,1,1,1,1
885.0500000000029,1023.6100000000006,885.0500000000029,1.0228815529000665,39564.68,OTHER_TRANSFER,232.65999999999622,1.0,0.0,6,3,4,5,4,0.0,0,0,0,0,0,1,8,0,0.022881552900066597,0,158.91,28.6,40588.29,38679.63,1721.15,0,0.15384615384615385,4,0,0,1
251293.15000000002,284574.13,-251293.15000000002,0.13602755683077192,39564.68,OTHER_TRANSFER,232.65999999999622,1.0,0.0,6,6,3,1,3,0.0,0,0,0,1,0,0,8,0,0.863972443169228,0,4074.43,733.39,324138.81,290857.83,28473.16,0,0.23076923076923078,3,0,1,1
182663.87,186147.4,-182663.87,0.007525175242858052,1385.0,INTEREST_CREDIT,,,,1,1,1,1,12,0.0,0,1,1,1,0,0,11,0,0.992474824757142,0,2952.14,531.39,187532.4,184048.87,0.0,1,0.15384615384615385,12,0,0,0
1150.0,88.09999999999854,1150.0,1.0185951749563418,62994.0,RENT,1832.8499999999985,3.0,0.0,5,1,4,1,21,0.0,0,1,0,1,0,1,12,0,0.018595174956341762,0,676.23,121.73,63082.1,61844.0,440.14,0,0.2962962962962963,21,0,0,0
2982.8499999999985,2383.4199999999983,2982.8499999999985,1.0497049298338725,62994.0,RENT,1832.8499999999985,3.0,0.0,5,2,3,5,6,0.0,0,0,0,0,0,1,15,0,0.049704929833872515,0,507.99,91.44,60610.58,60011.15,0.0,0,0.14814814814814814,6,0,0,1
10058.679999999993,19090.949999999997,-10058.679999999993,0.8623092267114636,62994.0,RENT,1832.8499999999985,3.0,0.0,5,3,1,2,1,0.0,0,0,1,0,0,1,20,0,0.13769077328853635,0,715.42,128.76,82084.95,73052.68,8188.09,0,0.2962962962962963,1,1,1,1
12562.309999999998,11116.529999999999,12562.309999999998,1.249095558764737,62994.0,RENT,1832.8499999999985,3.0,0.0,5,4,2,4,4,0.0,0,0,0,0,0,1,11,0,0.24909555876473696,0,32.75,5.9,51877.47,50431.69,1407.13,0,0.2222222222222222,4,0,0,1
144314.08,220286.13,-144314.08,0.30386659314002623,62994.0,RENT,1832.8499999999985,3.0,0.0,5,5,5,3,25,0.0,0,0,0,0,0,0,15,0,0.6961334068599738,0,3552.18,639.41,283280.13,207308.08,71780.46,0,0.2222222222222222,25,0,0,0
732.8499999999985,133.41999999999825,732.8499999999985,1.012211897289087,60744.0,SALARY,238.25,3.0,0.07407407407407407,5,1,3,3,6,0.0,0,1,0,0,0,1,15,0,0.012211897289087087,0,507.99,91.44,60610.58,60011.15,0.0,0,0.14814814814814814,6,0,0,1
971.0999999999985,2460.519999999997,971.0999999999985,1.0162464929759139,60744.0,SALARY,238.25,3.0,0.07407407407407407,5,2,5,1,24,0.0,0,0,0,1,0,1,12,0,0.01624649297591381,0,402.16,72.38,63204.52,59772.9,2957.08,0,0.2222222222222222,24,0,0,0
12308.679999999993,21340.949999999997,-12308.679999999993,0.8315095353106827,60744.0,SALARY,238.25,3.0,0.07407407407407407,5,4,1,4,1,0.0,0,0,1,0,0,1,20,0,0.16849046468931728,0,715.42,128.76,82084.95,73052.68,8188.09,0,0.14814814814814814,1,1,1,1
10312.309999999998,8866.529999999999,10312.309999999998,1.2044807540655489,60744.0,SALARY,238.25,3.0,0.07407407407407407,5,3,2,5,4,0.0,0,0,0,0,0,1,11,0,0.2044807540655488,0,32.75,5.9,51877.47,50431.69,1407.13,0,0.07407407407407407,4,0,0,1
66785.09,70799.56,-66785.09,0.47631485490878983,60744.0,SALARY,238.25,3.0,0.07407407407407407,5,5,4,2,18,0.0,0,0,0,0,0,0,7,0,0.5236851450912101,0,1467.09,264.08,131543.56,127529.09,2283.3,0,0.14814814814814814,18,0,0,0
1058.1200000000026,4205.679999999997,1058.1200000000026,1.054918430985015,20325.24,UTILITIES,217.39999999999418,1.0,0.07692307692307693,5,1,5,3,28,0.0,0,1,0,0,0,1,10,0,0.054918430985015025,0,106.65,19.19,24530.92,19267.12,5137.96,0,0.15384615384615385,31,0,0,0
1275.5199999999968,12875.359999999997,-1275.5199999999968,0.9409502258253878,20325.24,UTILITIES,217.39999999999418,1.0,0.07692307692307693,5,2,3,5,7,0.0,0,0,0,0,0,1,10,0,0.059049774174612234,0,389.37,70.09,33200.6,21600.76,11140.38,0,0.07692307692307693,10,0,0,1
7794.32,8065.029999999999,-7794.32,0.7228150084851968,20325.24,UTILITIES,217.39999999999418,1.0,0.07692307692307693,5,4,1,4,1,0.0,0,0,1,0,0,1,8,0,0.2771849915148032,0,229.42,41.29,28390.27,28119.56,0.0,0,0.07692307692307693,2,1,1,1
2173.2899999999972,2451.869999999999,-2173.2899999999972,0.9034030223307924,20325.24,UTILITIES,217.39999999999418,1.0,0.07692307692307693,5,3,2,1,2,0.0,0,0,0,1,0,1,8,0,0.0965969776692076,0,236.09,42.49,22777.11,22498.53,0.0,0,0.23076923076923078,5,0,1,1
175842.03,177519.34,-175842.03,0.10361177988560479,20325.24,UTILITIES,217.39999999999418,1.0,0.07692307692307693,5,5,4,2,28,0.0,0,0,0,0,0,0,4,0,0.8963882201143952,0,1421.45,255.86,197844.58,196167.27,0.0,0,0.15384615384615385,31,0,0,0
3736.939999999995,1165.520000000004,3736.939999999995,1.0885454849607687,45940.56,RENT,754.1900000000096,0.0,0.0,6,1,6,1,15,0.0,0,1,0,1,0,1,12,0,0.08854548496076864,0,306.18,55.11,47106.08,42203.62,4541.17,0,0.24,14,0,0,0
4491.130000000005,5936.9100000000035,-4491.130000000005,0.9109462720761489,45940.56,RENT,754.1900000000096,0.0,0.0,6,2,5,6,8,0.0,0,0,0,0,0,1,11,0,0.08905372792385115,0,32.75,5.9,51877.47,50431.69,1407.13,0,0.08,9,0,0,0
13557.420000000006,15824.170000000006,-13557.420000000006,0.7721364658094274,45940.56,RENT,754.1900000000096,0.0,0.0,6,5,2,3,0,0.0,0,0,0,0,0,1,20,0,0.2278635341905726,1,581.24,104.62,61764.73,59497.98,1580.89,0,0.24,1,1,1,1
12347.979999999996,10691.659999999996,12347.979999999996,1.367580578806391,45940.56,RENT,754.1900000000096,0.0,0.0,6,4,1,2,0,0.0,0,0,1,0,0,1,9,0,0.36758057880639106,1,261.74,47.11,35248.9,33592.58,1347.47,0,0.24,1,1,1,1
6399.25,2780.1600000000035,6399.25,1.1618370762121943,45940.56,RENT,754.1900000000096,0.0,0.0,6,3,3,5,2,0.0,0,0,0,0,0,1,15,0,0.1618370762121943,0,602.16,108.39,48720.72,39541.31,8468.86,0,0.16,3,0,1,1
439426.76,479518.75999999995,-439426.76,0.09465111907410659,45940.56,RENT,754.1900000000096,0.0,0.0,6,6,4,4,5,0.0,0,0,0,0,0,0,10,0,0.9053488809258934,0,2120.87,381.76,525459.32,485367.32,37589.37,0,0.24,4,0,0,1
7491.320000000007,1540.949999999997,7491.320000000007,1.1025468196375547,80544.0,RENT,2758.909999999989,1.0,0.07407407407407407,4,1,1,3,3,0.0,0,1,1,0,0,1,20,0,0.10254681963755481,0,715.42,128.76,82084.95,73052.68,8188.09,0,0.14814814814814814,6,0,1,1
10250.229999999996,2673.7899999999936,10250.229999999996,1.1458198927159546,80544.0,RENT,2758.909999999989,1.0,0.07407407407407407,4,2,4,2,13,0.0,0,0,0,0,0,1,15,0,0.1458198927159547,0,836.89,150.65,83217.79,70293.77,11936.48,0,0.2222222222222222,10,0,0,0
20532.85,19933.42,20532.85,1.3421505836831988,80544.0,RENT,2758.909999999989,1.0,0.07407407407407407,4,3,3,4,4,0.0,0,0,0,0,0,1,15,0,0.34215058368319884,0,507.99,91.44,60610.58,60011.15,0.0,0,0.07407407407407407,1,0,0,1
100465.04000000001,103473.22,-100465.04000000001,0.4449722511096683,80544.0,RENT,2758.909999999989,1.0,0.07407407407407407,4,4,2,1,4,0.0,0,0,0,1,0,0,12,0,0.5550277488903317,0,2549.31,458.87,184017.22,181009.04,0.0,0,0.2962962962962963,1,0,0,1
68450.26999999999,70127.57999999999,-68450.26999999999,0.6510617189095816,127717.0,SALARY,,,,1,1,1,1,11,0.0,0,1,1,1,0,0,4,0,0.34893828109041836,0,1421.45,255.86,197844.58,196167.27,0.0,0,0.38461538461538464,10,0,0,0
2623.5800000000017,1385.4800000000032,2623.5800000000017,1.0424225470538775,64467.58,OTHER_TRANSFER,1832.8499999999985,2.0,0.0,5,1,5,1,20,0.0,0,1,0,1,0,1,12,0,0.042422547053877525,0,676.23,121.73,63082.1,61844.0,440.14,0,0.16,17,0,0,0
4456.43,3857.0,4456.43,1.0742600333438037,64467.58,OTHER_TRANSFER,1832.8499999999985,2.0,0.0,5,2,4,4,5,0.0,0,0,0,0,0,1,15,0,0.07426003334380361,0,507.99,91.44,60610.58,60011.15,0.0,0,0.08,2,0,0,1
8585.099999999991,17617.369999999995,-8585.099999999991,0.8824806974911804,64467.58,OTHER_TRANSFER,1832.8499999999985,2.0,0.0,5,3,2,2,2,0.0,0,0,0,0,0,1,20,0,0.11751930250881955,0,715.42,128.76,82084.95,73052.68,8188.09,0,0.16,5,0,1,1
14035.89,12590.11,14035.89,1.2783148849463501,64467.58,OTHER_TRANSFER,1832.8499999999985,2.0,0.0,5,4,3,5,3,0.0,0,0,0,0,0,1,11,0,0.27831488494635015,0,32.75,5.9,51877.47,50431.69,1407.13,0,0.08,0,0,1,1
40496.19,40405.37,40496.19,2.689355102061249,64467.58,OTHER_TRANSFER,1832.8499999999985,2.0,0.0,5,5,1,3,0,0.0,0,0,1,0,0,0,5,0,1.689355102061249,1,76.97,13.85,24062.21,23971.39,0.0,0,0.16,3,1,1,1
7620.220000000001,1412.050000000003,7620.220000000001,1.104311299736026,80672.9,OTHER_TRANSFER,2344.310000000012,1.0,0.07692307692307693,4,2,1,3,3,0.0,0,0,1,0,0,1,20,0,0.10431129973602614,0,715.42,128.76,82084.95,73052.68,8188.09,0,0.15384615384615385,3,0,1,1
10379.12999999999,2544.8899999999994,10379.12999999999,1.1476536256342489,80672.9,OTHER_TRANSFER,2344.310000000012,1.0,0.07692307692307693,4,3,3,1,13,0.0,0,0,0,1,0,1,15,0,0.1476536256342488,0,836.89,150.65,83217.79,70293.77,11936.48,0,0.3076923076923077,13,0,0,0
20661.749999999993,20062.319999999992,20661.749999999993,1.3442985178587645,80672.9,OTHER_TRANSFER,2344.310000000012,1.0,0.07692307692307693,4,4,2,4,4,0.0,0,0,0,0,0,1,15,0,0.3442985178587645,0,507.99,91.44,60610.58,60011.15,0.0,0,0.07692307692307693,4,0,0,1
5275.909999999989,3983.0,5275.909999999989,1.0699750746017844,80672.9,OTHER_TRANSFER,2344.310000000012,1.0,0.07692307692307693,4,1,4,2,22,0.0,0,1,0,0,0,0,15,0,0.06997507460178434,0,647.17,116.49,76689.9,75396.99,529.25,0,0.23076923076923078,22,0,0,0
1449934.74,1529070.91,-1449934.74,0.002990475572531671,4349.0,INTEREST_CREDIT,,,,1,1,1,1,1,0.0,0,1,1,1,0,0,20,0,0.9970095244274684,0,10584.2,1905.16,1533419.91,1454283.74,66646.81,1,0.3076923076923077,1,1,1,1
316278.41000000003,314709.23,316278.41000000003,2.893825086039299,483283.49,SUPPLIER_PAYMENT,,,,1,1,1,1,3,0.0,0,1,1,1,0,0,9,0,1.8938250860392993,0,1329.81,239.37,168574.26,167005.08,0.0,0,0.15384615384615385,4,0,1,1
730.8499999999985,131.41999999999825,730.8499999999985,1.0121785701490473,60742.0,OTHER_TRANSFER,238.25,3.0,0.07692307692307693,4,1,3,4,18,0.0,0,1,0,0,0,1,15,0,0.012178570149047278,0,507.99,91.44,60610.58,60011.15,0.0,0,0.07692307692307693,16,0,0,0
969.0999999999985,2462.519999999997,969.0999999999985,1.0162130329965586,60742.0,OTHER_TRANSFER,238.25,3.0,0.07692307692307693,4,2,1,2,0,0.0,0,0,1,0,0,1,12,0,0.016213032996558616,1,402.16,72.38,63204.52,59772.9,2957.08,0,0.15384615384615385,2,1,1,1
1102.0,2340.0999999999985,-1102.0,0.9821809714766185,60742.0,OTHER_TRANSFER,238.25,3.0,0.07692307692307693,4,3,2,3,3,0.0,0,0,0,0,0,1,12,0,0.017819028523381412,0,676.23,121.73,63082.1,61844.0,440.14,0,0.15384615384615385,1,0,1,1
561547.62,643589.93,-561547.62,0.09761049846854267,60742.0,OTHER_TRANSFER,238.25,3.0,0.07692307692307693,4,4,4,1,20,0.0,0,0,0,1,0,0,12,0,0.9023895015314574,0,6021.67,1083.9,704331.93,622289.62,74936.74,0,0.23076923076923078,18,0,0,0
453.2400000000016,189.4900000000016,453.2400000000016,1.0191371640313869,24137.0,UTILITIES,337.0799999999981,1.0,0.07692307692307693,6,1,6,4,26,0.0,0,1,0,0,0,1,6,0,0.019137164031386978,0,223.52,40.23,23947.51,23683.76,0.0,0,0.15384615384615385,24,0,0,0
790.3199999999997,509.5499999999993,790.3199999999997,1.0338514940882386,24137.0,UTILITIES,337.0799999999981,1.0,0.07692307692307693,6,2,4,6,12,0.0,0,0,0,0,0,1,11,0,0.033851494088238655,0,237.93,42.84,23627.45,23346.68,0.0,0,0.07692307692307693,10,0,0,0
3982.5600000000013,4253.27,-3982.5600000000013,0.8583704723686999,24137.0,UTILITIES,337.0799999999981,1.0,0.07692307692307693,6,4,1,3,0,0.0,0,0,1,0,0,1,8,0,0.1416295276313001,1,229.42,41.29,28390.27,28119.56,0.0,0,0.23076923076923078,2,1,1,1
18066.620000000003,22969.08,-18066.620000000003,0.571917764400305,24137.0,UTILITIES,337.0799999999981,1.0,0.07692307692307693,6,5,2,2,1,0.0,0,0,0,0,0,1,12,0,0.42808223559969505,0,306.18,55.11,47106.08,42203.62,4541.17,0,0.23076923076923078,3,1,1,1
1638.4700000000012,1359.8899999999994,1638.4700000000012,1.0728256468311486,24137.0,UTILITIES,337.0799999999981,1.0,0.07692307692307693,6,3,3,1,3,0.0,0,0,0,1,0,1,8,0,0.07282564683114857,0,236.09,42.49,22777.11,22498.53,0.0,0,0.3076923076923077,1,0,1,1
110126.84,124424.23000000001,-110126.84,0.17977290087934325,24137.0,UTILITIES,337.0799999999981,1.0,0.07692307692307693,6,6,5,5,19,0.0,0,0,0,0,0,0,20,0,0.8202270991206567,0,1278.64,230.15,148561.23,134263.84,12788.6,0,0.15384615384615385,17,0,0,0
20290.600000000006,22210.679999999993,-20290.600000000006,0.871443977239731,137544.09,RENT,,,,1,1,1,1,23,0.0,0,1,1,1,0,0,5,0,0.12855602276026903,0,1627.18,292.9,159754.77,157834.69,0.0,0,0.07692307692307693,24,0,0,0
104754.85,99061.79000000001,104754.85,5.0031094791154365,130923.22,RENT,,,,1,1,1,1,9,0.0,0,1,1,1,0,0,5,0,4.0031094791154365,0,258.42,46.52,31861.43,26168.37,5388.12,0,0.15384615384615385,9,0,0,0
386.84000000000015,11986.68,-386.84000000000015,0.9820913708591734,21213.92,OTHER_TRANSFER,871.5600000000013,0.0,0.0,5,1,5,4,18,0.0,0,1,0,0,0,1,10,0,0.017908629140826533,0,389.37,70.09,33200.6,21600.76,11140.38,0,0.08,18,0,0,0
1258.4000000000015,2042.2400000000016,-1258.4000000000015,0.9440022213994816,21213.92,OTHER_TRANSFER,871.5600000000013,0.0,0.0,5,2,3,1,2,0.0,0,0,0,1,0,1,8,0,0.05599777860051839,0,352.88,63.52,23256.16,22472.32,367.44,0,0.24,2,0,1,1
2469.84,2733.59,-2469.84,0.8957158829510179,21213.92,OTHER_TRANSFER,871.5600000000013,0.0,0.0,5,3,2,2,0,0.0,0,0,0,0,0,1,6,0,0.1042841170489821,1,223.52,40.23,23947.51,23683.76,0.0,0,0.24,0,1,1,1
6245.760000000002,6720.52,-6245.760000000002,0.7725479685123788,21213.92,OTHER_TRANSFER,871.5600000000013,0.0,0.0,5,4,1,3,0,0.0,0,0,1,0,0,1,5,0,0.2274520314876212,1,402.34,72.42,27934.44,27459.68,0.0,0,0.16,0,1,1,1
10778.650000000001,11068.330000000002,-10778.650000000001,0.6630889609681248,21213.92,OTHER_TRANSFER,871.5600000000013,0.0,0.0,5,5,4,5,3,0.0,0,0,0,0,0,0,7,0,0.33691103903187525,0,245.49,44.19,32282.25,31992.57,0.0,0,0.08,3,0,1,1
332.7599999999984,11932.599999999999,-332.7599999999984,0.9845949864726983,21268.0,OTHER_TRANSFER,871.5600000000013,0.0,0.15384615384615385,5,1,5,4,18,0.0,0,1,0,0,0,1,10,0,0.015405013527301744,0,389.37,70.09,33200.6,21600.76,11140.38,0,0.15384615384615385,18,0,0,0
1204.3199999999997,1988.1599999999999,-1204.3199999999997,0.946408737504628,21268.0,OTHER_TRANSFER,871.5600000000013,0.0,0.15384615384615385,5,2,3,2,2,0.0,0,0,0,0,0,1,8,0,0.05359126249537207,0,352.88,63.52,23256.16,22472.32,367.44,0,0.23076923076923078,2,0,1,1
2415.7599999999984,2679.5099999999984,-2415.7599999999984,0.8979993041645415,21268.0,OTHER_TRANSFER,871.5600000000013,0.0,0.15384615384615385,5,3,2,3,0,0.0,0,0,0,0,0,1,6,0,0.1020006958354585,1,223.52,40.23,23947.51,23683.76,0.0,0,0.23076923076923078,0,1,1,1
6191.68,6666.439999999999,-6191.68,0.7745174015137831,21268.0,OTHER_TRANSFER,871.5600000000013,0.0,0.15384615384615385,5,4,1,5,0,0.0,0,0,1,0,0,1,5,0,0.22548259848621688,1,402.34,72.42,27934.44,27459.68,0.0,0,0.15384615384615385,0,1,1,1
196690.53,280608.22,-196690.53,0.0975781952649433,21268.0,OTHER_TRANSFER,871.5600000000013,0.0,0.15384615384615385,5,5,4,1,16,0.0,0,0,0,1,0,0,11,0,0.9024218047350567,0,3698.59,665.74,301876.22,217958.53,79553.36,0,0.38461538461538464,16,0,0,0
27754.229999999996,14830.210000000006,27754.229999999996,1.3948320028930017,98048.0,RENT,5842.080000000002,12.0,0.08,2,1,1,2,13,0.0,0,1,1,0,0,1,15,0,0.3948320028930017,0,836.89,150.65,83217.79,70293.77,11936.48,0,0.08,13,0,0,0
33596.31,34649.25,-33596.31,0.7447948187050394,98048.0,RENT,5842.080000000002,12.0,0.08,2,2,2,1,25,0.0,0,0,0,1,0,0,6,0,0.2552051812949606,0,892.32,160.62,132697.25,131644.31,0.0,0,0.16,25,0,0,0
34269.78999999999,21345.770000000004,34269.78999999999,1.4875224361988266,104563.56,SALARY,2758.909999999989,6.0,0.15384615384615385,3,2,1,1,4,0.0,0,0,1,1,0,1,15,0,0.4875224361988266,0,836.89,150.65,83217.79,70293.77,11936.48,0,0.3076923076923077,4,0,0,1
31510.880000000005,22478.61,31510.880000000005,1.4313446132297953,104563.56,SALARY,2758.909999999989,6.0,0.15384615384615385,3,1,3,2,12,0.0,0,1,0,0,0,1,20,0,0.4313446132297954,0,715.42,128.76,82084.95,73052.68,8188.09,0,0.15384615384615385,12,0,0,0
80592.17,80501.35,80592.17,4.362014885244452,104563.56,SALARY,2758.909999999989,6.0,0.15384615384615385,3,3,2,3,10,0.0,0,0,0,0,0,0,5,0,3.362014885244452,0,76.97,13.85,24062.21,23971.39,0.0,0,0.15384615384615385,10,0,0,0
2116.5099999999948,2785.9500000000044,2116.5099999999948,1.0501499634391551,44320.13,RENT,2179.8600000000006,3.0,0.0,5,1,4,1,6,0.0,0,1,0,1,0,1,12,0,0.05014996343915509,0,306.18,55.11,47106.08,42203.62,4541.17,0,0.3076923076923077,6,0,0,1
4296.369999999995,3760.279999999999,4296.369999999995,1.107345486780852,44320.13,RENT,2179.8600000000006,3.0,0.0,5,2,3,5,4,0.0,0,0,0,0,0,1,10,0,0.10734548678085205,0,454.31,81.78,40559.85,40023.76,0.0,0,0.07692307692307693,4,0,0,1
17523.870000000003,18761.97,-17523.870000000003,0.7166439751633141,44320.13,RENT,2179.8600000000006,3.0,0.0,5,5,1,2,0,0.0,0,0,1,0,0,1,12,0,0.28335602483668587,1,676.23,121.73,63082.1,61844.0,440.14,0,0.3076923076923077,0,1,1,1
15452.770000000004,18884.39,-15452.770000000004,0.741475317409729,44320.13,RENT,2179.8600000000006,3.0,0.0,5,4,2,4,3,0.0,0,0,0,0,0,1,12,0,0.2585246825902709,0,402.16,72.38,63204.52,59772.9,2957.08,0,0.15384615384615385,3,0,1,1
11489.0,21589.360000000008,-11489.0,0.7941376258687423,44320.13,RENT,2179.8600000000006,3.0,0.0,5,3,5,3,6,0.0,0,0,0,0,0,0,10,0,0.20586237413125774,0,927.12,166.89,65909.49,55809.13,9006.35,0,0.3076923076923077,6,0,0,1
31561.320000000007,22529.050000000003,31561.320000000007,1.4320350738672423,104614.0,SALARY,2758.909999999989,0.0,0.07999999999999999,3,1,2,1,8,0.0,0,1,0,1,0,1,20,0,0.43203507386724227,0,715.42,128.76,82084.95,73052.68,8188.09,0,0.24,8,0,0,0
34320.229999999996,21396.210000000006,34320.229999999996,1.488239996232952,104614.0,SALARY,2758.909999999989,0.0,0.07999999999999999,3,2,1,3,8,0.0,0,0,1,0,0,1,15,0,0.488239996232952,0,836.89,150.65,83217.79,70293.77,11936.48,0,0.08,8,0,0,0
72621.43,72331.75,72621.43,3.26994674075887,104614.0,SALARY,2758.909999999989,0.0,0.07999999999999999,3,3,3,2,10,0.0,0,0,0,0,0,0,7,0,2.26994674075887,0,245.49,44.19,32282.25,31992.57,0.0,0,0.16,10,0,0,0
393.22000000000116,4961.84,393.22000000000116,1.022800940288001,17639.0,OTHER_TRANSFER,1234.8999999999978,3.0,0.0,6,1,4,5,19,0.0,0,1,0,0,0,1,5,0,0.02280094028800096,0,323.48,58.23,22600.84,17245.78,4973.35,0,0.15384615384615385,18,0,0,0
1628.119999999999,6891.919999999998,-1628.119999999999,0.9154974900244562,17639.0,OTHER_TRANSFER,1234.8999999999978,3.0,0.0,6,2,6,1,32,0.0,0,0,0,1,0,1,10,0,0.08450250997554377,0,106.65,19.19,24530.92,19267.12,5137.96,0,0.23076923076923078,31,0,0,0
10480.560000000001,10751.27,-10480.560000000001,0.6272857754531009,17639.0,OTHER_TRANSFER,1234.8999999999978,3.0,0.0,6,5,1,3,3,0.0,0,0,1,0,0,1,8,0,0.37271422454689906,0,229.42,41.29,28390.27,28119.56,0.0,0,0.15384615384615385,2,0,1,1
4859.529999999999,5138.110000000001,-4859.529999999999,0.7840067773316746,17639.0,OTHER_TRANSFER,1234.8999999999978,3.0,0.0,6,4,2,4,6,0.0,0,0,0,0,0,1,8,0,0.2159932226683254,0,236.09,42.49,22777.11,22498.53,0.0,0,0.15384615384615385,5,0,0,1
3961.7599999999984,15561.599999999999,-3961.7599999999984,0.8165916384423512,17639.0,OTHER_TRANSFER,1234.8999999999978,3.0,0.0,6,3,3,6,11,0.0,0,0,0,0,0,1,10,0,0.18340836155764884,0,389.37,70.09,33200.6,21600.76,11140.38,0,0.07692307692307693,10,0,0,0
728217.35,787669.35,-728217.35,0.023649326039793053,17639.0,OTHER_TRANSFER,1234.8999999999978,3.0,0.0,6,6,5,2,20,0.0,0,0,0,0,0,0,8,0,0.9763506739602069,0,8696.5,1565.37,805308.35,745856.35,49190.13,0,0.23076923076923078,19,0,0,0
1142.6599999999962,513.6600000000035,1142.6599999999962,1.0340152497962347,34735.24,SALARY,699.6800000000076,1.0,0.07692307692307693,5,1,3,2,7,0.0,0,1,0,0,0,1,9,0,0.03401524979623465,0,261.74,47.11,35248.9,33592.58,1347.47,0,0.15384615384615385,7,0,0,1
1842.3400000000038,2183.840000000004,-1842.3400000000038,0.9496319876820718,34735.24,SALARY,699.6800000000076,1.0,0.07692307692307693,5,2,4,3,11,0.0,0,0,0,0,0,1,8,0,0.05036801231792819,0,289.41,52.09,36919.08,36577.58,0.0,0,0.15384615384615385,11,0,0,0
3287.5699999999997,853.8399999999965,3287.5699999999997,1.1045409723518467,34735.24,SALARY,699.6800000000076,1.0,0.07692307692307693,5,3,1,4,1,0.0,0,0,1,0,0,1,9,0,0.10454097235184673,0,330.88,59.56,33881.4,31447.67,2043.29,0,0.07692307692307693,1,1,1,1
4573.4100000000035,5122.090000000004,-4573.4100000000035,0.8836538522691569,34735.24,SALARY,699.6800000000076,1.0,0.07692307692307693,5,4,2,5,2,0.0,0,0,0,0,0,1,11,0,0.11634614773084304,0,464.98,83.7,39857.33,39308.65,0.0,0,0.07692307692307693,2,0,1,1
287119.8,399921.83,-287119.8,0.10792200115927966,34735.24,SALARY,699.6800000000076,1.0,0.07692307692307693,5,5,5,1,16,0.0,0,0,0,1,0,0,9,0,0.8920779988407204,0,7490.99,1348.38,434657.07,321855.04,103962.66,0,0.23076923076923078,16,0,0,0
239062.7,358061.72,-239062.7,0.40179095349781685,160568.0,RENT,,,,1,1,1,1,2,0.0,0,1,1,1,0,0,8,0,0.5982090465021832,0,5508.98,991.61,518629.72,399630.7,112498.43,0,0.15384615384615385,2,0,1,1
9028.610000000015,74889.07999999996,9028.610000000015,1.0414235221718555,226987.14,SUPPLIER_PAYMENT,,,,1,1,1,1,17,0.0,0,1,1,1,0,0,11,0,0.04142352217185542,0,3698.59,665.74,301876.22,217958.53,79553.36,0,0.08,14,0,0,0
633519.32,734538.98,-633519.32,0.0011163189879616034,708.0,INTEREST_CREDIT,,,,1,1,1,1,17,0.0,0,1,1,1,0,0,15,0,0.9988836810120384,0,2980.53,536.5,735246.98,634227.32,97502.63,1,0.23076923076923078,17,0,0,0
57081.79999999999,74424.54999999999,-57081.79999999999,0.6003061328807161,85732.0,RENT,35301.71999999999,1.0,0.0,3,2,1,2,2,0.0,0,0,1,0,0,1,5,0,0.39969386711928395,0,1680.94,302.57,160156.55,142813.8,15359.24,0,0.23076923076923078,4,0,1,1
21780.08,61539.609999999986,-21780.08,0.7974173692853863,85732.0,RENT,35301.71999999999,1.0,0.0,3,1,2,1,3,0.0,0,1,0,1,0,1,5,0,0.20258263071461366,0,2073.66,373.27,147271.61,107512.08,37312.6,0,0.23076923076923078,5,0,1,1
135139.79,144839.36,-135139.79,0.38815278311458423,85732.0,RENT,35301.71999999999,1.0,0.0,3,3,3,3,4,0.0,0,0,0,0,0,0,15,0,0.6118472168854158,0,1379.92,248.39,230571.36,220871.79,8071.26,0,0.23076923076923078,2,0,0,1
6003.970000000001,186125.06,-6003.970000000001,0.955186886321684,127974.0,SUPPLIER_PAYMENT,8835.829999999987,1.0,0.0,4,1,3,2,4,0.0,0,1,0,0,0,1,7,0,0.044813113678315926,0,2568.15,462.26,314099.06,133977.97,177090.68,0,0.24,4,0,0,1
14839.799999999988,32182.54999999999,-14839.799999999988,0.8960898736676709,127974.0,SUPPLIER_PAYMENT,8835.829999999987,1.0,0.0,4,2,4,1,13,0.0,0,0,0,1,0,1,5,0,0.10391012633232916,0,1680.94,302.57,160156.55,142813.8,15359.24,0,0.24,13,0,0,0
29860.690000000002,31780.76999999999,-29860.690000000002,0.8108103484728231,127974.0,SUPPLIER_PAYMENT,8835.829999999987,1.0,0.0,4,3,1,3,2,0.0,0,0,1,0,0,1,5,0,0.18918965152717696,0,1627.18,292.9,159754.77,157834.69,0.0,0,0.16,2,0,1,1
80300.98000000001,79347.14,80300.98000000001,2.6844114343920316,127974.0,SUPPLIER_PAYMENT,8835.829999999987,1.0,0.0,4,4,2,4,3,0.0,0,0,0,0,0,0,5,0,1.6844114343920318,0,808.34,145.5,48626.86,47673.02,0.0,0,0.16,3,0,1,1
8437.080000000002,48196.609999999986,-8437.080000000002,0.9215243533563856,99075.0,RENT,76536.79,7.0,0.07692307692307693,3,1,2,1,8,0.0,0,1,0,1,0,1,5,0,0.0784756466436144,0,2073.66,373.27,147271.61,107512.08,37312.6,0,0.23076923076923078,8,0,0,0
95643.37,220369.95,-95643.37,0.5088117777485504,99075.0,RENT,76536.79,7.0,0.07692307692307693,3,3,1,2,1,0.0,0,0,1,0,0,1,7,0,0.4911882222514496,0,3156.24,568.12,319444.95,194718.37,121002.22,0,0.15384615384615385,1,1,1,1
84973.87,88457.4,-84973.87,0.5383081134918134,99075.0,RENT,76536.79,7.0,0.07692307692307693,3,2,3,3,22,0.0,0,0,0,0,0,0,11,0,0.46169188650818666,0,2952.14,531.39,187532.4,184048.87,0.0,0,0.15384615384615385,22,0,0,0
165140.23,190216.84,-165140.23,0.008072836688495962,1344.0,INTEREST_CREDIT,,,,1,1,1,1,16,0.0,0,1,1,1,0,0,12,0,0.991927163311504,0,1203.86,216.7,191560.84,166484.23,23656.05,1,0.3076923076923077,18,0,0,0
347145.61,437090.31,-347145.61,0.006993894944718338,2445.0,UTILITIES,,,,1,1,1,1,28,0.0,0,1,1,1,0,0,7,0,0.9930061050552816,0,1817.32,327.12,439535.31,349590.61,87800.26,0,0.2222222222222222,26,0,0,0
303167.02,308281.07,-303167.02,0.014501279824900215,4461.0,UTILITIES,,,,1,1,1,1,17,0.0,0,1,1,1,0,0,14,0,0.9854987201750998,0,4333.95,780.1,312742.07,307628.02,0.0,0,0.15384615384615385,17,0,0,0
13475.129999999997,107051.29000000001,-13475.129999999997,0.7837166447335793,48828.0,RENT,244667.15999999997,3.0,0.07692307692307693,2,1,1,1,2,0.0,0,1,1,1,0,1,5,0,0.21628335526642078,0,185.53,33.4,155879.29,62303.13,93357.23,0,0.23076923076923078,4,0,1,1
258142.28999999998,261810.89,-258142.28999999998,0.1590642534168372,48828.0,RENT,244667.15999999997,3.0,0.07692307692307693,2,2,2,2,5,0.0,0,0,0,0,0,0,5,0,0.8409357465831628,0,3108.99,559.61,310638.89,306970.29,0.0,0,0.15384615384615385,3,0,0,1
3581.3700000000026,89994.79000000001,3581.3700000000026,1.057482986809812,65884.5,OTHER_TRANSFER,38046.21,1.0,0.0,3,1,1,1,6,0.0,0,1,1,1,0,1,5,0,0.05748298680981201,0,185.53,33.4,155879.29,62303.13,93357.23,0,0.23076923076923078,3,0,0,1
41627.58,81387.10999999999,-41627.58,0.6128102070018551,65884.5,OTHER_TRANSFER,38046.21,1.0,0.0,3,2,2,2,7,0.0,0,0,0,0,0,1,5,0,0.387189792998145,0,2073.66,373.27,147271.61,107512.08,37312.6,0,0.23076923076923078,4,0,0,1
42200.740000000005,41936.990000000005,42200.740000000005,2.7818429168341514,65884.5,OTHER_TRANSFER,38046.21,1.0,0.0,3,3,3,3,27,0.0,0,0,0,0,0,0,6,0,1.7818429168341516,0,223.52,40.23,23947.51,23683.76,0.0,0,0.15384615384615385,24,0,0,0
15646.779999999999,21001.84,-15646.779999999999,0.09271833457228378,1599.0,INTEREST_CREDIT,,,,1,1,1,1,9,0.0,0,1,1,1,0,0,5,0,0.9072816654277163,0,323.48,58.23,22600.84,17245.78,4973.35,1,0.15384615384615385,7,0,0,0
12139.970000000001,192261.06,-12139.970000000001,0.9093883121232543,121838.0,SALARY,2185.949999999997,0.0,0.07692307692307693,5,1,5,4,21,0.0,0,1,0,0,0,1,7,0,0.09061168787674571,0,2568.15,462.26,314099.06,133977.97,177090.68,0,0.15384615384615385,21,0,0,0
14325.919999999998,25433.609999999986,14325.919999999998,1.1332493985792107,121838.0,SALARY,2185.949999999997,0.0,0.07692307692307693,5,2,2,2,3,0.0,0,0,0,0,0,1,5,0,0.1332493985792108,0,2073.66,373.27,147271.61,107512.08,37312.6,0,0.15384615384615385,3,0,1,1
109422.31,149989.7,-109422.31,0.5268435383486254,121838.0,SALARY,2185.949999999997,0.0,0.07692307692307693,5,5,1,5,3,0.0,0,0,1,0,0,1,6,0,0.4731564616513746,0,3357.02,604.26,271827.7,231260.31,36606.11,0,0.07692307692307693,3,0,1,1
20975.79999999999,38318.54999999999,-20975.79999999999,0.8531248380758722,121838.0,SALARY,2185.949999999997,0.0,0.07692307692307693,5,3,3,3,4,0.0,0,0,0,0,0,1,5,0,0.14687516192412772,0,1680.94,302.57,160156.55,142813.8,15359.24,0,0.15384615384615385,4,0,0,1
52391.41,39837.08,52391.41,1.7544129956560863,121838.0,SALARY,2185.949999999997,0.0,0.07692307692307693,5,4,4,1,19,0.0,0,0,0,1,0,0,11,0,0.7544129956560863,0,583.41,105.01,82000.92,69446.59,11865.91,0,0.23076923076923078,19,0,0,0
8640.919999999998,31118.609999999986,8640.919999999998,1.0803716196356725,116153.0,SALARY,9184.050000000003,1.0,0.0,6,1,6,4,10,0.0,0,1,0,0,0,1,5,0,0.08037161963567255,0,2073.66,373.27,147271.61,107512.08,37312.6,0,0.15384615384615385,10,0,0,0
17824.97,197946.06,-17824.97,0.8669559629840637,116153.0,SALARY,9184.050000000003,1.0,0.0,6,2,5,3,8,0.0,0,0,0,0,0,1,7,0,0.13304403701593628,0,2568.15,462.26,314099.06,133977.97,177090.68,0,0.23076923076923078,8,0,0,0
43668.76999999999,45557.390000000014,-43668.76999999999,0.7267658217025128,116153.0,SALARY,9184.050000000003,1.0,0.0,6,4,3,2,3,0.0,0,0,0,0,0,1,6,0,0.2732341782974872,0,1600.52,288.1,161710.39,159821.77,0.0,0,0.23076923076923078,3,0,1,1
99799.37,103129.94,-99799.37,0.5378639743569381,116153.0,SALARY,9184.050000000003,1.0,0.0,6,6,2,1,3,0.0,0,0,0,1,0,1,8,0,0.46213602564306194,0,2822.52,508.05,219282.94,215952.37,0.0,0,0.23076923076923078,3,0,1,1
41681.69,43601.76999999999,-41681.69,0.7359155328907733,116153.0,SALARY,9184.050000000003,1.0,0.0,6,3,4,5,6,0.0,0,0,0,0,0,1,5,0,0.2640844671092268,0,1627.18,292.9,159754.77,157834.69,0.0,0,0.15384615384615385,6,0,0,1
89984.63,84291.57,89984.63,4.4386792146396585,116153.0,SALARY,9184.050000000003,1.0,0.0,6,5,1,6,2,0.0,0,0,1,0,0,0,5,0,3.438679214639659,0,258.42,46.52,31861.43,26168.37,5388.12,0,0.07692307692307693,2,0,1,1
8045.759999999995,47805.28999999998,-8045.759999999995,0.9251641303935335,99466.32,SALARY,21126.790000000008,1.0,0.0,4,1,2,3,2,0.0,0,1,0,0,0,1,5,0,0.0748358696064665,0,2073.66,373.27,147271.61,107512.08,37312.6,0,0.15384615384615385,2,0,1,1
43347.47999999998,60690.22999999998,-43347.47999999998,0.696475550682077,99466.32,SALARY,21126.790000000008,1.0,0.0,4,4,1,1,1,0.0,0,0,1,1,0,1,5,0,0.30352444931792294,0,1680.94,302.57,160156.55,142813.8,15359.24,0,0.23076923076923078,1,1,1,1
34511.649999999994,214632.74,-34511.649999999994,0.742408024244583,99466.32,SALARY,21126.790000000008,1.0,0.0,4,3,4,2,16,0.0,0,0,0,0,0,1,7,0,0.25759197575541704,0,2568.15,462.26,314099.06,133977.97,177090.68,0,0.23076923076923078,16,0,0,0
29172.550000000003,16248.530000000013,29172.550000000003,1.4150090399191848,99466.32,SALARY,21126.790000000008,1.0,0.0,4,2,3,4,3,0.0,0,0,0,0,0,0,15,0,0.41500903991918486,0,836.89,150.65,83217.79,70293.77,11936.48,0,0.15384615384615385,3,0,1,1
99098.56,109759.88,-99098.56,0.0547778953308211,5743.0,UTILITIES,,,,1,1,1,1,16,0.0,0,1,1,1,0,0,20,0,0.9452221046691789,0,1088.07,195.85,115502.88,104841.56,9377.4,0,0.3076923076923077,13,0,0,0
33411.86,33795.77,-33411.86,0.08241593766597845,3001.0,UTILITIES,,,,1,1,1,1,8,0.0,0,1,1,1,0,0,4,0,0.9175840623340216,0,325.35,58.56,36796.77,36412.86,0.0,0,0.2222222222222222,8,0,0,0
90332.9,91232.76,-90332.9,0.03694112554758689,3465.0,INTEREST_CREDIT,,,,1,1,1,1,8,0.0,0,1,1,1,0,0,15,0,0.9630588744524131,0,762.58,137.28,94697.76,93797.9,0.0,1,0.2222222222222222,8,0,0,0
8518.449999999997,188639.53999999998,-8518.449999999997,0.9364190247098086,125459.52,SUPPLIER_PAYMENT,8835.829999999987,1.0,0.07692307692307693,4,1,4,1,20,0.0,0,1,0,1,0,1,7,0,0.06358097529019134,0,2568.15,462.26,314099.06,133977.97,177090.68,0,0.3076923076923077,21,0,0,0
17354.279999999984,34697.029999999984,-17354.279999999984,0.8784831717943224,125459.52,SUPPLIER_PAYMENT,8835.829999999987,1.0,0.07692307692307693,4,2,2,4,3,0.0,0,0,0,0,0,1,5,0,0.1215168282056775,0,1680.94,302.57,160156.55,142813.8,15359.24,0,0.15384615384615385,4,0,1,1
17947.440000000002,21812.089999999982,17947.440000000002,1.1669341714903108,125459.52,SUPPLIER_PAYMENT,8835.829999999987,1.0,0.07692307692307693,4,3,1,2,2,0.0,0,0,1,0,0,1,5,0,0.1669341714903107,0,2073.66,373.27,147271.61,107512.08,37312.6,0,0.23076923076923078,3,0,1,1
196395.51999999996,309197.55,-196395.51999999996,0.3898013217378855,125459.52,SUPPLIER_PAYMENT,8835.829999999987,1.0,0.07692307692307693,4,4,3,3,19,0.0,0,0,0,0,0,0,9,0,0.6101986782621145,0,7490.99,1348.38,434657.07,321855.04,103962.66,0,0.23076923076923078,20,0,0,0
9395.400000000009,49154.92999999999,-9395.400000000009,0.9126107503454495,98116.68,SALARY,26465.89,1.0,0.0,5,1,4,1,5,0.0,0,1,0,1,0,1,5,0,0.08738924965455053,0,2073.66,373.27,147271.61,107512.08,37312.6,0,0.23076923076923078,5,0,0,1
61705.09,63593.71000000002,-61705.09,0.6139131108359017,98116.68,SALARY,26465.89,1.0,0.0,5,4,1,3,2,0.0,0,0,1,0,0,1,6,0,0.3860868891640982,0,1600.52,288.1,161710.39,159821.77,0.0,0,0.15384615384615385,2,0,1,1
44697.119999999995,62039.869999999995,-44697.119999999995,0.6870252034467258,98116.68,SALARY,26465.89,1.0,0.0,5,3,3,2,4,0.0,0,0,0,0,0,1,5,0,0.31297479655327426,0,1680.94,302.57,160156.55,142813.8,15359.24,0,0.23076923076923078,4,0,0,1
35861.29000000001,215982.38,-35861.29000000001,0.7323344278167522,98116.68,SALARY,26465.89,1.0,0.0,5,2,5,4,13,0.0,0,0,0,0,0,1,7,0,0.2676655721832478,0,2568.15,462.26,314099.06,133977.97,177090.68,0,0.15384615384615385,13,0,0,0
352367.54,447819.83,-352367.54,0.21780270127996937,98116.68,SALARY,26465.89,1.0,0.0,5,5,2,5,3,0.0,0,0,0,0,0,0,12,0,0.7821972987200306,0,6702.67,1206.48,545936.51,450484.22,87543.14,0,0.15384615384615385,3,0,1,1
741114.35,800566.35,-741114.35,0.006357792623204187,4742.0,INTEREST_CREDIT,,,,1,1,1,1,3,0.0,0,1,1,1,0,0,8,0,0.9936422073767958,0,8696.5,1565.37,805308.35,745856.35,49190.13,1,0.3076923076923077,5,0,1,1
12985.080000000002,52744.609999999986,-12985.080000000002,0.879222130201555,94527.0,OTHER_TRANSFER,867.4100000000035,1.0,0.07407407407407407,4,1,2,1,6,0.0,0,1,0,1,0,1,5,0,0.12077786979844499,0,2073.66,373.27,147271.61,107512.08,37312.6,0,0.2962962962962963,8,0,0,1
48286.79999999999,65629.54999999999,-48286.79999999999,0.6618898173705903,94527.0,OTHER_TRANSFER,867.4100000000035,1.0,0.07407407407407407,4,4,3,2,7,0.0,0,0,0,0,0,1,5,0,0.33811018262940973,0,1680.94,302.57,160156.55,142813.8,15359.24,0,0.2222222222222222,9,0,0,1
39450.97,219572.06,-39450.97,0.705541366241032,94527.0,OTHER_TRANSFER,867.4100000000035,1.0,0.07407407407407407,4,3,4,3,24,0.0,0,0,0,0,0,1,7,0,0.29445863375896797,0,2568.15,462.26,314099.06,133977.97,177090.68,0,0.2222222222222222,26,0,0,0
13852.490000000005,784.429999999993,13852.490000000005,1.1717083871968978,94527.0,OTHER_TRANSFER,867.4100000000035,1.0,0.07407407407407407,4,2,1,4,5,0.0,0,0,1,0,0,0,7,0,0.17170838719689782,0,246.53,44.37,93742.57,80674.51,12777.16,0,0.2222222222222222,7,0,0,1
16366.29,109942.45000000001,-16366.29,0.7373119135427064,45936.84,OTHER_TRANSFER,7143.459999999999,11.0,0.0,2,1,2,1,14,0.0,0,1,0,1,0,1,5,0,0.2626880864572936,0,185.53,33.4,155879.29,62303.13,93357.23,0,0.23076923076923078,13,0,0,0
23509.75,36064.08,-23509.75,0.6614700592210503,45936.84,OTHER_TRANSFER,7143.459999999999,11.0,0.0,2,2,1,2,3,0.0,0,0,1,0,0,0,11,0,0.3385299407789497,0,583.41,105.01,82000.92,69446.59,11865.91,0,0.23076923076923078,4,0,1,1
66424.75,80193.81,-66424.75,0.29705673876699323,28070.43,OTHER_TRANSFER,,,,1,1,1,1,10,0.0,0,1,1,1,0,0,15,0,0.7029432612330069,0,772.96,139.13,108264.24,94495.18,12856.97,0,0.2222222222222222,8,0,0,0
23201.730000000003,28363.29,-23201.730000000003,0.3913937957748566,14921.0,UTILITIES,,,,1,1,1,1,13,0.0,0,1,1,1,0,0,6,0,0.6086062042251434,0,553.57,99.65,43284.29,38122.73,4508.34,0,0.23076923076923078,13,0,0,0
9239.369999999995,133965.95,-9239.369999999995,0.9525500855414926,185479.0,SUPPLIER_PAYMENT,1448.8999999999942,0.0,0.0,6,1,5,1,9,0.0,0,1,0,1,0,1,7,0,0.04744991445850741,0,3156.24,568.12,319444.95,194718.37,121002.22,0,0.3076923076923077,6,0,0,0
10688.26999999999,12365.579999999987,-10688.26999999999,0.9455145091227503,185479.0,SUPPLIER_PAYMENT,1448.8999999999942,0.0,0.0,6,2,6,5,21,0.0,0,0,0,0,0,1,4,0,0.054485490877249756,0,1421.45,255.86,197844.58,196167.27,0.0,0,0.15384615384615385,24,0,0,0
37105.399999999994,40965.0,-37105.399999999994,0.833297391910664,185479.0,SUPPLIER_PAYMENT,1448.8999999999942,0.0,0.0,6,3,1,2,1,0.0,0,0,1,0,0,1,5,0,0.16670260808933599,0,3270.85,588.75,226444.0,222584.4,0.0,0,0.3076923076923077,2,1,1,1
42665.20000000001,25322.45000000001,42665.20000000001,1.2987470398518912,185479.0,SUPPLIER_PAYMENT,1448.8999999999942,0.0,0.0,6,5,2,3,1,0.0,0,0,0,0,0,1,5,0,0.29874703985189116,0,1680.94,302.57,160156.55,142813.8,15359.24,0,0.23076923076923078,2,1,1,1
39757.07999999999,53272.04999999999,-39757.07999999999,0.8234870718758736,185479.0,SUPPLIER_PAYMENT,1448.8999999999942,0.0,0.0,6,4,3,4,2,0.0,0,0,0,0,0,1,10,0,0.17651292812412642,0,2129.37,383.28,238751.05,225236.08,11002.32,0,0.23076923076923078,5,0,1,1
384442.72,396644.19999999995,-384442.72,0.32544644903163195,185479.0,SUPPLIER_PAYMENT,1448.8999999999942,0.0,0.0,6,6,4,6,6,0.0,0,0,0,0,0,0,10,0,0.6745535509683681,0,6763.24,1217.38,582123.2,569921.72,4220.86,0,0.07692307692307693,9,0,0,1
3785.180000000022,13557.569999999978,3785.180000000022,1.0265043014050463,146598.98,SALARY,7450.52999999997,1.0,0.0,6,1,3,2,3,0.0,0,1,0,0,0,1,5,0,0.02650430140504645,0,1680.94,302.57,160156.55,142813.8,15359.24,0,0.2962962962962963,3,0,1,1
11235.709999999992,13155.789999999979,-11235.709999999992,0.9288134313185524,146598.98,SALARY,7450.52999999997,1.0,0.0,6,2,6,3,18,0.0,0,0,0,0,0,1,5,0,0.07118656868144761,0,1627.18,292.9,159754.77,157834.69,0.0,0,0.2222222222222222,18,0,0,0
146487.03,151873.74999999997,-146487.03,0.5001909848921141,146598.98,SALARY,7450.52999999997,1.0,0.0,6,6,1,1,1,0.0,0,0,1,1,0,1,6,0,0.4998090151078859,0,4565.01,821.71,298472.73,293086.01,0.0,0,0.2962962962962963,1,1,1,1
39086.90000000001,672.6299999999756,39086.90000000001,1.3635582159697777,146598.98,SALARY,7450.52999999997,1.0,0.0,6,3,2,6,2,0.0,0,0,0,0,0,1,5,0,0.3635582159697776,0,2073.66,373.27,147271.61,107512.08,37312.6,0,0.14814814814814814,2,0,1,1
48119.389999999985,172845.97,-48119.389999999985,0.7528769884423335,146598.98,SALARY,7450.52999999997,1.0,0.0,6,4,5,5,5,0.0,0,0,0,0,0,1,7,0,0.24712301155766653,0,3156.24,568.12,319444.95,194718.37,121002.22,0,0.14814814814814814,5,0,0,1
64451.970000000016,63579.26000000001,64451.970000000016,1.784593011967204,146598.98,SALARY,7450.52999999997,1.0,0.0,6,5,4,4,4,0.0,0,0,0,0,0,0,12,0,0.7845930119672039,0,739.59,133.12,83019.72,82147.01,0.0,0,0.2222222222222222,4,0,0,1
108902.98999999999,111749.20999999999,-108902.98999999999,0.025795580668486265,2883.6,INTEREST_CREDIT,,,,1,1,1,1,4,0.0,0,1,1,1,0,0,7,0,0.9742044193315137,0,878.17,158.08,114632.81,111786.59,1809.97,1,0.3076923076923077,2,0,0,1
27482.71,121058.87000000001,-27482.71,0.5588871698741299,34820.42,SALARY,10668.310000000001,10.0,0.07407407407407407,2,2,1,2,2,0.0,0,0,1,0,0,1,5,0,0.4411128301258701,0,185.53,33.4,155879.29,62303.13,93357.23,0,0.07407407407407407,2,0,1,1
16814.399999999998,16760.579999999998,16814.399999999998,1.9338210220803929,34820.42,SALARY,10668.310000000001,10.0,0.07407407407407407,2,1,2,1,12,0.0,0,1,0,1,0,0,6,0,0.933821022080393,0,45.61,8.21,18059.84,18006.02,0.0,0,0.14814814814814814,12,0,0,0
142.87000000000262,93433.29000000001,142.87000000000262,1.0022931432176843,62446.0,SALARY,44923.21,9.0,0.15384615384615385,3,1,3,3,14,0.0,0,1,0,0,0,1,5,0,0.00229314321768429,0,185.53,33.4,155879.29,62303.13,93357.23,0,0.15384615384615385,14,0,0,0
45066.08,84825.60999999999,-45066.08,0.5808277544253632,62446.0,SALARY,44923.21,9.0,0.15384615384615385,3,2,2,2,13,0.0,0,0,0,0,0,1,5,0,0.41917224557463684,0,2073.66,373.27,147271.61,107512.08,37312.6,0,0.23076923076923078,13,0,0,0
638343.28,641650.79,-638343.28,0.08910809822889984,62446.0,SALARY,44923.21,9.0,0.15384615384615385,3,3,1,1,4,0.0,0,0,1,1,0,0,8,0,0.9108919017711001,0,2802.97,504.54,704096.79,700789.28,0.0,0,0.38461538461538464,4,0,0,1
230246.8,248186.0,-230246.8,0.03657105748099895,8740.0,OTHER_TRANSFER,,,,1,1,1,1,24,0.0,0,1,1,1,0,0,12,0,0.963428942519001,0,800.71,144.13,256926.0,238986.8,16994.36,0,0.23076923076923078,21,0,0,0
515858.60000000003,558071.94,-515858.60000000003,0.037809080144215246,20270.55,UTILITIES,,,,1,1,1,1,9,0.0,0,1,1,1,0,0,8,0,0.9621909198557848,0,7165.02,1289.7,578342.49,536129.15,33758.62,0,0.23076923076923078,9,0,0,0
5240.2300000000105,3351.609999999986,5240.2300000000105,1.0327879612395734,165062.0,RENT,1987.0799999999872,1.0,0.0,5,1,4,1,8,0.0,0,1,0,1,0,1,6,0,0.03278796123957337,0,1600.52,288.1,161710.39,159821.77,0.0,0,0.14814814814814814,5,0,0,0
7227.309999999998,5307.2300000000105,7227.309999999998,1.0457903772611712,165062.0,RENT,1987.0799999999872,1.0,0.0,5,2,1,3,1,0.0,0,0,1,0,0,1,5,0,0.04579037726117115,0,1627.18,292.9,159754.77,157834.69,0.0,0,0.14814814814814814,4,1,1,1
125795.83000000002,159076.81,-125795.83000000002,0.5675006239302548,165062.0,RENT,1987.0799999999872,1.0,0.0,5,4,2,4,2,0.0,0,0,0,0,0,1,8,0,0.43249937606974515,0,4074.43,733.39,324138.81,290857.83,28473.16,0,0.14814814814814814,5,0,1,1
31084.03,149037.06,31084.03,1.2320085160269258,165062.0,RENT,1987.0799999999872,1.0,0.0,5,3,3,2,3,0.0,0,0,0,0,0,1,7,0,0.2320085160269259,0,2568.15,462.26,314099.06,133977.97,177090.68,0,0.14814814814814814,6,0,1,1
128649.14,128265.23000000001,128649.14,4.533068811403444,165062.0,RENT,1987.0799999999872,1.0,0.0,5,5,5,5,8,0.0,0,0,0,0,0,0,4,0,3.5330688114034436,0,325.35,58.56,36796.77,36412.86,0.0,0,0.14814814814814814,11,0,0,0
158738.86000000002,183815.47,-158738.86000000002,0.046523145165160686,7745.37,UTILITIES,,,,1,1,1,1,3,0.0,0,1,1,1,0,0,12,0,0.9534768548348393,0,1203.86,216.7,191560.84,166484.23,23656.05,0,0.23076923076923078,3,0,1,1
15731.690000000002,24835.70000000001,15731.690000000002,1.0680258968778515,246992.0,SUPPLIER_PAYMENT,8684.080000000016,0.0,0.0,5,1,5,1,18,0.0,0,1,0,1,0,1,6,0,0.06802589687785164,0,3357.02,604.26,271827.7,231260.31,36606.11,0,0.3076923076923077,23,0,0,0
24415.77000000002,44655.73999999999,-24415.77000000002,0.9100402689281887,246992.0,SUPPLIER_PAYMENT,8684.080000000016,0.0,0.0,5,2,3,4,11,0.0,0,0,0,0,0,1,8,0,0.08995973107181131,0,2934.81,528.27,291647.74,271407.77,16776.89,0,0.15384615384615385,6,0,0,0
57497.409999999974,62752.640000000014,-57497.409999999974,0.8111677841275334,246992.0,SUPPLIER_PAYMENT,8684.080000000016,0.0,0.0,5,4,2,3,1,0.0,0,0,0,0,0,1,12,0,0.18883221587246657,0,4453.58,801.65,309744.64,304489.41,0.0,0,0.15384615384615385,4,1,1,1
103100.58000000002,147366.34999999998,-103100.58000000002,0.70550481246989,246992.0,SUPPLIER_PAYMENT,8684.080000000016,0.0,0.0,5,5,1,2,1,0.0,0,0,1,0,0,1,8,0,0.29449518753010995,0,6088.71,1095.98,394358.35,350092.58,37081.08,0,0.3076923076923077,6,1,1,1
31315.48999999999,28445.03,31315.48999999999,1.1451965724037356,246992.0,SUPPLIER_PAYMENT,8684.080000000016,0.0,0.0,5,3,4,5,17,0.0,0,0,0,0,0,0,10,0,0.1451965724037355,0,2432.59,437.87,218546.97,215676.51,0.0,0,0.15384615384615385,22,0,0,0
99606.94,120332.18,-99606.94,0.022118607177659833,2253.0,INTEREST_CREDIT,,,,1,1,1,1,5,0.0,0,1,1,1,0,0,9,0,0.9778813928223402,0,741.96,133.56,122585.18,101859.94,19849.72,1,0.14814814814814814,5,0,0,1
78418.18,89845.45,-78418.18,0.043702889811089746,3583.72,INTEREST_CREDIT,,,,1,1,1,1,4,0.0,0,1,1,1,0,0,15,0,0.9562971101889103,0,367.51,66.15,93429.17,82001.9,10993.61,1,0.24,7,0,0,1
364235.93,435835.64,-364235.93,0.07462786408340719,29374.29,SUPPLIER_PAYMENT,,,,1,1,1,1,3,0.0,0,1,1,1,0,0,10,0,0.9253721359165928,0,4542.72,817.69,465209.93,393610.22,66239.3,0,0.2222222222222222,3,0,1,1
28676.060000000005,31317.489999999998,-28676.060000000005,0.13248512119498745,4379.35,INTEREST_CREDIT,,,,1,1,1,1,5,0.0,0,1,1,1,0,0,10,0,0.8675148788050127,0,164.9,29.68,35696.84,33055.41,2446.85,1,0.16,5,0,0,1
15946.129999999997,109522.29000000001,-15946.129999999997,0.7440557159808825,46357.0,OTHER_TRANSFER,10308.220000000008,10.0,0.15999999999999998,2,1,2,2,17,0.0,0,1,0,0,0,1,5,0,0.25594428401911745,0,185.53,33.4,155879.29,62303.13,93357.23,0,0.08,19,0,0,0
26254.350000000006,26966.729999999996,-26254.350000000006,0.6384263617189323,46357.0,OTHER_TRANSFER,10308.220000000008,10.0,0.15999999999999998,2,2,1,1,7,0.0,0,0,1,1,0,0,11,0,0.3615736382810677,0,603.71,108.67,73323.73,72611.35,0.0,0,0.24,5,0,0,1
49819.18000000001,62743.2,-49819.18000000001,0.2912717585071906,20474.59,UTILITIES,,,,1,1,1,1,10,0.0,0,1,1,1,0,0,15,0,0.7087282414928094,0,836.89,150.65,83217.79,70293.77,11936.48,0,0.07692307692307693,9,0,0,0
98642.99,119368.23,-98642.99,0.031582092037360315,3216.95,INTEREST_CREDIT,,,,1,1,1,1,8,0.0,0,1,1,1,0,0,9,0,0.9684179079626397,0,741.96,133.56,122585.18,101859.94,19849.72,1,0.23076923076923078,8,0,0,0
35756.65,36305.33,-35756.65,0.09036179059825254,3552.0,INTEREST_CREDIT,,,,1,1,1,1,7,0.0,0,1,1,1,0,0,11,0,0.9096382094017474,0,464.98,83.7,39857.33,39308.65,0.0,1,0.24,7,0,0,1
13153.970000000001,193275.06,-13153.970000000001,0.9018199036752087,120824.0,SUPPLIER_PAYMENT,157.9499999999971,1.0,0.0,5,1,1,1,0,0.0,0,1,1,1,0,1,7,0,0.09818009632479131,1,2568.15,462.26,314099.06,133977.97,177090.68,0,0.16666666666666666,0,1,1,1
13311.919999999998,26447.609999999986,13311.919999999998,1.1238179002768804,120824.0,SUPPLIER_PAYMENT,157.9499999999971,1.0,0.0,5,2,4,5,18,0.0,0,0,0,0,0,1,5,0,0.1238179002768805,0,2073.66,373.27,147271.61,107512.08,37312.6,0,0.08333333333333333,18,0,0,0
83449.56,143359.53000000003,-83449.56,0.5914813449180599,120824.0,SUPPLIER_PAYMENT,157.9499999999971,1.0,0.0,5,4,2,3,1,0.0,0,0,0,0,0,1,6,0,0.40851865508194013,0,977.87,176.01,264183.53,204273.56,58756.09,0,0.16666666666666666,1,1,1,1
37010.69,38930.76999999999,-37010.69,0.7655097874871487,120824.0,SUPPLIER_PAYMENT,157.9499999999971,1.0,0.0,5,3,3,2,2,0.0,0,0,0,0,0,1,5,0,0.23449021251285126,0,1627.18,292.9,159754.77,157834.69,0.0,0,0.16666666666666666,2,0,1,1
124148.95999999999,125737.23999999999,-124148.95999999999,0.493213618352001,120824.0,SUPPLIER_PAYMENT,157.9499999999971,1.0,0.0,5,5,5,4,20,0.0,0,0,0,0,0,0,5,0,0.506786381647999,0,1346.0,242.28,246561.24,244972.96,0.0,0,0.16666666666666666,20,0,0,0
8241.690000000002,188362.78,-8241.690000000002,0.9384847374534784,125736.28,RENT,8835.829999999987,1.0,0.07692307692307693,6,1,5,1,22,0.0,0,1,0,1,0,1,7,0,0.061515262546521655,0,2568.15,462.26,314099.06,133977.97,177090.68,0,0.3076923076923077,22,0,0,0
17077.51999999999,34420.26999999999,-17077.51999999999,0.8804210797555979,125736.28,RENT,8835.829999999987,1.0,0.07692307692307693,6,2,4,4,5,0.0,0,0,0,0,0,1,5,0,0.11957892024440209,0,1680.94,302.57,160156.55,142813.8,15359.24,0,0.23076923076923078,5,0,0,1
105524.03,146091.42,-105524.03,0.543700213841277,125736.28,RENT,8835.829999999987,1.0,0.07692307692307693,6,6,1,5,2,0.0,0,0,1,0,0,1,6,0,0.456299786158723,0,3357.02,604.26,271827.7,231260.31,36606.11,0,0.15384615384615385,2,0,1,1
68982.09,193708.67,-68982.09,0.6457340414260863,125736.28,RENT,8835.829999999987,1.0,0.07692307692307693,6,5,2,2,3,0.0,0,0,0,0,0,1,7,0,0.3542659585739137,0,3156.24,568.12,319444.95,194718.37,121002.22,0,0.23076923076923078,3,0,1,1
18224.199999999997,21535.329999999987,18224.199999999997,1.1695083938474635,125736.28,RENT,8835.829999999987,1.0,0.07692307692307693,6,3,3,3,4,0.0,0,0,0,0,0,1,5,0,0.16950839384746344,0,2073.66,373.27,147271.61,107512.08,37312.6,0,0.23076923076923078,4,0,0,1
20894.72,10233.399999999994,20894.72,1.1992980646224647,125736.28,RENT,8835.829999999987,1.0,0.07692307692307693,6,4,6,6,23,0.0,0,0,0,0,0,0,20,0,0.1992980646224646,0,1088.07,195.85,115502.88,104841.56,9377.4,0,0.15384615384615385,23,0,0,0
16647.76,28247.6,-16647.76,0.229297487680989,4953.0,UTILITIES,,,,1,1,1,1,2,0.0,0,1,1,1,0,0,10,0,0.770702512319011,0,389.37,70.09,33200.6,21600.76,11140.38,0,0.14814814814814814,2,0,1,1
101902.13,112563.45000000001,-101902.13,0.028036877741994683,2939.43,INTEREST_CREDIT,,,,1,1,1,1,29,0.0,0,1,1,1,0,0,20,0,0.9719631222580054,0,1088.07,195.85,115502.88,104841.56,9377.4,1,0.23076923076923078,29,0,0,0
25166.129999999997,118742.29000000001,-25166.129999999997,0.5960695714645476,37137.0,RENT,39556.810000000005,4.0,0.07692307692307693,2,1,1,1,4,0.0,0,1,1,1,0,1,5,0,0.40393042853545236,0,185.53,33.4,155879.29,62303.13,93357.23,0,0.23076923076923078,4,0,0,1
64722.94,85448.18,-64722.94,0.3645888658485367,37137.0,RENT,39556.810000000005,4.0,0.07692307692307693,2,2,2,2,8,0.0,0,0,0,0,0,0,9,0,0.6354111341514633,0,741.96,133.56,122585.18,101859.94,19849.72,0,0.15384615384615385,8,0,0,0
9537.68,9818.45,-9537.68,0.5914759614643281,13809.0,UTILITIES,,,,1,1,1,1,1,0.0,0,1,1,1,0,0,11,0,0.4085240385356719,0,237.93,42.84,23627.45,23346.68,0.0,0,0.15384615384615385,1,1,1,1
5580.960000000006,45340.48999999999,-5580.960000000006,0.9480899262668901,101931.12,SUPPLIER_PAYMENT,26465.89,0.0,0.07692307692307693,4,1,4,1,17,0.0,0,1,0,1,0,1,5,0,0.051910073733109866,0,2073.66,373.27,147271.61,107512.08,37312.6,0,0.38461538461538464,17,0,0,0
32046.850000000006,212167.94,-32046.850000000006,0.760805078625986,101931.12,SUPPLIER_PAYMENT,26465.89,0.0,0.07692307692307693,4,2,1,3,1,0.0,0,0,1,0,0,1,7,0,0.239194921374014,0,2568.15,462.26,314099.06,133977.97,177090.68,0,0.23076923076923078,1,1,1,1
55903.57000000001,57823.649999999994,-55903.57000000001,0.6458093591465855,101931.12,SUPPLIER_PAYMENT,26465.89,0.0,0.07692307692307693,4,3,2,4,1,0.0,0,0,0,0,0,1,5,0,0.35419064085341445,0,1627.18,292.9,159754.77,157834.69,0.0,0,0.15384615384615385,1,1,1,1
70038.7,69573.51,70038.7,3.196092363012904,101931.12,SUPPLIER_PAYMENT,26465.89,0.0,0.07692307692307693,4,4,3,2,1,0.0,0,0,0,0,0,0,5,0,2.196092363012904,0,394.22,70.97,32357.61,31892.42,0.0,0,0.3076923076923077,1,1,1,1
17917.02,16601.09,17917.02,2.670431979175796,28643.0,OTHER_TRANSFER,,,,1,1,1,1,13,0.0,0,1,1,1,0,0,6,0,1.6704319791757958,0,92.74,16.7,12041.91,10725.98,1206.49,0,0.15384615384615385,15,0,0,0
4460.670000000013,12882.079999999987,4460.670000000013,1.0312341664460998,147274.47,SALARY,6099.549999999988,0.0,0.07407407407407407,6,1,5,2,22,0.0,0,1,0,0,0,1,5,0,0.03123416644609984,0,1680.94,302.57,160156.55,142813.8,15359.24,0,0.2222222222222222,22,0,0,0
10560.220000000001,12480.299999999988,-10560.220000000001,0.9330931622192814,147274.47,SALARY,6099.549999999988,0.0,0.07407407407407407,6,2,4,4,7,0.0,0,0,0,0,0,1,5,0,0.06690683778071856,0,1627.18,292.9,159754.77,157834.69,0.0,0,0.14814814814814814,7,0,0,1
48892.79999999999,50570.109999999986,-48892.79999999999,0.7507596450722896,147274.47,SALARY,6099.549999999988,0.0,0.07407407407407407,6,4,2,3,0,0.0,0,0,0,0,0,1,4,0,0.24924035492771038,1,1421.45,255.86,197844.58,196167.27,0.0,0,0.2222222222222222,0,1,1,1
124133.30000000002,144373.27,-124133.30000000002,0.5426317382144218,147274.47,SALARY,6099.549999999988,0.0,0.07407407407407407,6,6,1,5,0,0.0,0,0,1,0,0,1,8,0,0.45736826178557827,1,2934.81,528.27,291647.74,271407.77,16776.89,0,0.14814814814814814,0,1,1,1
13296.5,166824.59,13296.5,1.0992439279383022,147274.47,SALARY,6099.549999999988,0.0,0.07407407407407407,6,3,3,1,5,0.0,0,0,0,1,0,1,7,0,0.0992439279383021,0,2568.15,462.26,314099.06,133977.97,177090.68,0,0.2962962962962963,5,0,0,1
61946.380000000005,64203.70999999999,-61946.380000000005,0.703918705998948,147274.47,SALARY,6099.549999999988,0.0,0.07407407407407407,6,5,6,6,24,0.0,0,0,0,0,0,0,6,0,0.296081294001052,0,1912.99,344.34,211478.18,209220.85,0.0,0,0.14814814814814814,24,0,0,0
5022.02,3706.09,5022.02,1.468210830152583,15748.0,UTILITIES,,,,1,1,1,1,21,0.0,0,1,1,1,0,0,6,0,0.46821083015258286,0,92.74,16.7,12041.91,10725.98,1206.49,0,0.07692307692307693,21,0,0,0
11613.919999999998,28145.609999999986,11613.919999999998,1.108024326196647,119126.0,SUPPLIER_PAYMENT,3238.050000000003,0.0,0.0,6,1,4,1,6,0.0,0,1,0,1,0,1,5,0,0.10802432619664691,0,2073.66,373.27,147271.61,107512.08,37312.6,0,0.24,6,0,0,1
14851.970000000001,194973.06,-14851.970000000001,0.8891461782858779,119126.0,SUPPLIER_PAYMENT,3238.050000000003,0.0,0.0,6,2,5,3,12,0.0,0,0,0,0,0,1,7,0,0.11085382171412211,0,2568.15,462.26,314099.06,133977.97,177090.68,0,0.24,12,0,0,0
40695.76999999999,42584.390000000014,-40695.76999999999,0.7453677931360666,119126.0,SUPPLIER_PAYMENT,3238.050000000003,0.0,0.0,6,4,2,2,1,0.0,0,0,0,0,0,1,6,0,0.25463220686393345,0,1600.52,288.1,161710.39,159821.77,0.0,0,0.24,1,1,1,1
96826.37,100156.94,-96826.37,0.5516308989801779,119126.0,SUPPLIER_PAYMENT,3238.050000000003,0.0,0.0,6,5,1,6,1,0.0,0,0,1,0,0,1,8,0,0.4483691010198221,0,2822.52,508.05,219282.94,215952.37,0.0,0,0.08,1,1,1,1
23687.79999999999,41030.54999999999,-23687.79999999999,0.8341350765822351,119126.0,SUPPLIER_PAYMENT,3238.050000000003,0.0,0.0,6,3,3,4,5,0.0,0,0,0,0,0,1,5,0,0.16586492341776488,0,1680.94,302.57,160156.55,142813.8,15359.24,0,0.16,5,0,0,1
297026.88,299447.49,-297026.88,0.2862553780716356,119126.0,SUPPLIER_PAYMENT,3238.050000000003,0.0,0.0,6,6,6,5,15,0.0,0,0,0,0,0,0,7,0,0.7137446219283644,0,2051.36,369.25,418573.49,416152.88,0.0,0,0.16,15,0,0,0
32321.7,32462.06,-32321.7,0.016603975424911533,545.73,INTEREST_CREDIT,,,,1,1,1,1,21,0.0,0,1,1,1,0,0,10,0,0.9833960245750885,0,118.95,21.41,33007.79,32867.43,0.0,1,0.14814814814814814,21,0,0,0
1664.4599999999919,126391.04000000001,-1664.4599999999919,0.9914519621338244,193053.91,SUPPLIER_PAYMENT,1448.8999999999942,1.0,0.0,6,1,6,4,24,0.0,0,1,0,0,0,1,7,0,0.008548037866175605,0,3156.24,568.12,319444.95,194718.37,121002.22,0,0.23076923076923078,24,0,0,0
3113.359999999986,4790.669999999984,-3113.359999999986,0.9841290547602565,193053.91,SUPPLIER_PAYMENT,1448.8999999999942,1.0,0.0,6,2,5,6,6,0.0,0,0,0,0,0,1,4,0,0.015870945239743542,0,1421.45,255.86,197844.58,196167.27,0.0,0,0.15384615384615385,6,0,0,1
97803.92000000001,131084.9,-97803.92000000001,0.6637397727955269,193053.91,SUPPLIER_PAYMENT,1448.8999999999942,1.0,0.0,6,5,1,2,0,0.0,0,0,1,0,0,1,8,0,0.33626022720447307,1,4074.43,733.39,324138.81,290857.83,28473.16,0,0.3076923076923077,0,1,1,1
35219.22,33299.140000000014,35219.22,1.2231399193675359,193053.91,SUPPLIER_PAYMENT,1448.8999999999942,1.0,0.0,6,4,2,1,1,0.0,0,0,0,1,0,1,5,0,0.22313991936753574,0,1627.18,292.9,159754.77,157834.69,0.0,0,0.3076923076923077,1,1,1,1
11219.649999999994,71129.62000000002,-11219.649999999994,0.9450753685401087,193053.91,SUPPLIER_PAYMENT,1448.8999999999942,1.0,0.0,6,3,4,5,2,0.0,0,0,0,0,0,1,6,0,0.05492463145989131,0,977.87,176.01,264183.53,204273.56,58756.09,0,0.23076923076923078,2,0,1,1
142622.22,141176.44,142622.22,3.828027773806509,193053.91,SUPPLIER_PAYMENT,1448.8999999999942,1.0,0.0,6,6,3,3,1,0.0,0,0,0,0,0,0,11,0,2.828027773806509,0,32.75,5.9,51877.47,50431.69,1407.13,0,0.3076923076923077,1,1,1,1
2874.679999999993,40874.23000000004,2874.679999999993,1.0070948068204701,408055.55,SUPPLIER_PAYMENT,7302.920000000042,0.0,0.07999999999999999,5,1,3,4,6,0.0,0,1,0,0,0,1,12,0,0.007094806820470061,0,4299.75,773.95,448929.78,405180.87,38675.21,0,0.08,6,0,0,1
10177.600000000035,19875.21000000002,-10177.600000000035,0.975665247960378,408055.55,SUPPLIER_PAYMENT,7302.920000000042,0.0,0.07999999999999999,5,2,4,1,7,0.0,0,0,0,1,0,1,12,0,0.024334752039622,0,4072.51,733.06,427930.76,418233.15,4892.04,0,0.24,7,0,0,1
55279.34999999998,50363.159999999974,55279.34999999998,1.1566980709016084,408055.55,SUPPLIER_PAYMENT,7302.920000000042,0.0,0.07999999999999999,5,3,1,2,1,0.0,0,0,1,0,0,1,7,0,0.15669807090160837,0,4166.27,749.92,357692.39,352776.2,0.0,0,0.16,1,1,1,1
109715.01000000001,130318.81,-109715.01000000001,0.7881011040874939,408055.55,SUPPLIER_PAYMENT,7302.920000000042,0.0,0.07999999999999999,5,4,2,3,1,0.0,0,0,0,0,0,1,15,0,0.21189889591250613,0,7821.94,1407.97,538374.36,517770.56,11373.89,0,0.16,1,1,1,1
574638.56,583846.3800000001,-574638.56,0.4152416767818014,408055.55,SUPPLIER_PAYMENT,7302.920000000042,0.0,0.07999999999999999,5,5,5,5,8,0.0,0,0,0,0,0,0,15,0,0.5847583232181987,0,7803.23,1404.59,991901.93,982694.11,0.0,0,0.08,8,0,0,0
209386.03,224633.09,-209386.03,0.007856180532564698,1658.0,INTEREST_CREDIT,,,,1,1,1,1,14,0.0,0,1,1,1,0,0,12,0,0.9921438194674354,0,1856.58,334.19,226291.09,211044.03,13056.29,1,0.14814814814814814,14,0,0,0
